FileName,varDateTime,configData_dnPrefix,SubNetwork_id,SubNetwork_2_id,MeContext_id,ManagedElement_id,locationName,userDefinedState,vendorName,userLabel,managedElementType,swVersion,managedBy
cm_exp_20180419_145031.xml,2018-04-19T15:13:56Z,Undefined,ONRM_RootMo_R,eNODEb,0003ML,1,,,Ericsson,0003ML,ERBS,CXP102051/25_R24FG,"SubNetwork=ONRM_RootMo_R,ManagementNode=ONRM"
cm_exp_20180419_145108.xml,2018-04-19T15:13:56Z,Undefined,ONRM_RootMo_R,eNODEb,0009ML,1,,,Ericsson,0009ML,ERBS,CXP102051/25_R24FG,"SubNetwork=ONRM_RootMo_R,ManagementNode=ONRM"
cm_exp_20180419_145140.xml,2018-04-19T15:13:56Z,Undefined,ONRM_RootMo_R,eNODEb,0013ML,1,,,Ericsson,0013ML,ERBS,CXP102051/25_R24FG,"SubNetwork=ONRM_RootMo_R,ManagementNode=ONRM"
cm_exp_20180419_145205.xml,2018-04-19T15:13:56Z,Undefined,ONRM_RootMo_R,eNODEb,0017ML,1,,,Ericsson,0017ML,ERBS,CXP102051/25_R24FG,"SubNetwork=ONRM_RootMo_R,ManagementNode=ONRM"
cm_exp_20180419_145236.xml,2018-04-19T15:13:56Z,Undefined,ONRM_RootMo_R,eNODEb,0021ML,1,,,Ericsson,0021ML,ERBS,CXP102051/25_R24FG,"SubNetwork=ONRM_RootMo_R,ManagementNode=ONRM"
cm_exp_20180419_145547.xml,2018-04-19T15:13:56Z,Undefined,ONRM_RootMo_R,eNODEb,0024ML,1,,,Ericsson,0024ML,ERBS,CXP102051/25_R24FG,"SubNetwork=ONRM_RootMo_R,ManagementNode=ONRM"
cm_exp_20180419_145624.xml,2018-04-19T15:13:56Z,Undefined,ONRM_RootMo_R,eNODEb,0074ML,1,,,Ericsson,0074ML,ERBS,CXP102051/25_R24FG,"SubNetwork=ONRM_RootMo_R,ManagementNode=ONRM"
cm_exp_20180419_145649.xml,2018-04-19T15:13:56Z,Undefined,ONRM_RootMo_R,eNODEb,0082ML,1,,,Ericsson,0082ML,ERBS,CXP102051/25_R24FG,"SubNetwork=ONRM_RootMo_R,ManagementNode=ONRM"
cm_exp_20180419_145711.xml,2018-04-19T15:13:56Z,Undefined,ONRM_RootMo_R,eNODEb,0091ML,1,,,Ericsson,0091ML,ERBS,CXP102051/23_R34BG,"SubNetwork=ONRM_RootMo_R,ManagementNode=ONRM"
cm_exp_20180419_145733.xml,2018-04-19T15:13:56Z,Undefined,ONRM_RootMo_R,eNODEb,0099ML,1,,,Ericsson,0099ML,ERBS,CXP102051/25_R24FG,"SubNetwork=ONRM_RootMo_R,ManagementNode=ONRM"
cm_exp_20180419_145810.xml,2018-04-19T15:13:56Z,Undefined,ONRM_RootMo_R,eNODEb,0106ML,1,,,Ericsson,0106ML,ERBS,CXP102051/25_R24FG,"SubNetwork=ONRM_RootMo_R,ManagementNode=ONRM"
cm_exp_20180419_145835.xml,2018-04-19T15:13:56Z,Undefined,ONRM_RootMo_R,eNODEb,0119ML,1,,,Ericsson,0119ML,ERBS,CXP102051/25_R24FG,"SubNetwork=ONRM_RootMo_R,ManagementNode=ONRM"
cm_exp_20180419_145940.xml,2018-04-19T15:13:56Z,Undefined,ONRM_RootMo_R,eNODEb,0138ML,1,,,Ericsson,0138ML,ERBS,CXP102051/25_R24FG,"SubNetwork=ONRM_RootMo_R,ManagementNode=ONRM"
cm_exp_20180419_150007.xml,2018-04-19T15:13:56Z,Undefined,ONRM_RootMo_R,eNODEb,0150ML,1,,,Ericsson,0150ML,ERBS,CXP102051/25_R24FG,"SubNetwork=ONRM_RootMo_R,ManagementNode=ONRM"
cm_exp_20180419_150024.xml,2018-04-19T15:13:56Z,Undefined,ONRM_RootMo_R,eNODEb,0154ML,1,,,Ericsson,0154ML,ERBS,CXP102051/25_R24FG,"SubNetwork=ONRM_RootMo_R,ManagementNode=ONRM"
cm_exp_20180419_150054.xml,2018-04-19T15:13:56Z,Undefined,ONRM_RootMo_R,eNODEb,0196ML,1,,,Ericsson,0196ML,ERBS,CXP102051/25_R24FG,"SubNetwork=ONRM_RootMo_R,ManagementNode=ONRM"
cm_exp_20180419_150110.xml,2018-04-19T15:13:56Z,Undefined,ONRM_RootMo_R,eNODEb,0198ML,1,,,Ericsson,0198ML,ERBS,CXP102051/25_R24FG,"SubNetwork=ONRM_RootMo_R,ManagementNode=ONRM"
cm_exp_20180419_150127.xml,2018-04-19T15:13:56Z,Undefined,ONRM_RootMo_R,eNODEb,0204ML,1,,,Ericsson,0204ML,ERBS,CXP102051/25_R24FG,"SubNetwork=ONRM_RootMo_R,ManagementNode=ONRM"
cm_exp_20180419_150146.xml,2018-04-19T15:13:56Z,Undefined,ONRM_RootMo_R,eNODEb,0205ML,1,,,Ericsson,0205ML,ERBS,CXP102051/25_R24FG,"SubNetwork=ONRM_RootMo_R,ManagementNode=ONRM"
cm_exp_20180419_150215.xml,2018-04-19T15:13:56Z,Undefined,ONRM_RootMo_R,eNODEb,0225ML,1,,,Ericsson,0225ML,ERBS,CXP102051/25_R24FG,"SubNetwork=ONRM_RootMo_R,ManagementNode=ONRM"
cm_exp_20180419_150249.xml,2018-04-19T15:13:56Z,Undefined,ONRM_RootMo_R,eNODEb,0230ML,1,,,Ericsson,0230ML,ERBS,CXP102051/25_R24FG,"SubNetwork=ONRM_RootMo_R,ManagementNode=ONRM"
cm_exp_20180419_150408.xml,2018-04-19T15:13:56Z,Undefined,ONRM_RootMo_R,eNODEb,0230ML,1,,,Ericsson,0230ML,ERBS,CXP102051/25_R24FG,"SubNetwork=ONRM_RootMo_R,ManagementNode=ONRM"
cm_exp_20180419_150451.xml,2018-04-19T15:13:56Z,Undefined,ONRM_RootMo_R,eNODEb,0243ML,1,,,Ericsson,0243ML,ERBS,CXP102051/25_R24FG,"SubNetwork=ONRM_RootMo_R,ManagementNode=ONRM"
cm_exp_20180419_150511.xml,2018-04-19T15:13:56Z,Undefined,ONRM_RootMo_R,eNODEb,0250ML,1,,,Ericsson,0250ML,ERBS,CXP102051/25_R24FG,"SubNetwork=ONRM_RootMo_R,ManagementNode=ONRM"
cm_exp_20180419_150529.xml,2018-04-19T15:13:56Z,Undefined,ONRM_RootMo_R,eNODEb,0255ML,1,,,Ericsson,0255ML,ERBS,CXP102051/25_R24FG,"SubNetwork=ONRM_RootMo_R,ManagementNode=ONRM"
cm_exp_20180419_150554.xml,2018-04-19T15:13:56Z,Undefined,ONRM_RootMo_R,eNODEb,0270ML,1,,,Ericsson,0270ML,ERBS,CXP102051/25_R24FG,"SubNetwork=ONRM_RootMo_R,ManagementNode=ONRM"
cm_exp_20180419_150618.xml,2018-04-19T15:13:56Z,Undefined,ONRM_RootMo_R,eNODEb,0304ML,1,,,Ericsson,0304ML,ERBS,CXP102051/25_R24FG,"SubNetwork=ONRM_RootMo_R,ManagementNode=ONRM"
cm_exp_20180419_150643.xml,2018-04-19T15:13:56Z,Undefined,ONRM_RootMo_R,eNODEb,0312ML,1,,,Ericsson,0312ML,ERBS,CXP102051/25_R24FG,"SubNetwork=ONRM_RootMo_R,ManagementNode=ONRM"
cm_exp_20180419_150750.xml,2018-04-19T15:13:56Z,Undefined,ONRM_RootMo_R,eNODEb,0370ML,1,,,Ericsson,0370ML,ERBS,CXP102051/25_R24FG,"SubNetwork=ONRM_RootMo_R,ManagementNode=ONRM"
cm_exp_20180419_150814.xml,2018-04-19T15:13:56Z,Undefined,ONRM_RootMo_R,eNODEb,0378ML,1,,,Ericsson,0378ML,ERBS,CXP102051/25_R24FG,"SubNetwork=ONRM_RootMo_R,ManagementNode=ONRM"
cm_exp_20180419_150846.xml,2018-04-19T15:13:56Z,Undefined,ONRM_RootMo_R,eNODEb,0380ML,1,,,Ericsson,0380ML,ERBS,CXP102051/25_R24FG,"SubNetwork=ONRM_RootMo_R,ManagementNode=ONRM"
cm_exp_20180419_150917.xml,2018-04-19T15:13:56Z,Undefined,ONRM_RootMo_R,eNODEb,0430ML,1,,,Ericsson,0430ML,ERBS,CXP102051/25_R24FG,"SubNetwork=ONRM_RootMo_R,ManagementNode=ONRM"
cm_exp_20180419_150943.xml,2018-04-19T15:13:56Z,Undefined,ONRM_RootMo_R,eNODEb,0445ML,1,,,Ericsson,0445ML,ERBS,CXP102051/25_R24FG,"SubNetwork=ONRM_RootMo_R,ManagementNode=ONRM"
cm_exp_20180419_151002.xml,2018-04-19T15:13:56Z,Undefined,ONRM_RootMo_R,eNODEb,0447ML,1,,,Ericsson,0447ML,ERBS,CXP102051/25_R24FG,"SubNetwork=ONRM_RootMo_R,ManagementNode=ONRM"
cm_exp_20180419_151042.xml,2018-04-19T15:13:56Z,Undefined,ONRM_RootMo_R,eNODEb,0468ML,1,,,Ericsson,0468ML,ERBS,CXP102051/25_R24FG,"SubNetwork=ONRM_RootMo_R,ManagementNode=ONRM"
cm_exp_20180419_151106.xml,2018-04-19T15:13:56Z,Undefined,ONRM_RootMo_R,eNODEb,0474ML,1,0474ML,,Ericsson,0474ML,ERBS,CXP102051/25_R24FG,"SubNetwork=ONRM_RootMo_R,ManagementNode=ONRM"
cm_exp_20180419_151217.xml,2018-04-19T15:13:56Z,Undefined,ONRM_RootMo_R,eNODEb,0573ML,1,,,Ericsson,0573ML,ERBS,CXP102051/25_R24FG,"SubNetwork=ONRM_RootMo_R,ManagementNode=ONRM"
cm_exp_20180419_151236.xml,2018-04-19T15:13:56Z,Undefined,ONRM_RootMo_R,eNODEb,0620ML,1,,,Ericsson,0620ML,ERBS,CXP102051/25_R24FG,"SubNetwork=ONRM_RootMo_R,ManagementNode=ONRM"
cm_exp_20180419_151301.xml,2018-04-19T15:13:56Z,Undefined,ONRM_RootMo_R,eNODEb,0876ML,1,,,Ericsson,0876ML,ERBS,CXP102051/25_R24FG,"SubNetwork=ONRM_RootMo_R,ManagementNode=ONRM"
cm_exp_20180419_151348.xml,2018-04-19T15:13:56Z,Undefined,ONRM_RootMo_R,eNODEb,0983ML,1,,,Ericsson,0983ML,ERBS,CXP102051/25_R24FG,"SubNetwork=ONRM_RootMo_R,ManagementNode=ONRM"
