FileName,varDateTime,configData_dnPrefix,SubNetwork_id
cm_exp_20180419_145031.xml,2018-04-19T15:13:56Z,Undefined,ONRM_RootMo_R
cm_exp_20180419_145108.xml,2018-04-19T15:13:56Z,Undefined,ONRM_RootMo_R
cm_exp_20180419_145140.xml,2018-04-19T15:13:56Z,Undefined,ONRM_RootMo_R
cm_exp_20180419_145205.xml,2018-04-19T15:13:56Z,Undefined,ONRM_RootMo_R
cm_exp_20180419_145236.xml,2018-04-19T15:13:56Z,Undefined,ONRM_RootMo_R
cm_exp_20180419_145547.xml,2018-04-19T15:13:56Z,Undefined,ONRM_RootMo_R
cm_exp_20180419_145624.xml,2018-04-19T15:13:56Z,Undefined,ONRM_RootMo_R
cm_exp_20180419_145649.xml,2018-04-19T15:13:56Z,Undefined,ONRM_RootMo_R
cm_exp_20180419_145711.xml,2018-04-19T15:13:56Z,Undefined,ONRM_RootMo_R
cm_exp_20180419_145733.xml,2018-04-19T15:13:56Z,Undefined,ONRM_RootMo_R
cm_exp_20180419_145810.xml,2018-04-19T15:13:56Z,Undefined,ONRM_RootMo_R
cm_exp_20180419_145835.xml,2018-04-19T15:13:56Z,Undefined,ONRM_RootMo_R
cm_exp_20180419_145940.xml,2018-04-19T15:13:56Z,Undefined,ONRM_RootMo_R
cm_exp_20180419_150007.xml,2018-04-19T15:13:56Z,Undefined,ONRM_RootMo_R
cm_exp_20180419_150024.xml,2018-04-19T15:13:56Z,Undefined,ONRM_RootMo_R
cm_exp_20180419_150054.xml,2018-04-19T15:13:56Z,Undefined,ONRM_RootMo_R
cm_exp_20180419_150110.xml,2018-04-19T15:13:56Z,Undefined,ONRM_RootMo_R
cm_exp_20180419_150127.xml,2018-04-19T15:13:56Z,Undefined,ONRM_RootMo_R
cm_exp_20180419_150146.xml,2018-04-19T15:13:56Z,Undefined,ONRM_RootMo_R
cm_exp_20180419_150215.xml,2018-04-19T15:13:56Z,Undefined,ONRM_RootMo_R
cm_exp_20180419_150249.xml,2018-04-19T15:13:56Z,Undefined,ONRM_RootMo_R
cm_exp_20180419_150408.xml,2018-04-19T15:13:56Z,Undefined,ONRM_RootMo_R
cm_exp_20180419_150451.xml,2018-04-19T15:13:56Z,Undefined,ONRM_RootMo_R
cm_exp_20180419_150511.xml,2018-04-19T15:13:56Z,Undefined,ONRM_RootMo_R
cm_exp_20180419_150529.xml,2018-04-19T15:13:56Z,Undefined,ONRM_RootMo_R
cm_exp_20180419_150554.xml,2018-04-19T15:13:56Z,Undefined,ONRM_RootMo_R
cm_exp_20180419_150618.xml,2018-04-19T15:13:56Z,Undefined,ONRM_RootMo_R
cm_exp_20180419_150643.xml,2018-04-19T15:13:56Z,Undefined,ONRM_RootMo_R
cm_exp_20180419_150750.xml,2018-04-19T15:13:56Z,Undefined,ONRM_RootMo_R
cm_exp_20180419_150814.xml,2018-04-19T15:13:56Z,Undefined,ONRM_RootMo_R
cm_exp_20180419_150846.xml,2018-04-19T15:13:56Z,Undefined,ONRM_RootMo_R
cm_exp_20180419_150917.xml,2018-04-19T15:13:56Z,Undefined,ONRM_RootMo_R
cm_exp_20180419_150943.xml,2018-04-19T15:13:56Z,Undefined,ONRM_RootMo_R
cm_exp_20180419_151002.xml,2018-04-19T15:13:56Z,Undefined,ONRM_RootMo_R
cm_exp_20180419_151042.xml,2018-04-19T15:13:56Z,Undefined,ONRM_RootMo_R
cm_exp_20180419_151106.xml,2018-04-19T15:13:56Z,Undefined,ONRM_RootMo_R
cm_exp_20180419_151217.xml,2018-04-19T15:13:56Z,Undefined,ONRM_RootMo_R
cm_exp_20180419_151236.xml,2018-04-19T15:13:56Z,Undefined,ONRM_RootMo_R
cm_exp_20180419_151301.xml,2018-04-19T15:13:56Z,Undefined,ONRM_RootMo_R
cm_exp_20180419_151348.xml,2018-04-19T15:13:56Z,Undefined,ONRM_RootMo_R
