FileName,varDateTime,configData_dnPrefix,SubNetwork_id,SubNetwork_2_id,MeContext_id,ManagedElement_id,vsDataEquipment_id,vsDataAuxPlugInUnit_id,vsDataRiPort_id,vsDataSubrack_id,vsDataSlot_id,vsDataPlugInUnit_id,vsDataRbsSubrack_id,vsDataRbsSlot_id,sfpData_manufacturerId,sfpData_productNumber,sfpData_productionDate,sfpData_serialNumber,sfpData_manufacturerDesignation,sfpData_productRevision,sfpData_negotiatedBitRate,sfpData_manufacturerRevision
cm_exp_20180419_145031.xml,2018-04-19T15:13:56Z,Undefined,ONRM_RootMo_R,eNODEb,0003ML,1,1,RRU-1,DATA_1,,,,,,OCLARO INC      ,RDH10247/2    ,141116  ,L14L74472       ,TRF5916AVLB643  ,,25,A1A 
cm_exp_20180419_145031.xml,2018-04-19T15:13:56Z,Undefined,ONRM_RootMo_R,eNODEb,0003ML,1,1,RRU-1,DATA_2,,,,,,,,,,,,,
cm_exp_20180419_145031.xml,2018-04-19T15:13:56Z,Undefined,ONRM_RootMo_R,eNODEb,0003ML,1,1,RRU-2,DATA_1,,,,,,OCLARO INC      ,RDH10247/2    ,141116  ,L14L74466       ,TRF5916AVLB643  ,,25,A1A 
cm_exp_20180419_145031.xml,2018-04-19T15:13:56Z,Undefined,ONRM_RootMo_R,eNODEb,0003ML,1,1,RRU-2,DATA_2,,,,,,,,,,,,,
cm_exp_20180419_145031.xml,2018-04-19T15:13:56Z,Undefined,ONRM_RootMo_R,eNODEb,0003ML,1,1,RRU-3,DATA_1,,,,,,OCLARO INC      ,RDH10247/2    ,141116  ,L14L74464       ,TRF5916AVLB643  ,,25,A1A 
cm_exp_20180419_145031.xml,2018-04-19T15:13:56Z,Undefined,ONRM_RootMo_R,eNODEb,0003ML,1,1,RRU-3,DATA_2,,,,,,,,,,,,,
cm_exp_20180419_145031.xml,2018-04-19T15:13:56Z,Undefined,ONRM_RootMo_R,eNODEb,0003ML,1,1,,A,1,1,1,,,SOURCEPHOTONICS ,RDH10247/2    ,141118  ,ECJ2000631      ,SPMRSR1IDFBEN   ,,25,10  
cm_exp_20180419_145031.xml,2018-04-19T15:13:56Z,Undefined,ONRM_RootMo_R,eNODEb,0003ML,1,1,,B,1,1,1,,,SOURCEPHOTONICS ,RDH10247/2    ,141113  ,ECE2012008      ,SPMRSR1IDFBEN   ,,25,10  
cm_exp_20180419_145031.xml,2018-04-19T15:13:56Z,Undefined,ONRM_RootMo_R,eNODEb,0003ML,1,1,,C,1,1,1,,,SOURCEPHOTONICS ,RDH10247/2    ,141118  ,ECJ2001218      ,SPMRSR1IDFBEN   ,,25,10  
cm_exp_20180419_145031.xml,2018-04-19T15:13:56Z,Undefined,ONRM_RootMo_R,eNODEb,0003ML,1,1,,D,1,1,1,,,,,,,,,,
cm_exp_20180419_145031.xml,2018-04-19T15:13:56Z,Undefined,ONRM_RootMo_R,eNODEb,0003ML,1,1,,E,1,1,1,,,,,,,,,,
cm_exp_20180419_145031.xml,2018-04-19T15:13:56Z,Undefined,ONRM_RootMo_R,eNODEb,0003ML,1,1,,F,1,1,1,,,,,,,,,,
cm_exp_20180419_145108.xml,2018-04-19T15:13:56Z,Undefined,ONRM_RootMo_R,eNODEb,0009ML,1,1,RU-1,DATA_1,,,,,,Electrical FCI  ,,,,,,0,
cm_exp_20180419_145108.xml,2018-04-19T15:13:56Z,Undefined,ONRM_RootMo_R,eNODEb,0009ML,1,1,RU-1,DATA_2,,,,,,,,,,,,,
cm_exp_20180419_145108.xml,2018-04-19T15:13:56Z,Undefined,ONRM_RootMo_R,eNODEb,0009ML,1,1,RU-2,DATA_1,,,,,,Electrical FCI  ,,,,,,0,
cm_exp_20180419_145108.xml,2018-04-19T15:13:56Z,Undefined,ONRM_RootMo_R,eNODEb,0009ML,1,1,RU-2,DATA_2,,,,,,,,,,,,,
cm_exp_20180419_145108.xml,2018-04-19T15:13:56Z,Undefined,ONRM_RootMo_R,eNODEb,0009ML,1,1,RU-3,DATA_1,,,,,,Electrical FCI  ,,,,,,0,
cm_exp_20180419_145108.xml,2018-04-19T15:13:56Z,Undefined,ONRM_RootMo_R,eNODEb,0009ML,1,1,RU-3,DATA_2,,,,,,,,,,,,,
cm_exp_20180419_145108.xml,2018-04-19T15:13:56Z,Undefined,ONRM_RootMo_R,eNODEb,0009ML,1,1,RU-4,DATA_1,,,,,,Electrical FCI  ,,,,,,0,
cm_exp_20180419_145108.xml,2018-04-19T15:13:56Z,Undefined,ONRM_RootMo_R,eNODEb,0009ML,1,1,RU-4,DATA_2,,,,,,,,,,,,,
cm_exp_20180419_145108.xml,2018-04-19T15:13:56Z,Undefined,ONRM_RootMo_R,eNODEb,0009ML,1,1,RU-5,DATA_1,,,,,,Electrical FCI  ,,,,,,0,
cm_exp_20180419_145108.xml,2018-04-19T15:13:56Z,Undefined,ONRM_RootMo_R,eNODEb,0009ML,1,1,RU-5,DATA_2,,,,,,,,,,,,,
cm_exp_20180419_145108.xml,2018-04-19T15:13:56Z,Undefined,ONRM_RootMo_R,eNODEb,0009ML,1,1,RU-6,DATA_1,,,,,,Electrical FCI  ,,,,,,0,
cm_exp_20180419_145108.xml,2018-04-19T15:13:56Z,Undefined,ONRM_RootMo_R,eNODEb,0009ML,1,1,RU-6,DATA_2,,,,,,,,,,,,,
cm_exp_20180419_145108.xml,2018-04-19T15:13:56Z,Undefined,ONRM_RootMo_R,eNODEb,0009ML,1,1,,A,1,1,1,,,Electrical      ,,,,,,0,
cm_exp_20180419_145108.xml,2018-04-19T15:13:56Z,Undefined,ONRM_RootMo_R,eNODEb,0009ML,1,1,,B,1,1,1,,,Electrical      ,,,,,,0,
cm_exp_20180419_145108.xml,2018-04-19T15:13:56Z,Undefined,ONRM_RootMo_R,eNODEb,0009ML,1,1,,C,1,1,1,,,Electrical      ,,,,,,0,
cm_exp_20180419_145108.xml,2018-04-19T15:13:56Z,Undefined,ONRM_RootMo_R,eNODEb,0009ML,1,1,,D,1,1,1,,,Electrical      ,,,,,,0,
cm_exp_20180419_145108.xml,2018-04-19T15:13:56Z,Undefined,ONRM_RootMo_R,eNODEb,0009ML,1,1,,E,1,1,1,,,Electrical      ,,,,,,0,
cm_exp_20180419_145108.xml,2018-04-19T15:13:56Z,Undefined,ONRM_RootMo_R,eNODEb,0009ML,1,1,,F,1,1,1,,,Electrical      ,,,,,,0,
cm_exp_20180419_145140.xml,2018-04-19T15:13:56Z,Undefined,ONRM_RootMo_R,eNODEb,0013ML,1,1,RU-1,DATA_1,,,,,,Electrical FCI  ,,,,,,0,
cm_exp_20180419_145140.xml,2018-04-19T15:13:56Z,Undefined,ONRM_RootMo_R,eNODEb,0013ML,1,1,RU-1,DATA_2,,,,,,,,,,,,,
cm_exp_20180419_145140.xml,2018-04-19T15:13:56Z,Undefined,ONRM_RootMo_R,eNODEb,0013ML,1,1,RU-2,DATA_1,,,,,,,Non-Ericsson,,,,Non-Ericsson,0,
cm_exp_20180419_145140.xml,2018-04-19T15:13:56Z,Undefined,ONRM_RootMo_R,eNODEb,0013ML,1,1,RU-2,DATA_2,,,,,,,,,,,,,
cm_exp_20180419_145140.xml,2018-04-19T15:13:56Z,Undefined,ONRM_RootMo_R,eNODEb,0013ML,1,1,RU-3,DATA_1,,,,,,Electrical FCI  ,,,,,,0,
cm_exp_20180419_145140.xml,2018-04-19T15:13:56Z,Undefined,ONRM_RootMo_R,eNODEb,0013ML,1,1,RU-3,DATA_2,,,,,,,,,,,,,
cm_exp_20180419_145140.xml,2018-04-19T15:13:56Z,Undefined,ONRM_RootMo_R,eNODEb,0013ML,1,1,RU-4,DATA_1,,,,,,,Non-Ericsson,,,,Non-Ericsson,0,
cm_exp_20180419_145140.xml,2018-04-19T15:13:56Z,Undefined,ONRM_RootMo_R,eNODEb,0013ML,1,1,RU-4,DATA_2,,,,,,,,,,,,,
cm_exp_20180419_145140.xml,2018-04-19T15:13:56Z,Undefined,ONRM_RootMo_R,eNODEb,0013ML,1,1,RU-5,DATA_1,,,,,,Electrical FCI  ,,,,,,0,
cm_exp_20180419_145140.xml,2018-04-19T15:13:56Z,Undefined,ONRM_RootMo_R,eNODEb,0013ML,1,1,RU-5,DATA_2,,,,,,,,,,,,,
cm_exp_20180419_145140.xml,2018-04-19T15:13:56Z,Undefined,ONRM_RootMo_R,eNODEb,0013ML,1,1,RU-6,DATA_1,,,,,,Electrical FCI  ,,,,,,0,
cm_exp_20180419_145140.xml,2018-04-19T15:13:56Z,Undefined,ONRM_RootMo_R,eNODEb,0013ML,1,1,RU-6,DATA_2,,,,,,,,,,,,,
cm_exp_20180419_145140.xml,2018-04-19T15:13:56Z,Undefined,ONRM_RootMo_R,eNODEb,0013ML,1,1,,A,1,1,1,,,Electrical      ,,,,,,0,
cm_exp_20180419_145140.xml,2018-04-19T15:13:56Z,Undefined,ONRM_RootMo_R,eNODEb,0013ML,1,1,,B,1,1,1,,,Electrical      ,,,,,,0,
cm_exp_20180419_145140.xml,2018-04-19T15:13:56Z,Undefined,ONRM_RootMo_R,eNODEb,0013ML,1,1,,C,1,1,1,,,Electrical      ,,,,,,0,
cm_exp_20180419_145140.xml,2018-04-19T15:13:56Z,Undefined,ONRM_RootMo_R,eNODEb,0013ML,1,1,,D,1,1,1,,,Electrical      ,,,,,,0,
cm_exp_20180419_145140.xml,2018-04-19T15:13:56Z,Undefined,ONRM_RootMo_R,eNODEb,0013ML,1,1,,E,1,1,1,,,Electrical      ,,,,,,0,
cm_exp_20180419_145140.xml,2018-04-19T15:13:56Z,Undefined,ONRM_RootMo_R,eNODEb,0013ML,1,1,,F,1,1,1,,,Electrical      ,,,,,,0,
cm_exp_20180419_145205.xml,2018-04-19T15:13:56Z,Undefined,ONRM_RootMo_R,eNODEb,0017ML,1,1,RRU-1,DATA_1,,,,,,SOURCEPHOTONICS ,RDH10247/2    ,141117  ,ECI2006851      ,SPMRSR1IDFBEN   ,,25,10  
cm_exp_20180419_145205.xml,2018-04-19T15:13:56Z,Undefined,ONRM_RootMo_R,eNODEb,0017ML,1,1,RRU-1,DATA_2,,,,,,,,,,,,,
cm_exp_20180419_145205.xml,2018-04-19T15:13:56Z,Undefined,ONRM_RootMo_R,eNODEb,0017ML,1,1,RRU-2,DATA_1,,,,,,DELTA           ,RDH10247/2    ,15072301,153006109486    ,LCP-2488B4HDRM-E,R2A  ,13,A   
cm_exp_20180419_145205.xml,2018-04-19T15:13:56Z,Undefined,ONRM_RootMo_R,eNODEb,0017ML,1,1,RRU-2,DATA_2,,,,,,,,,,,,,
cm_exp_20180419_145205.xml,2018-04-19T15:13:56Z,Undefined,ONRM_RootMo_R,eNODEb,0017ML,1,1,RRU-3,DATA_1,,,,,,SOURCEPHOTONICS ,RDH10247/2    ,141118  ,ECJ2000630      ,SPMRSR1IDFBEN   ,,25,10  
cm_exp_20180419_145205.xml,2018-04-19T15:13:56Z,Undefined,ONRM_RootMo_R,eNODEb,0017ML,1,1,RRU-3,DATA_2,,,,,,,,,,,,,
cm_exp_20180419_145205.xml,2018-04-19T15:13:56Z,Undefined,ONRM_RootMo_R,eNODEb,0017ML,1,1,,A,1,1,1,,,DELTA           ,RDH10247/2    ,15072201,153006106756    ,LCP-2488B4HDRM-E,R2A  ,13,A   
cm_exp_20180419_145205.xml,2018-04-19T15:13:56Z,Undefined,ONRM_RootMo_R,eNODEb,0017ML,1,1,,B,1,1,1,,,DELTA           ,RDH10247/2    ,15072201,153006106679    ,LCP-2488B4HDRM-E,R2A  ,13,A   
cm_exp_20180419_145205.xml,2018-04-19T15:13:56Z,Undefined,ONRM_RootMo_R,eNODEb,0017ML,1,1,,C,1,1,1,,,DELTA           ,RDH10247/2    ,15072301,153006109540    ,LCP-2488B4HDRM-E,R2A  ,13,A   
cm_exp_20180419_145205.xml,2018-04-19T15:13:56Z,Undefined,ONRM_RootMo_R,eNODEb,0017ML,1,1,,D,1,1,1,,,,,,,,,,
cm_exp_20180419_145205.xml,2018-04-19T15:13:56Z,Undefined,ONRM_RootMo_R,eNODEb,0017ML,1,1,,E,1,1,1,,,,,,,,,,
cm_exp_20180419_145205.xml,2018-04-19T15:13:56Z,Undefined,ONRM_RootMo_R,eNODEb,0017ML,1,1,,F,1,1,1,,,,,,,,,,
cm_exp_20180419_145236.xml,2018-04-19T15:13:56Z,Undefined,ONRM_RootMo_R,eNODEb,0021ML,1,1,RRU-1,DATA_1,,,,,,SOURCEPHOTONICS ,RDH10247/2    ,141118  ,ECJ2000932      ,SPMRSR1IDFBEN   ,,25,10  
cm_exp_20180419_145236.xml,2018-04-19T15:13:56Z,Undefined,ONRM_RootMo_R,eNODEb,0021ML,1,1,RRU-1,DATA_2,,,,,,,,,,,,,
cm_exp_20180419_145236.xml,2018-04-19T15:13:56Z,Undefined,ONRM_RootMo_R,eNODEb,0021ML,1,1,RRU-2,DATA_1,,,,,,SOURCEPHOTONICS ,RDH10247/2    ,141118  ,ECJ2000968      ,SPMRSR1IDFBEN   ,,25,10  
cm_exp_20180419_145236.xml,2018-04-19T15:13:56Z,Undefined,ONRM_RootMo_R,eNODEb,0021ML,1,1,RRU-2,DATA_2,,,,,,,,,,,,,
cm_exp_20180419_145236.xml,2018-04-19T15:13:56Z,Undefined,ONRM_RootMo_R,eNODEb,0021ML,1,1,RRU-3,DATA_1,,,,,,SOURCEPHOTONICS ,RDH10247/2    ,141117  ,ECI2006925      ,SPMRSR1IDFBEN   ,,25,10  
cm_exp_20180419_145236.xml,2018-04-19T15:13:56Z,Undefined,ONRM_RootMo_R,eNODEb,0021ML,1,1,RRU-3,DATA_2,,,,,,,,,,,,,
cm_exp_20180419_145236.xml,2018-04-19T15:13:56Z,Undefined,ONRM_RootMo_R,eNODEb,0021ML,1,1,,A,1,1,1,,,DELTA           ,RDH10247/2    ,15072101,153006103072    ,LCP-2488B4HDRM-E,R2A  ,13,A   
cm_exp_20180419_145236.xml,2018-04-19T15:13:56Z,Undefined,ONRM_RootMo_R,eNODEb,0021ML,1,1,,B,1,1,1,,,DELTA           ,RDH10247/2    ,15072101,153006103071    ,LCP-2488B4HDRM-E,R2A  ,13,A   
cm_exp_20180419_145236.xml,2018-04-19T15:13:56Z,Undefined,ONRM_RootMo_R,eNODEb,0021ML,1,1,,C,1,1,1,,,DELTA           ,RDH10247/2    ,15072101,153006103070    ,LCP-2488B4HDRM-E,R2A  ,13,A   
cm_exp_20180419_145236.xml,2018-04-19T15:13:56Z,Undefined,ONRM_RootMo_R,eNODEb,0021ML,1,1,,D,1,1,1,,,,,,,,,,
cm_exp_20180419_145236.xml,2018-04-19T15:13:56Z,Undefined,ONRM_RootMo_R,eNODEb,0021ML,1,1,,E,1,1,1,,,,,,,,,,
cm_exp_20180419_145236.xml,2018-04-19T15:13:56Z,Undefined,ONRM_RootMo_R,eNODEb,0021ML,1,1,,F,1,1,1,,,,,,,,,,
cm_exp_20180419_145547.xml,2018-04-19T15:13:56Z,Undefined,ONRM_RootMo_R,eNODEb,0024ML,1,1,RU-1,DATA_1,,,,,,Electrical FCI  ,,,,,,0,
cm_exp_20180419_145547.xml,2018-04-19T15:13:56Z,Undefined,ONRM_RootMo_R,eNODEb,0024ML,1,1,RU-1,DATA_2,,,,,,,,,,,,,
cm_exp_20180419_145547.xml,2018-04-19T15:13:56Z,Undefined,ONRM_RootMo_R,eNODEb,0024ML,1,1,RU-2,DATA_1,,,,,,Electrical FCI  ,,,,,,0,
cm_exp_20180419_145547.xml,2018-04-19T15:13:56Z,Undefined,ONRM_RootMo_R,eNODEb,0024ML,1,1,RU-2,DATA_2,,,,,,,,,,,,,
cm_exp_20180419_145547.xml,2018-04-19T15:13:56Z,Undefined,ONRM_RootMo_R,eNODEb,0024ML,1,1,RU-3,DATA_1,,,,,,Electrical FCI  ,,,,,,0,
cm_exp_20180419_145547.xml,2018-04-19T15:13:56Z,Undefined,ONRM_RootMo_R,eNODEb,0024ML,1,1,RU-3,DATA_2,,,,,,,,,,,,,
cm_exp_20180419_145547.xml,2018-04-19T15:13:56Z,Undefined,ONRM_RootMo_R,eNODEb,0024ML,1,1,RU-4,DATA_1,,,,,,Electrical FCI  ,,,,,,0,
cm_exp_20180419_145547.xml,2018-04-19T15:13:56Z,Undefined,ONRM_RootMo_R,eNODEb,0024ML,1,1,RU-4,DATA_2,,,,,,,,,,,,,
cm_exp_20180419_145547.xml,2018-04-19T15:13:56Z,Undefined,ONRM_RootMo_R,eNODEb,0024ML,1,1,RU-5,DATA_1,,,,,,Electrical FCI  ,,,,,,0,
cm_exp_20180419_145547.xml,2018-04-19T15:13:56Z,Undefined,ONRM_RootMo_R,eNODEb,0024ML,1,1,RU-5,DATA_2,,,,,,,,,,,,,
cm_exp_20180419_145547.xml,2018-04-19T15:13:56Z,Undefined,ONRM_RootMo_R,eNODEb,0024ML,1,1,RU-6,DATA_1,,,,,,Electrical FCI  ,,,,,,0,
cm_exp_20180419_145547.xml,2018-04-19T15:13:56Z,Undefined,ONRM_RootMo_R,eNODEb,0024ML,1,1,RU-6,DATA_2,,,,,,,,,,,,,
cm_exp_20180419_145547.xml,2018-04-19T15:13:56Z,Undefined,ONRM_RootMo_R,eNODEb,0024ML,1,1,,A,1,1,1,,,Electrical      ,,,,,,0,
cm_exp_20180419_145547.xml,2018-04-19T15:13:56Z,Undefined,ONRM_RootMo_R,eNODEb,0024ML,1,1,,B,1,1,1,,,Electrical      ,,,,,,0,
cm_exp_20180419_145547.xml,2018-04-19T15:13:56Z,Undefined,ONRM_RootMo_R,eNODEb,0024ML,1,1,,C,1,1,1,,,Electrical      ,,,,,,0,
cm_exp_20180419_145547.xml,2018-04-19T15:13:56Z,Undefined,ONRM_RootMo_R,eNODEb,0024ML,1,1,,D,1,1,1,,,Electrical      ,,,,,,0,
cm_exp_20180419_145547.xml,2018-04-19T15:13:56Z,Undefined,ONRM_RootMo_R,eNODEb,0024ML,1,1,,E,1,1,1,,,Electrical      ,,,,,,0,
cm_exp_20180419_145547.xml,2018-04-19T15:13:56Z,Undefined,ONRM_RootMo_R,eNODEb,0024ML,1,1,,F,1,1,1,,,Electrical      ,,,,,,0,
cm_exp_20180419_145624.xml,2018-04-19T15:13:56Z,Undefined,ONRM_RootMo_R,eNODEb,0074ML,1,1,RRU-1,DATA_1,,,,,,SOURCEPHOTONICS ,RDH10247/2    ,141112  ,ECD2010488      ,SPMRSR1IDFBEN   ,,25,10  
cm_exp_20180419_145624.xml,2018-04-19T15:13:56Z,Undefined,ONRM_RootMo_R,eNODEb,0074ML,1,1,RRU-1,DATA_2,,,,,,,,,,,,,
cm_exp_20180419_145624.xml,2018-04-19T15:13:56Z,Undefined,ONRM_RootMo_R,eNODEb,0074ML,1,1,RRU-2,DATA_1,,,,,,SOURCEPHOTONICS ,RDH10247/2    ,141112  ,ECD2010614      ,SPMRSR1IDFBEN   ,,25,10  
cm_exp_20180419_145624.xml,2018-04-19T15:13:56Z,Undefined,ONRM_RootMo_R,eNODEb,0074ML,1,1,RRU-2,DATA_2,,,,,,,,,,,,,
cm_exp_20180419_145624.xml,2018-04-19T15:13:56Z,Undefined,ONRM_RootMo_R,eNODEb,0074ML,1,1,RRU-3,DATA_1,,,,,,SOURCEPHOTONICS ,RDH10247/2    ,141113  ,ECE2012277      ,SPMRSR1IDFBEN   ,,25,10  
cm_exp_20180419_145624.xml,2018-04-19T15:13:56Z,Undefined,ONRM_RootMo_R,eNODEb,0074ML,1,1,RRU-3,DATA_2,,,,,,,,,,,,,
cm_exp_20180419_145624.xml,2018-04-19T15:13:56Z,Undefined,ONRM_RootMo_R,eNODEb,0074ML,1,1,,A,1,1,1,,,DELTA           ,RDH10247/2    ,15072201,153006106877    ,LCP-2488B4HDRM-E,R2A  ,13,A   
cm_exp_20180419_145624.xml,2018-04-19T15:13:56Z,Undefined,ONRM_RootMo_R,eNODEb,0074ML,1,1,,B,1,1,1,,,DELTA           ,RDH10247/2    ,15072201,153006108720    ,LCP-2488B4HDRM-E,R2A  ,13,A   
cm_exp_20180419_145624.xml,2018-04-19T15:13:56Z,Undefined,ONRM_RootMo_R,eNODEb,0074ML,1,1,,C,1,1,1,,,DELTA           ,RDH10247/2    ,15072001,153006100682    ,LCP-2488B4HDRM-E,R2A  ,13,A   
cm_exp_20180419_145624.xml,2018-04-19T15:13:56Z,Undefined,ONRM_RootMo_R,eNODEb,0074ML,1,1,,D,1,1,1,,,,,,,,,,
cm_exp_20180419_145624.xml,2018-04-19T15:13:56Z,Undefined,ONRM_RootMo_R,eNODEb,0074ML,1,1,,E,1,1,1,,,,,,,,,,
cm_exp_20180419_145624.xml,2018-04-19T15:13:56Z,Undefined,ONRM_RootMo_R,eNODEb,0074ML,1,1,,F,1,1,1,,,,,,,,,,
cm_exp_20180419_145649.xml,2018-04-19T15:13:56Z,Undefined,ONRM_RootMo_R,eNODEb,0082ML,1,1,RU-1,DATA_1,,,,,,Electrical FCI  ,,,,,,0,
cm_exp_20180419_145649.xml,2018-04-19T15:13:56Z,Undefined,ONRM_RootMo_R,eNODEb,0082ML,1,1,RU-1,DATA_2,,,,,,,,,,,,,
cm_exp_20180419_145649.xml,2018-04-19T15:13:56Z,Undefined,ONRM_RootMo_R,eNODEb,0082ML,1,1,RU-2,DATA_1,,,,,,Electrical FCI  ,,,,,,0,
cm_exp_20180419_145649.xml,2018-04-19T15:13:56Z,Undefined,ONRM_RootMo_R,eNODEb,0082ML,1,1,RU-2,DATA_2,,,,,,,,,,,,,
cm_exp_20180419_145649.xml,2018-04-19T15:13:56Z,Undefined,ONRM_RootMo_R,eNODEb,0082ML,1,1,RU-3,DATA_1,,,,,,Electrical FCI  ,,,,,,0,
cm_exp_20180419_145649.xml,2018-04-19T15:13:56Z,Undefined,ONRM_RootMo_R,eNODEb,0082ML,1,1,RU-3,DATA_2,,,,,,,,,,,,,
cm_exp_20180419_145649.xml,2018-04-19T15:13:56Z,Undefined,ONRM_RootMo_R,eNODEb,0082ML,1,1,RU-4,DATA_1,,,,,,Electrical FCI  ,,,,,,0,
cm_exp_20180419_145649.xml,2018-04-19T15:13:56Z,Undefined,ONRM_RootMo_R,eNODEb,0082ML,1,1,RU-4,DATA_2,,,,,,,,,,,,,
cm_exp_20180419_145649.xml,2018-04-19T15:13:56Z,Undefined,ONRM_RootMo_R,eNODEb,0082ML,1,1,RU-5,DATA_1,,,,,,Electrical FCI  ,,,,,,0,
cm_exp_20180419_145649.xml,2018-04-19T15:13:56Z,Undefined,ONRM_RootMo_R,eNODEb,0082ML,1,1,RU-5,DATA_2,,,,,,,,,,,,,
cm_exp_20180419_145649.xml,2018-04-19T15:13:56Z,Undefined,ONRM_RootMo_R,eNODEb,0082ML,1,1,RU-6,DATA_1,,,,,,Electrical FCI  ,,,,,,0,
cm_exp_20180419_145649.xml,2018-04-19T15:13:56Z,Undefined,ONRM_RootMo_R,eNODEb,0082ML,1,1,RU-6,DATA_2,,,,,,,,,,,,,
cm_exp_20180419_145649.xml,2018-04-19T15:13:56Z,Undefined,ONRM_RootMo_R,eNODEb,0082ML,1,1,,A,1,1,1,,,Electrical      ,,,,,,0,
cm_exp_20180419_145649.xml,2018-04-19T15:13:56Z,Undefined,ONRM_RootMo_R,eNODEb,0082ML,1,1,,B,1,1,1,,,Electrical      ,,,,,,0,
cm_exp_20180419_145649.xml,2018-04-19T15:13:56Z,Undefined,ONRM_RootMo_R,eNODEb,0082ML,1,1,,C,1,1,1,,,Electrical      ,,,,,,0,
cm_exp_20180419_145649.xml,2018-04-19T15:13:56Z,Undefined,ONRM_RootMo_R,eNODEb,0082ML,1,1,,D,1,1,1,,,Electrical      ,,,,,,0,
cm_exp_20180419_145649.xml,2018-04-19T15:13:56Z,Undefined,ONRM_RootMo_R,eNODEb,0082ML,1,1,,E,1,1,1,,,Electrical      ,,,,,,0,
cm_exp_20180419_145649.xml,2018-04-19T15:13:56Z,Undefined,ONRM_RootMo_R,eNODEb,0082ML,1,1,,F,1,1,1,,,Electrical      ,,,,,,0,
cm_exp_20180419_145711.xml,2018-04-19T15:13:56Z,Undefined,ONRM_RootMo_R,eNODEb,0091ML,1,1,RRU-1,DATA_1,,,,,,SOURCEPHOTONICS ,RDH10247/2    ,141119  ,ECK2012752      ,SPMRSR1IDFBEN   ,,25,10  
cm_exp_20180419_145711.xml,2018-04-19T15:13:56Z,Undefined,ONRM_RootMo_R,eNODEb,0091ML,1,1,RRU-1,DATA_2,,,,,,,,,,,,,
cm_exp_20180419_145711.xml,2018-04-19T15:13:56Z,Undefined,ONRM_RootMo_R,eNODEb,0091ML,1,1,RRU-2,DATA_1,,,,,,SOURCEPHOTONICS ,RDH10247/2    ,141119  ,ECK2012601      ,SPMRSR1IDFBEN   ,,25,10  
cm_exp_20180419_145711.xml,2018-04-19T15:13:56Z,Undefined,ONRM_RootMo_R,eNODEb,0091ML,1,1,RRU-2,DATA_2,,,,,,,,,,,,,
cm_exp_20180419_145711.xml,2018-04-19T15:13:56Z,Undefined,ONRM_RootMo_R,eNODEb,0091ML,1,1,RRU-3,DATA_1,,,,,,SOURCEPHOTONICS ,RDH10247/2    ,141121  ,ECM2007739      ,SPMRSR1IDFBEN   ,,25,10  
cm_exp_20180419_145711.xml,2018-04-19T15:13:56Z,Undefined,ONRM_RootMo_R,eNODEb,0091ML,1,1,RRU-3,DATA_2,,,,,,,,,,,,,
cm_exp_20180419_145711.xml,2018-04-19T15:13:56Z,Undefined,ONRM_RootMo_R,eNODEb,0091ML,1,1,,A,1,1,1,,,WTD             ,RDH10247/2    ,150627  ,EC152600250606  ,RTXM192-406-C24 ,R2A  ,13,3.0 
cm_exp_20180419_145711.xml,2018-04-19T15:13:56Z,Undefined,ONRM_RootMo_R,eNODEb,0091ML,1,1,,B,1,1,1,,,WTD             ,RDH10247/2    ,150627  ,EC152600250604  ,RTXM192-406-C24 ,R2A  ,13,3.0 
cm_exp_20180419_145711.xml,2018-04-19T15:13:56Z,Undefined,ONRM_RootMo_R,eNODEb,0091ML,1,1,,C,1,1,1,,,WTD             ,RDH10247/2    ,150627  ,EC152600250609  ,RTXM192-406-C24 ,R2A  ,13,3.0 
cm_exp_20180419_145711.xml,2018-04-19T15:13:56Z,Undefined,ONRM_RootMo_R,eNODEb,0091ML,1,1,,D,1,1,1,,,,,,,,,,
cm_exp_20180419_145711.xml,2018-04-19T15:13:56Z,Undefined,ONRM_RootMo_R,eNODEb,0091ML,1,1,,E,1,1,1,,,,,,,,,,
cm_exp_20180419_145711.xml,2018-04-19T15:13:56Z,Undefined,ONRM_RootMo_R,eNODEb,0091ML,1,1,,F,1,1,1,,,,,,,,,,
cm_exp_20180419_145733.xml,2018-04-19T15:13:56Z,Undefined,ONRM_RootMo_R,eNODEb,0099ML,1,1,RRU-1,DATA_1,,,,,,JDSU            ,RDH10247/2,12082801,SC35677015DB    ,JSH-12L1DD1-ES  ,R1A,25,2   
cm_exp_20180419_145733.xml,2018-04-19T15:13:56Z,Undefined,ONRM_RootMo_R,eNODEb,0099ML,1,1,RRU-1,DATA_2,,,,,,,,,,,,,
cm_exp_20180419_145733.xml,2018-04-19T15:13:56Z,Undefined,ONRM_RootMo_R,eNODEb,0099ML,1,1,RRU-2,DATA_1,,,,,,DELTA           ,RDH10247/2    ,15072101,153006103044    ,LCP-2488B4HDRM-E,R2A  ,13,A   
cm_exp_20180419_145733.xml,2018-04-19T15:13:56Z,Undefined,ONRM_RootMo_R,eNODEb,0099ML,1,1,RRU-2,DATA_2,,,,,,,,,,,,,
cm_exp_20180419_145733.xml,2018-04-19T15:13:56Z,Undefined,ONRM_RootMo_R,eNODEb,0099ML,1,1,RRU-3,DATA_1,,,,,,DELTA           ,RDH10247/2    ,15072101,153006103045    ,LCP-2488B4HDRM-E,R2A  ,13,A   
cm_exp_20180419_145733.xml,2018-04-19T15:13:56Z,Undefined,ONRM_RootMo_R,eNODEb,0099ML,1,1,RRU-3,DATA_2,,,,,,,,,,,,,
cm_exp_20180419_145733.xml,2018-04-19T15:13:56Z,Undefined,ONRM_RootMo_R,eNODEb,0099ML,1,1,,A,1,1,1,,,DELTA           ,RDH10247/2    ,15072001,153006100715    ,LCP-2488B4HDRM-E,R2A  ,13,A   
cm_exp_20180419_145733.xml,2018-04-19T15:13:56Z,Undefined,ONRM_RootMo_R,eNODEb,0099ML,1,1,,B,1,1,1,,,DELTA           ,RDH10247/2    ,15072001,153006100717    ,LCP-2488B4HDRM-E,R2A  ,13,A   
cm_exp_20180419_145733.xml,2018-04-19T15:13:56Z,Undefined,ONRM_RootMo_R,eNODEb,0099ML,1,1,,C,1,1,1,,,DELTA           ,RDH10247/2    ,15072001,153006100716    ,LCP-2488B4HDRM-E,R2A  ,13,A   
cm_exp_20180419_145733.xml,2018-04-19T15:13:56Z,Undefined,ONRM_RootMo_R,eNODEb,0099ML,1,1,,D,1,1,1,,,,,,,,,,
cm_exp_20180419_145733.xml,2018-04-19T15:13:56Z,Undefined,ONRM_RootMo_R,eNODEb,0099ML,1,1,,E,1,1,1,,,,,,,,,,
cm_exp_20180419_145733.xml,2018-04-19T15:13:56Z,Undefined,ONRM_RootMo_R,eNODEb,0099ML,1,1,,F,1,1,1,,,,,,,,,,
cm_exp_20180419_145810.xml,2018-04-19T15:13:56Z,Undefined,ONRM_RootMo_R,eNODEb,0106ML,1,1,RU-1,DATA_1,,,,,,Electrical FCI  ,,,,,,0,
cm_exp_20180419_145810.xml,2018-04-19T15:13:56Z,Undefined,ONRM_RootMo_R,eNODEb,0106ML,1,1,RU-1,DATA_2,,,,,,,,,,,,,
cm_exp_20180419_145810.xml,2018-04-19T15:13:56Z,Undefined,ONRM_RootMo_R,eNODEb,0106ML,1,1,RU-2,DATA_1,,,,,,Electrical FCI  ,,,,,,0,
cm_exp_20180419_145810.xml,2018-04-19T15:13:56Z,Undefined,ONRM_RootMo_R,eNODEb,0106ML,1,1,RU-2,DATA_2,,,,,,,,,,,,,
cm_exp_20180419_145810.xml,2018-04-19T15:13:56Z,Undefined,ONRM_RootMo_R,eNODEb,0106ML,1,1,RU-3,DATA_1,,,,,,Electrical FCI  ,,,,,,0,
cm_exp_20180419_145810.xml,2018-04-19T15:13:56Z,Undefined,ONRM_RootMo_R,eNODEb,0106ML,1,1,RU-3,DATA_2,,,,,,,,,,,,,
cm_exp_20180419_145810.xml,2018-04-19T15:13:56Z,Undefined,ONRM_RootMo_R,eNODEb,0106ML,1,1,RU-4,DATA_1,,,,,,Electrical FCI  ,,,,,,0,
cm_exp_20180419_145810.xml,2018-04-19T15:13:56Z,Undefined,ONRM_RootMo_R,eNODEb,0106ML,1,1,RU-4,DATA_2,,,,,,,,,,,,,
cm_exp_20180419_145810.xml,2018-04-19T15:13:56Z,Undefined,ONRM_RootMo_R,eNODEb,0106ML,1,1,RU-5,DATA_1,,,,,,Electrical FCI  ,,,,,,0,
cm_exp_20180419_145810.xml,2018-04-19T15:13:56Z,Undefined,ONRM_RootMo_R,eNODEb,0106ML,1,1,RU-5,DATA_2,,,,,,,,,,,,,
cm_exp_20180419_145810.xml,2018-04-19T15:13:56Z,Undefined,ONRM_RootMo_R,eNODEb,0106ML,1,1,RU-6,DATA_1,,,,,,Electrical FCI  ,,,,,,0,
cm_exp_20180419_145810.xml,2018-04-19T15:13:56Z,Undefined,ONRM_RootMo_R,eNODEb,0106ML,1,1,RU-6,DATA_2,,,,,,,,,,,,,
cm_exp_20180419_145810.xml,2018-04-19T15:13:56Z,Undefined,ONRM_RootMo_R,eNODEb,0106ML,1,1,,A,1,1,1,,,Electrical      ,,,,,,0,
cm_exp_20180419_145810.xml,2018-04-19T15:13:56Z,Undefined,ONRM_RootMo_R,eNODEb,0106ML,1,1,,B,1,1,1,,,Electrical      ,,,,,,0,
cm_exp_20180419_145810.xml,2018-04-19T15:13:56Z,Undefined,ONRM_RootMo_R,eNODEb,0106ML,1,1,,C,1,1,1,,,Electrical      ,,,,,,0,
cm_exp_20180419_145810.xml,2018-04-19T15:13:56Z,Undefined,ONRM_RootMo_R,eNODEb,0106ML,1,1,,D,1,1,1,,,Electrical      ,,,,,,0,
cm_exp_20180419_145810.xml,2018-04-19T15:13:56Z,Undefined,ONRM_RootMo_R,eNODEb,0106ML,1,1,,E,1,1,1,,,Electrical      ,,,,,,0,
cm_exp_20180419_145810.xml,2018-04-19T15:13:56Z,Undefined,ONRM_RootMo_R,eNODEb,0106ML,1,1,,F,1,1,1,,,Electrical      ,,,,,,0,
cm_exp_20180419_145835.xml,2018-04-19T15:13:56Z,Undefined,ONRM_RootMo_R,eNODEb,0119ML,1,1,RU-1,DATA_1,,,,,,Electrical FCI  ,,,,,,0,
cm_exp_20180419_145835.xml,2018-04-19T15:13:56Z,Undefined,ONRM_RootMo_R,eNODEb,0119ML,1,1,RU-1,DATA_2,,,,,,,,,,,,,
cm_exp_20180419_145835.xml,2018-04-19T15:13:56Z,Undefined,ONRM_RootMo_R,eNODEb,0119ML,1,1,RU-2,DATA_1,,,,,,Electrical FCI  ,,,,,,0,
cm_exp_20180419_145835.xml,2018-04-19T15:13:56Z,Undefined,ONRM_RootMo_R,eNODEb,0119ML,1,1,RU-2,DATA_2,,,,,,,,,,,,,
cm_exp_20180419_145835.xml,2018-04-19T15:13:56Z,Undefined,ONRM_RootMo_R,eNODEb,0119ML,1,1,RU-3,DATA_1,,,,,,Electrical FCI  ,,,,,,0,
cm_exp_20180419_145835.xml,2018-04-19T15:13:56Z,Undefined,ONRM_RootMo_R,eNODEb,0119ML,1,1,RU-3,DATA_2,,,,,,,,,,,,,
cm_exp_20180419_145835.xml,2018-04-19T15:13:56Z,Undefined,ONRM_RootMo_R,eNODEb,0119ML,1,1,RU-4,DATA_1,,,,,,Electrical FCI  ,,,,,,0,
cm_exp_20180419_145835.xml,2018-04-19T15:13:56Z,Undefined,ONRM_RootMo_R,eNODEb,0119ML,1,1,RU-4,DATA_2,,,,,,,,,,,,,
cm_exp_20180419_145835.xml,2018-04-19T15:13:56Z,Undefined,ONRM_RootMo_R,eNODEb,0119ML,1,1,RU-5,DATA_1,,,,,,Electrical FCI  ,,,,,,0,
cm_exp_20180419_145835.xml,2018-04-19T15:13:56Z,Undefined,ONRM_RootMo_R,eNODEb,0119ML,1,1,RU-5,DATA_2,,,,,,,,,,,,,
cm_exp_20180419_145835.xml,2018-04-19T15:13:56Z,Undefined,ONRM_RootMo_R,eNODEb,0119ML,1,1,RU-6,DATA_1,,,,,,Electrical FCI  ,,,,,,0,
cm_exp_20180419_145835.xml,2018-04-19T15:13:56Z,Undefined,ONRM_RootMo_R,eNODEb,0119ML,1,1,RU-6,DATA_2,,,,,,,,,,,,,
cm_exp_20180419_145835.xml,2018-04-19T15:13:56Z,Undefined,ONRM_RootMo_R,eNODEb,0119ML,1,1,,A,1,1,1,,,Electrical      ,,,,,,0,
cm_exp_20180419_145835.xml,2018-04-19T15:13:56Z,Undefined,ONRM_RootMo_R,eNODEb,0119ML,1,1,,B,1,1,1,,,Electrical      ,,,,,,0,
cm_exp_20180419_145835.xml,2018-04-19T15:13:56Z,Undefined,ONRM_RootMo_R,eNODEb,0119ML,1,1,,C,1,1,1,,,Electrical      ,,,,,,0,
cm_exp_20180419_145835.xml,2018-04-19T15:13:56Z,Undefined,ONRM_RootMo_R,eNODEb,0119ML,1,1,,D,1,1,1,,,Electrical      ,,,,,,0,
cm_exp_20180419_145835.xml,2018-04-19T15:13:56Z,Undefined,ONRM_RootMo_R,eNODEb,0119ML,1,1,,E,1,1,1,,,Electrical      ,,,,,,0,
cm_exp_20180419_145835.xml,2018-04-19T15:13:56Z,Undefined,ONRM_RootMo_R,eNODEb,0119ML,1,1,,F,1,1,1,,,Electrical      ,,,,,,0,
cm_exp_20180419_145940.xml,2018-04-19T15:13:56Z,Undefined,ONRM_RootMo_R,eNODEb,0138ML,1,1,RRU-1,DATA_1,,,,,,DELTA           ,RDH10247/2    ,15072101,153006105766    ,LCP-2488B4HDRM-E,R2A  ,13,A   
cm_exp_20180419_145940.xml,2018-04-19T15:13:56Z,Undefined,ONRM_RootMo_R,eNODEb,0138ML,1,1,RRU-1,DATA_2,,,,,,,,,,,,,
cm_exp_20180419_145940.xml,2018-04-19T15:13:56Z,Undefined,ONRM_RootMo_R,eNODEb,0138ML,1,1,RRU-2,DATA_1,,,,,,,Non-Ericsson,,,,Non-Ericsson,0,
cm_exp_20180419_145940.xml,2018-04-19T15:13:56Z,Undefined,ONRM_RootMo_R,eNODEb,0138ML,1,1,RRU-2,DATA_2,,,,,,,,,,,,,
cm_exp_20180419_145940.xml,2018-04-19T15:13:56Z,Undefined,ONRM_RootMo_R,eNODEb,0138ML,1,1,RRU-3,DATA_1,,,,,,DELTA           ,RDH10247/2    ,15072101,153006105769    ,LCP-2488B4HDRM-E,R2A  ,13,A   
cm_exp_20180419_145940.xml,2018-04-19T15:13:56Z,Undefined,ONRM_RootMo_R,eNODEb,0138ML,1,1,RRU-3,DATA_2,,,,,,,,,,,,,
cm_exp_20180419_145940.xml,2018-04-19T15:13:56Z,Undefined,ONRM_RootMo_R,eNODEb,0138ML,1,1,,A,1,1,1,,,DELTA           ,RDH10247/2    ,15072101,153006105765    ,LCP-2488B4HDRM-E,R2A  ,13,A   
cm_exp_20180419_145940.xml,2018-04-19T15:13:56Z,Undefined,ONRM_RootMo_R,eNODEb,0138ML,1,1,,B,1,1,1,,,DELTA           ,RDH10247/2    ,15072101,153006105768    ,LCP-2488B4HDRM-E,R2A  ,13,A   
cm_exp_20180419_145940.xml,2018-04-19T15:13:56Z,Undefined,ONRM_RootMo_R,eNODEb,0138ML,1,1,,C,1,1,1,,,DELTA           ,RDH10247/2    ,15072101,153006105767    ,LCP-2488B4HDRM-E,R2A  ,13,A   
cm_exp_20180419_145940.xml,2018-04-19T15:13:56Z,Undefined,ONRM_RootMo_R,eNODEb,0138ML,1,1,,D,1,1,1,,,,,,,,,,
cm_exp_20180419_145940.xml,2018-04-19T15:13:56Z,Undefined,ONRM_RootMo_R,eNODEb,0138ML,1,1,,E,1,1,1,,,,,,,,,,
cm_exp_20180419_145940.xml,2018-04-19T15:13:56Z,Undefined,ONRM_RootMo_R,eNODEb,0138ML,1,1,,F,1,1,1,,,,,,,,,,
cm_exp_20180419_150007.xml,2018-04-19T15:13:56Z,Undefined,ONRM_RootMo_R,eNODEb,0150ML,1,1,RRU-1,DATA_1,,,,,,DELTA           ,RDH10247/2    ,15072201,153006106829    ,LCP-2488B4HDRM-E,R2A  ,13,A   
cm_exp_20180419_150007.xml,2018-04-19T15:13:56Z,Undefined,ONRM_RootMo_R,eNODEb,0150ML,1,1,RRU-1,DATA_2,,,,,,,,,,,,,
cm_exp_20180419_150007.xml,2018-04-19T15:13:56Z,Undefined,ONRM_RootMo_R,eNODEb,0150ML,1,1,RRU-2,DATA_1,,,,,,DELTA           ,RDH10247/2    ,15072201,153006106809    ,LCP-2488B4HDRM-E,R2A  ,13,A   
cm_exp_20180419_150007.xml,2018-04-19T15:13:56Z,Undefined,ONRM_RootMo_R,eNODEb,0150ML,1,1,RRU-2,DATA_2,,,,,,,,,,,,,
cm_exp_20180419_150007.xml,2018-04-19T15:13:56Z,Undefined,ONRM_RootMo_R,eNODEb,0150ML,1,1,RRU-3,DATA_1,,,,,,DELTA           ,RDH10247/2    ,15072201,153006106826    ,LCP-2488B4HDRM-E,R2A  ,13,A   
cm_exp_20180419_150007.xml,2018-04-19T15:13:56Z,Undefined,ONRM_RootMo_R,eNODEb,0150ML,1,1,RRU-3,DATA_2,,,,,,,,,,,,,
cm_exp_20180419_150007.xml,2018-04-19T15:13:56Z,Undefined,ONRM_RootMo_R,eNODEb,0150ML,1,1,,A,1,1,1,,,DELTA           ,RDH10247/2    ,15072201,153006106827    ,LCP-2488B4HDRM-E,R2A  ,13,A   
cm_exp_20180419_150007.xml,2018-04-19T15:13:56Z,Undefined,ONRM_RootMo_R,eNODEb,0150ML,1,1,,B,1,1,1,,,DELTA           ,RDH10247/2    ,15072201,153006106805    ,LCP-2488B4HDRM-E,R2A  ,13,A   
cm_exp_20180419_150007.xml,2018-04-19T15:13:56Z,Undefined,ONRM_RootMo_R,eNODEb,0150ML,1,1,,C,1,1,1,,,DELTA           ,RDH10247/2    ,15072001,153006100659    ,LCP-2488B4HDRM-E,R2A  ,13,A   
cm_exp_20180419_150007.xml,2018-04-19T15:13:56Z,Undefined,ONRM_RootMo_R,eNODEb,0150ML,1,1,,D,1,1,1,,,,,,,,,,
cm_exp_20180419_150007.xml,2018-04-19T15:13:56Z,Undefined,ONRM_RootMo_R,eNODEb,0150ML,1,1,,E,1,1,1,,,,,,,,,,
cm_exp_20180419_150007.xml,2018-04-19T15:13:56Z,Undefined,ONRM_RootMo_R,eNODEb,0150ML,1,1,,F,1,1,1,,,,,,,,,,
cm_exp_20180419_150024.xml,2018-04-19T15:13:56Z,Undefined,ONRM_RootMo_R,eNODEb,0154ML,1,1,RRU-1,DATA_1,,,,,,OCLARO INC      ,RDH10247/2    ,141116  ,L14L71853       ,TRF5916AVLB643  ,,25,A1A 
cm_exp_20180419_150024.xml,2018-04-19T15:13:56Z,Undefined,ONRM_RootMo_R,eNODEb,0154ML,1,1,RRU-1,DATA_2,,,,,,,,,,,,,
cm_exp_20180419_150024.xml,2018-04-19T15:13:56Z,Undefined,ONRM_RootMo_R,eNODEb,0154ML,1,1,RRU-2,DATA_1,,,,,,OCLARO INC      ,RDH10247/2    ,141114  ,L14L68134       ,TRF5916AVLB643  ,,25,A1A 
cm_exp_20180419_150024.xml,2018-04-19T15:13:56Z,Undefined,ONRM_RootMo_R,eNODEb,0154ML,1,1,RRU-2,DATA_2,,,,,,,,,,,,,
cm_exp_20180419_150024.xml,2018-04-19T15:13:56Z,Undefined,ONRM_RootMo_R,eNODEb,0154ML,1,1,RRU-3,DATA_1,,,,,,SOURCEPHOTONICS ,RDH10247/2    ,141119  ,ECK2011876      ,SPMRSR1IDFBEN   ,,25,10  
cm_exp_20180419_150024.xml,2018-04-19T15:13:56Z,Undefined,ONRM_RootMo_R,eNODEb,0154ML,1,1,RRU-3,DATA_2,,,,,,,,,,,,,
cm_exp_20180419_150024.xml,2018-04-19T15:13:56Z,Undefined,ONRM_RootMo_R,eNODEb,0154ML,1,1,,A,1,1,1,,,DELTA           ,RDH10247/2    ,15072201,153006108725    ,LCP-2488B4HDRM-E,R2A  ,13,A   
cm_exp_20180419_150024.xml,2018-04-19T15:13:56Z,Undefined,ONRM_RootMo_R,eNODEb,0154ML,1,1,,B,1,1,1,,,DELTA           ,RDH10247/2    ,15072201,153006108726    ,LCP-2488B4HDRM-E,R2A  ,13,A   
cm_exp_20180419_150024.xml,2018-04-19T15:13:56Z,Undefined,ONRM_RootMo_R,eNODEb,0154ML,1,1,,C,1,1,1,,,DELTA           ,RDH10247/2    ,15072201,153006108722    ,LCP-2488B4HDRM-E,R2A  ,13,A   
cm_exp_20180419_150024.xml,2018-04-19T15:13:56Z,Undefined,ONRM_RootMo_R,eNODEb,0154ML,1,1,,D,1,1,1,,,,,,,,,,
cm_exp_20180419_150024.xml,2018-04-19T15:13:56Z,Undefined,ONRM_RootMo_R,eNODEb,0154ML,1,1,,E,1,1,1,,,,,,,,,,
cm_exp_20180419_150024.xml,2018-04-19T15:13:56Z,Undefined,ONRM_RootMo_R,eNODEb,0154ML,1,1,,F,1,1,1,,,,,,,,,,
cm_exp_20180419_150054.xml,2018-04-19T15:13:56Z,Undefined,ONRM_RootMo_R,eNODEb,0196ML,1,1,RU-1,DATA_1,,,,,,Electrical FCI  ,,,,,,0,
cm_exp_20180419_150054.xml,2018-04-19T15:13:56Z,Undefined,ONRM_RootMo_R,eNODEb,0196ML,1,1,RU-1,DATA_2,,,,,,,,,,,,,
cm_exp_20180419_150054.xml,2018-04-19T15:13:56Z,Undefined,ONRM_RootMo_R,eNODEb,0196ML,1,1,RU-2,DATA_1,,,,,,Electrical FCI  ,,,,,,0,
cm_exp_20180419_150054.xml,2018-04-19T15:13:56Z,Undefined,ONRM_RootMo_R,eNODEb,0196ML,1,1,RU-2,DATA_2,,,,,,,,,,,,,
cm_exp_20180419_150054.xml,2018-04-19T15:13:56Z,Undefined,ONRM_RootMo_R,eNODEb,0196ML,1,1,RU-3,DATA_1,,,,,,Electrical FCI  ,,,,,,0,
cm_exp_20180419_150054.xml,2018-04-19T15:13:56Z,Undefined,ONRM_RootMo_R,eNODEb,0196ML,1,1,RU-3,DATA_2,,,,,,,,,,,,,
cm_exp_20180419_150054.xml,2018-04-19T15:13:56Z,Undefined,ONRM_RootMo_R,eNODEb,0196ML,1,1,RU-4,DATA_1,,,,,,Electrical FCI  ,,,,,,0,
cm_exp_20180419_150054.xml,2018-04-19T15:13:56Z,Undefined,ONRM_RootMo_R,eNODEb,0196ML,1,1,RU-4,DATA_2,,,,,,,,,,,,,
cm_exp_20180419_150054.xml,2018-04-19T15:13:56Z,Undefined,ONRM_RootMo_R,eNODEb,0196ML,1,1,RU-5,DATA_1,,,,,,Electrical FCI  ,,,,,,0,
cm_exp_20180419_150054.xml,2018-04-19T15:13:56Z,Undefined,ONRM_RootMo_R,eNODEb,0196ML,1,1,RU-5,DATA_2,,,,,,,,,,,,,
cm_exp_20180419_150054.xml,2018-04-19T15:13:56Z,Undefined,ONRM_RootMo_R,eNODEb,0196ML,1,1,RU-6,DATA_1,,,,,,Electrical FCI  ,,,,,,0,
cm_exp_20180419_150054.xml,2018-04-19T15:13:56Z,Undefined,ONRM_RootMo_R,eNODEb,0196ML,1,1,RU-6,DATA_2,,,,,,,,,,,,,
cm_exp_20180419_150054.xml,2018-04-19T15:13:56Z,Undefined,ONRM_RootMo_R,eNODEb,0196ML,1,1,,A,1,1,1,,,Electrical      ,,,,,,0,
cm_exp_20180419_150054.xml,2018-04-19T15:13:56Z,Undefined,ONRM_RootMo_R,eNODEb,0196ML,1,1,,B,1,1,1,,,Electrical      ,,,,,,0,
cm_exp_20180419_150054.xml,2018-04-19T15:13:56Z,Undefined,ONRM_RootMo_R,eNODEb,0196ML,1,1,,C,1,1,1,,,Electrical      ,,,,,,0,
cm_exp_20180419_150054.xml,2018-04-19T15:13:56Z,Undefined,ONRM_RootMo_R,eNODEb,0196ML,1,1,,D,1,1,1,,,Electrical      ,,,,,,0,
cm_exp_20180419_150054.xml,2018-04-19T15:13:56Z,Undefined,ONRM_RootMo_R,eNODEb,0196ML,1,1,,E,1,1,1,,,Electrical      ,,,,,,0,
cm_exp_20180419_150054.xml,2018-04-19T15:13:56Z,Undefined,ONRM_RootMo_R,eNODEb,0196ML,1,1,,F,1,1,1,,,Electrical      ,,,,,,0,
cm_exp_20180419_150110.xml,2018-04-19T15:13:56Z,Undefined,ONRM_RootMo_R,eNODEb,0198ML,1,1,RRU-1,DATA_1,,,,,,SOURCEPHOTONICS ,RDH10247/2    ,141120  ,ECL2018685      ,SPMRSR1IDFBEN   ,,25,10  
cm_exp_20180419_150110.xml,2018-04-19T15:13:56Z,Undefined,ONRM_RootMo_R,eNODEb,0198ML,1,1,RRU-1,DATA_2,,,,,,,,,,,,,
cm_exp_20180419_150110.xml,2018-04-19T15:13:56Z,Undefined,ONRM_RootMo_R,eNODEb,0198ML,1,1,RRU-2,DATA_1,,,,,,SOURCEPHOTONICS ,RDH10247/2    ,141120  ,ECL2017815      ,SPMRSR1IDFBEN   ,,25,10  
cm_exp_20180419_150110.xml,2018-04-19T15:13:56Z,Undefined,ONRM_RootMo_R,eNODEb,0198ML,1,1,RRU-2,DATA_2,,,,,,,,,,,,,
cm_exp_20180419_150110.xml,2018-04-19T15:13:56Z,Undefined,ONRM_RootMo_R,eNODEb,0198ML,1,1,RRU-3,DATA_1,,,,,,SOURCEPHOTONICS ,RDH10247/2    ,141120  ,ECL2017866      ,SPMRSR1IDFBEN   ,,25,10  
cm_exp_20180419_150110.xml,2018-04-19T15:13:56Z,Undefined,ONRM_RootMo_R,eNODEb,0198ML,1,1,RRU-3,DATA_2,,,,,,,,,,,,,
cm_exp_20180419_150110.xml,2018-04-19T15:13:56Z,Undefined,ONRM_RootMo_R,eNODEb,0198ML,1,1,,A,1,1,1,,,DELTA           ,RDH10247/2    ,15072301,153006109226    ,LCP-2488B4HDRM-E,R2A  ,13,A   
cm_exp_20180419_150110.xml,2018-04-19T15:13:56Z,Undefined,ONRM_RootMo_R,eNODEb,0198ML,1,1,,B,1,1,1,,,DELTA           ,RDH10247/2    ,15072001,153006100643    ,LCP-2488B4HDRM-E,R2A  ,13,A   
cm_exp_20180419_150110.xml,2018-04-19T15:13:56Z,Undefined,ONRM_RootMo_R,eNODEb,0198ML,1,1,,C,1,1,1,,,DELTA           ,RDH10247/2    ,15072201,153006108714    ,LCP-2488B4HDRM-E,R2A  ,13,A   
cm_exp_20180419_150110.xml,2018-04-19T15:13:56Z,Undefined,ONRM_RootMo_R,eNODEb,0198ML,1,1,,D,1,1,1,,,,,,,,,,
cm_exp_20180419_150110.xml,2018-04-19T15:13:56Z,Undefined,ONRM_RootMo_R,eNODEb,0198ML,1,1,,E,1,1,1,,,,,,,,,,
cm_exp_20180419_150110.xml,2018-04-19T15:13:56Z,Undefined,ONRM_RootMo_R,eNODEb,0198ML,1,1,,F,1,1,1,,,,,,,,,,
cm_exp_20180419_150127.xml,2018-04-19T15:13:56Z,Undefined,ONRM_RootMo_R,eNODEb,0204ML,1,1,RRU-1,DATA_1,,,,,,JDSU            ,RDH10247/2,12090901,SC3767700830    ,JSH-12L1DD1-ES  ,R1A,25,2   
cm_exp_20180419_150127.xml,2018-04-19T15:13:56Z,Undefined,ONRM_RootMo_R,eNODEb,0204ML,1,1,RRU-1,DATA_2,,,,,,,,,,,,,
cm_exp_20180419_150127.xml,2018-04-19T15:13:56Z,Undefined,ONRM_RootMo_R,eNODEb,0204ML,1,1,RRU-2,DATA_1,,,,,,JDSU            ,RDH10247/2,12091701,SC3867700375    ,JSH-12L1DD1-ES  ,R1A,25,2   
cm_exp_20180419_150127.xml,2018-04-19T15:13:56Z,Undefined,ONRM_RootMo_R,eNODEb,0204ML,1,1,RRU-2,DATA_2,,,,,,,,,,,,,
cm_exp_20180419_150127.xml,2018-04-19T15:13:56Z,Undefined,ONRM_RootMo_R,eNODEb,0204ML,1,1,RRU-3,DATA_1,,,,,,JDSU            ,RDH10247/2,12091001,SC3767700D6E    ,JSH-12L1DD1-ES  ,R1A,25,2   
cm_exp_20180419_150127.xml,2018-04-19T15:13:56Z,Undefined,ONRM_RootMo_R,eNODEb,0204ML,1,1,RRU-3,DATA_2,,,,,,,,,,,,,
cm_exp_20180419_150127.xml,2018-04-19T15:13:56Z,Undefined,ONRM_RootMo_R,eNODEb,0204ML,1,1,,A,1,1,1,,,DELTA           ,RDH10247/2    ,15072101,153006103113    ,LCP-2488B4HDRM-E,R2A  ,13,A   
cm_exp_20180419_150127.xml,2018-04-19T15:13:56Z,Undefined,ONRM_RootMo_R,eNODEb,0204ML,1,1,,B,1,1,1,,,DELTA           ,RDH10247/2    ,15072101,153006103116    ,LCP-2488B4HDRM-E,R2A  ,13,A   
cm_exp_20180419_150127.xml,2018-04-19T15:13:56Z,Undefined,ONRM_RootMo_R,eNODEb,0204ML,1,1,,C,1,1,1,,,DELTA           ,RDH10247/2    ,15072101,153006103114    ,LCP-2488B4HDRM-E,R2A  ,13,A   
cm_exp_20180419_150127.xml,2018-04-19T15:13:56Z,Undefined,ONRM_RootMo_R,eNODEb,0204ML,1,1,,D,1,1,1,,,,,,,,,,
cm_exp_20180419_150127.xml,2018-04-19T15:13:56Z,Undefined,ONRM_RootMo_R,eNODEb,0204ML,1,1,,E,1,1,1,,,,,,,,,,
cm_exp_20180419_150127.xml,2018-04-19T15:13:56Z,Undefined,ONRM_RootMo_R,eNODEb,0204ML,1,1,,F,1,1,1,,,,,,,,,,
cm_exp_20180419_150146.xml,2018-04-19T15:13:56Z,Undefined,ONRM_RootMo_R,eNODEb,0205ML,1,1,RRU-1,DATA_1,,,,,,DELTA           ,RDH10247/2    ,15072101,153006105833    ,LCP-2488B4HDRM-E,R2A  ,13,A   
cm_exp_20180419_150146.xml,2018-04-19T15:13:56Z,Undefined,ONRM_RootMo_R,eNODEb,0205ML,1,1,RRU-1,DATA_2,,,,,,,,,,,,,
cm_exp_20180419_150146.xml,2018-04-19T15:13:56Z,Undefined,ONRM_RootMo_R,eNODEb,0205ML,1,1,RRU-2,DATA_1,,,,,,DELTA           ,RDH10247/2    ,15072101,153006105828    ,LCP-2488B4HDRM-E,R2A  ,13,A   
cm_exp_20180419_150146.xml,2018-04-19T15:13:56Z,Undefined,ONRM_RootMo_R,eNODEb,0205ML,1,1,RRU-2,DATA_2,,,,,,,,,,,,,
cm_exp_20180419_150146.xml,2018-04-19T15:13:56Z,Undefined,ONRM_RootMo_R,eNODEb,0205ML,1,1,RRU-3,DATA_1,,,,,,DELTA           ,RDH10247/2    ,15072101,153006105832    ,LCP-2488B4HDRM-E,R2A  ,13,A   
cm_exp_20180419_150146.xml,2018-04-19T15:13:56Z,Undefined,ONRM_RootMo_R,eNODEb,0205ML,1,1,RRU-3,DATA_2,,,,,,,,,,,,,
cm_exp_20180419_150146.xml,2018-04-19T15:13:56Z,Undefined,ONRM_RootMo_R,eNODEb,0205ML,1,1,,A,1,1,1,,,DELTA           ,RDH10247/2    ,15072101,153006105831    ,LCP-2488B4HDRM-E,R2A  ,13,A   
cm_exp_20180419_150146.xml,2018-04-19T15:13:56Z,Undefined,ONRM_RootMo_R,eNODEb,0205ML,1,1,,B,1,1,1,,,DELTA           ,RDH10247/2    ,15072101,153006105829    ,LCP-2488B4HDRM-E,R2A  ,13,A   
cm_exp_20180419_150146.xml,2018-04-19T15:13:56Z,Undefined,ONRM_RootMo_R,eNODEb,0205ML,1,1,,C,1,1,1,,,DELTA           ,RDH10247/2    ,15072101,153006105830    ,LCP-2488B4HDRM-E,R2A  ,13,A   
cm_exp_20180419_150146.xml,2018-04-19T15:13:56Z,Undefined,ONRM_RootMo_R,eNODEb,0205ML,1,1,,D,1,1,1,,,,,,,,,,
cm_exp_20180419_150146.xml,2018-04-19T15:13:56Z,Undefined,ONRM_RootMo_R,eNODEb,0205ML,1,1,,E,1,1,1,,,,,,,,,,
cm_exp_20180419_150146.xml,2018-04-19T15:13:56Z,Undefined,ONRM_RootMo_R,eNODEb,0205ML,1,1,,F,1,1,1,,,,,,,,,,
cm_exp_20180419_150215.xml,2018-04-19T15:13:56Z,Undefined,ONRM_RootMo_R,eNODEb,0225ML,1,1,RRU-1,DATA_1,,,,,,DELTA           ,RDH10247/2    ,15072201,153006106808    ,LCP-2488B4HDRM-E,R2A  ,13,A   
cm_exp_20180419_150215.xml,2018-04-19T15:13:56Z,Undefined,ONRM_RootMo_R,eNODEb,0225ML,1,1,RRU-1,DATA_2,,,,,,,,,,,,,
cm_exp_20180419_150215.xml,2018-04-19T15:13:56Z,Undefined,ONRM_RootMo_R,eNODEb,0225ML,1,1,RRU-2,DATA_1,,,,,,DELTA           ,RDH10247/2    ,15072201,153006106807    ,LCP-2488B4HDRM-E,R2A  ,13,A   
cm_exp_20180419_150215.xml,2018-04-19T15:13:56Z,Undefined,ONRM_RootMo_R,eNODEb,0225ML,1,1,RRU-2,DATA_2,,,,,,,,,,,,,
cm_exp_20180419_150215.xml,2018-04-19T15:13:56Z,Undefined,ONRM_RootMo_R,eNODEb,0225ML,1,1,RRU-3,DATA_1,,,,,,DELTA           ,RDH10247/2    ,15072201,153006106810    ,LCP-2488B4HDRM-E,R2A  ,13,A   
cm_exp_20180419_150215.xml,2018-04-19T15:13:56Z,Undefined,ONRM_RootMo_R,eNODEb,0225ML,1,1,RRU-3,DATA_2,,,,,,,,,,,,,
cm_exp_20180419_150215.xml,2018-04-19T15:13:56Z,Undefined,ONRM_RootMo_R,eNODEb,0225ML,1,1,,A,1,1,1,,,DELTA           ,RDH10247/2    ,15072101,153006103053    ,LCP-2488B4HDRM-E,R2A  ,13,A   
cm_exp_20180419_150215.xml,2018-04-19T15:13:56Z,Undefined,ONRM_RootMo_R,eNODEb,0225ML,1,1,,B,1,1,1,,,DELTA           ,RDH10247/2    ,15072101,153006103048    ,LCP-2488B4HDRM-E,R2A  ,13,A   
cm_exp_20180419_150215.xml,2018-04-19T15:13:56Z,Undefined,ONRM_RootMo_R,eNODEb,0225ML,1,1,,C,1,1,1,,,DELTA           ,RDH10247/2    ,15072101,153006103052    ,LCP-2488B4HDRM-E,R2A  ,13,A   
cm_exp_20180419_150215.xml,2018-04-19T15:13:56Z,Undefined,ONRM_RootMo_R,eNODEb,0225ML,1,1,,D,1,1,1,,,,,,,,,,
cm_exp_20180419_150215.xml,2018-04-19T15:13:56Z,Undefined,ONRM_RootMo_R,eNODEb,0225ML,1,1,,E,1,1,1,,,,,,,,,,
cm_exp_20180419_150215.xml,2018-04-19T15:13:56Z,Undefined,ONRM_RootMo_R,eNODEb,0225ML,1,1,,F,1,1,1,,,,,,,,,,
cm_exp_20180419_150249.xml,2018-04-19T15:13:56Z,Undefined,ONRM_RootMo_R,eNODEb,0230ML,1,1,RRU-1,DATA_1,,,,,,SOURCEPHOTONICS ,RDH10247/2    ,141119  ,ECK2012286      ,SPMRSR1IDFBEN   ,,25,10  
cm_exp_20180419_150249.xml,2018-04-19T15:13:56Z,Undefined,ONRM_RootMo_R,eNODEb,0230ML,1,1,RRU-1,DATA_2,,,,,,,,,,,,,
cm_exp_20180419_150249.xml,2018-04-19T15:13:56Z,Undefined,ONRM_RootMo_R,eNODEb,0230ML,1,1,RRU-2,DATA_1,,,,,,DELTA           ,RDH10247/2    ,15072301,153006109180    ,LCP-2488B4HDRM-E,R2A  ,13,A   
cm_exp_20180419_150249.xml,2018-04-19T15:13:56Z,Undefined,ONRM_RootMo_R,eNODEb,0230ML,1,1,RRU-2,DATA_2,,,,,,,,,,,,,
cm_exp_20180419_150249.xml,2018-04-19T15:13:56Z,Undefined,ONRM_RootMo_R,eNODEb,0230ML,1,1,RRU-3,DATA_1,,,,,,SOURCEPHOTONICS ,RDH10247/2    ,141118  ,ECJ2001168      ,SPMRSR1IDFBEN   ,,25,10  
cm_exp_20180419_150249.xml,2018-04-19T15:13:56Z,Undefined,ONRM_RootMo_R,eNODEb,0230ML,1,1,RRU-3,DATA_2,,,,,,,,,,,,,
cm_exp_20180419_150249.xml,2018-04-19T15:13:56Z,Undefined,ONRM_RootMo_R,eNODEb,0230ML,1,1,,A,1,1,1,,,DELTA           ,RDH10247/2    ,15072001,153006100656    ,LCP-2488B4HDRM-E,R2A  ,13,A   
cm_exp_20180419_150249.xml,2018-04-19T15:13:56Z,Undefined,ONRM_RootMo_R,eNODEb,0230ML,1,1,,B,1,1,1,,,DELTA           ,RDH10247/2    ,15072101,153006105759    ,LCP-2488B4HDRM-E,R2A  ,13,A   
cm_exp_20180419_150249.xml,2018-04-19T15:13:56Z,Undefined,ONRM_RootMo_R,eNODEb,0230ML,1,1,,C,1,1,1,,,DELTA           ,RDH10247/2    ,15072101,153006104950    ,LCP-2488B4HDRM-E,R2A  ,13,A   
cm_exp_20180419_150249.xml,2018-04-19T15:13:56Z,Undefined,ONRM_RootMo_R,eNODEb,0230ML,1,1,,D,1,1,1,,,,,,,,,,
cm_exp_20180419_150249.xml,2018-04-19T15:13:56Z,Undefined,ONRM_RootMo_R,eNODEb,0230ML,1,1,,E,1,1,1,,,,,,,,,,
cm_exp_20180419_150249.xml,2018-04-19T15:13:56Z,Undefined,ONRM_RootMo_R,eNODEb,0230ML,1,1,,F,1,1,1,,,,,,,,,,
cm_exp_20180419_150408.xml,2018-04-19T15:13:56Z,Undefined,ONRM_RootMo_R,eNODEb,0230ML,1,1,RRU-1,DATA_1,,,,,,SOURCEPHOTONICS ,RDH10247/2    ,141119  ,ECK2012286      ,SPMRSR1IDFBEN   ,,25,10  
cm_exp_20180419_150408.xml,2018-04-19T15:13:56Z,Undefined,ONRM_RootMo_R,eNODEb,0230ML,1,1,RRU-1,DATA_2,,,,,,,,,,,,,
cm_exp_20180419_150408.xml,2018-04-19T15:13:56Z,Undefined,ONRM_RootMo_R,eNODEb,0230ML,1,1,RRU-2,DATA_1,,,,,,DELTA           ,RDH10247/2    ,15072301,153006109180    ,LCP-2488B4HDRM-E,R2A  ,13,A   
cm_exp_20180419_150408.xml,2018-04-19T15:13:56Z,Undefined,ONRM_RootMo_R,eNODEb,0230ML,1,1,RRU-2,DATA_2,,,,,,,,,,,,,
cm_exp_20180419_150408.xml,2018-04-19T15:13:56Z,Undefined,ONRM_RootMo_R,eNODEb,0230ML,1,1,RRU-3,DATA_1,,,,,,SOURCEPHOTONICS ,RDH10247/2    ,141118  ,ECJ2001168      ,SPMRSR1IDFBEN   ,,25,10  
cm_exp_20180419_150408.xml,2018-04-19T15:13:56Z,Undefined,ONRM_RootMo_R,eNODEb,0230ML,1,1,RRU-3,DATA_2,,,,,,,,,,,,,
cm_exp_20180419_150408.xml,2018-04-19T15:13:56Z,Undefined,ONRM_RootMo_R,eNODEb,0230ML,1,1,,A,1,1,1,,,DELTA           ,RDH10247/2    ,15072001,153006100656    ,LCP-2488B4HDRM-E,R2A  ,13,A   
cm_exp_20180419_150408.xml,2018-04-19T15:13:56Z,Undefined,ONRM_RootMo_R,eNODEb,0230ML,1,1,,B,1,1,1,,,DELTA           ,RDH10247/2    ,15072101,153006105759    ,LCP-2488B4HDRM-E,R2A  ,13,A   
cm_exp_20180419_150408.xml,2018-04-19T15:13:56Z,Undefined,ONRM_RootMo_R,eNODEb,0230ML,1,1,,C,1,1,1,,,DELTA           ,RDH10247/2    ,15072101,153006104950    ,LCP-2488B4HDRM-E,R2A  ,13,A   
cm_exp_20180419_150408.xml,2018-04-19T15:13:56Z,Undefined,ONRM_RootMo_R,eNODEb,0230ML,1,1,,D,1,1,1,,,,,,,,,,
cm_exp_20180419_150408.xml,2018-04-19T15:13:56Z,Undefined,ONRM_RootMo_R,eNODEb,0230ML,1,1,,E,1,1,1,,,,,,,,,,
cm_exp_20180419_150408.xml,2018-04-19T15:13:56Z,Undefined,ONRM_RootMo_R,eNODEb,0230ML,1,1,,F,1,1,1,,,,,,,,,,
cm_exp_20180419_150451.xml,2018-04-19T15:13:56Z,Undefined,ONRM_RootMo_R,eNODEb,0243ML,1,1,RRU-1,DATA_1,,,,,,SOURCEPHOTONICS ,RDH10247/2    ,141111  ,ECC2012034      ,SPMRSR1IDFBEN   ,,25,10  
cm_exp_20180419_150451.xml,2018-04-19T15:13:56Z,Undefined,ONRM_RootMo_R,eNODEb,0243ML,1,1,RRU-1,DATA_2,,,,,,,,,,,,,
cm_exp_20180419_150451.xml,2018-04-19T15:13:56Z,Undefined,ONRM_RootMo_R,eNODEb,0243ML,1,1,RRU-2,DATA_1,,,,,,SOURCEPHOTONICS ,RDH10247/2    ,141111  ,ECC2012459      ,SPMRSR1IDFBEN   ,,25,10  
cm_exp_20180419_150451.xml,2018-04-19T15:13:56Z,Undefined,ONRM_RootMo_R,eNODEb,0243ML,1,1,RRU-2,DATA_2,,,,,,,,,,,,,
cm_exp_20180419_150451.xml,2018-04-19T15:13:56Z,Undefined,ONRM_RootMo_R,eNODEb,0243ML,1,1,RRU-3,DATA_1,,,,,,SOURCEPHOTONICS ,RDH10247/2    ,141111  ,ECC2012442      ,SPMRSR1IDFBEN   ,,25,10  
cm_exp_20180419_150451.xml,2018-04-19T15:13:56Z,Undefined,ONRM_RootMo_R,eNODEb,0243ML,1,1,RRU-3,DATA_2,,,,,,,,,,,,,
cm_exp_20180419_150451.xml,2018-04-19T15:13:56Z,Undefined,ONRM_RootMo_R,eNODEb,0243ML,1,1,,A,1,1,1,,,DELTA           ,RDH10247/2    ,15072101,153006105747    ,LCP-2488B4HDRM-E,R2A  ,13,A   
cm_exp_20180419_150451.xml,2018-04-19T15:13:56Z,Undefined,ONRM_RootMo_R,eNODEb,0243ML,1,1,,B,1,1,1,,,DELTA           ,RDH10247/2    ,15072101,153006105733    ,LCP-2488B4HDRM-E,R2A  ,13,A   
cm_exp_20180419_150451.xml,2018-04-19T15:13:56Z,Undefined,ONRM_RootMo_R,eNODEb,0243ML,1,1,,C,1,1,1,,,DELTA           ,RDH10247/2    ,15072101,153006105727    ,LCP-2488B4HDRM-E,R2A  ,13,A   
cm_exp_20180419_150451.xml,2018-04-19T15:13:56Z,Undefined,ONRM_RootMo_R,eNODEb,0243ML,1,1,,D,1,1,1,,,,,,,,,,
cm_exp_20180419_150451.xml,2018-04-19T15:13:56Z,Undefined,ONRM_RootMo_R,eNODEb,0243ML,1,1,,E,1,1,1,,,,,,,,,,
cm_exp_20180419_150451.xml,2018-04-19T15:13:56Z,Undefined,ONRM_RootMo_R,eNODEb,0243ML,1,1,,F,1,1,1,,,,,,,,,,
cm_exp_20180419_150511.xml,2018-04-19T15:13:56Z,Undefined,ONRM_RootMo_R,eNODEb,0250ML,1,1,RU-1,DATA_1,,,,,,Electrical FCI  ,,,,,,0,
cm_exp_20180419_150511.xml,2018-04-19T15:13:56Z,Undefined,ONRM_RootMo_R,eNODEb,0250ML,1,1,RU-1,DATA_2,,,,,,,,,,,,,
cm_exp_20180419_150511.xml,2018-04-19T15:13:56Z,Undefined,ONRM_RootMo_R,eNODEb,0250ML,1,1,RU-2,DATA_1,,,,,,Electrical FCI  ,,,,,,0,
cm_exp_20180419_150511.xml,2018-04-19T15:13:56Z,Undefined,ONRM_RootMo_R,eNODEb,0250ML,1,1,RU-2,DATA_2,,,,,,,,,,,,,
cm_exp_20180419_150511.xml,2018-04-19T15:13:56Z,Undefined,ONRM_RootMo_R,eNODEb,0250ML,1,1,RU-3,DATA_1,,,,,,Electrical FCI  ,,,,,,0,
cm_exp_20180419_150511.xml,2018-04-19T15:13:56Z,Undefined,ONRM_RootMo_R,eNODEb,0250ML,1,1,RU-3,DATA_2,,,,,,,,,,,,,
cm_exp_20180419_150511.xml,2018-04-19T15:13:56Z,Undefined,ONRM_RootMo_R,eNODEb,0250ML,1,1,RU-4,DATA_1,,,,,,Electrical FCI  ,,,,,,0,
cm_exp_20180419_150511.xml,2018-04-19T15:13:56Z,Undefined,ONRM_RootMo_R,eNODEb,0250ML,1,1,RU-4,DATA_2,,,,,,,,,,,,,
cm_exp_20180419_150511.xml,2018-04-19T15:13:56Z,Undefined,ONRM_RootMo_R,eNODEb,0250ML,1,1,RU-5,DATA_1,,,,,,Electrical FCI  ,,,,,,0,
cm_exp_20180419_150511.xml,2018-04-19T15:13:56Z,Undefined,ONRM_RootMo_R,eNODEb,0250ML,1,1,RU-5,DATA_2,,,,,,,,,,,,,
cm_exp_20180419_150511.xml,2018-04-19T15:13:56Z,Undefined,ONRM_RootMo_R,eNODEb,0250ML,1,1,RU-6,DATA_1,,,,,,Electrical FCI  ,,,,,,0,
cm_exp_20180419_150511.xml,2018-04-19T15:13:56Z,Undefined,ONRM_RootMo_R,eNODEb,0250ML,1,1,RU-6,DATA_2,,,,,,,,,,,,,
cm_exp_20180419_150511.xml,2018-04-19T15:13:56Z,Undefined,ONRM_RootMo_R,eNODEb,0250ML,1,1,,A,1,1,1,,,Electrical      ,,,,,,0,
cm_exp_20180419_150511.xml,2018-04-19T15:13:56Z,Undefined,ONRM_RootMo_R,eNODEb,0250ML,1,1,,B,1,1,1,,,Electrical      ,,,,,,0,
cm_exp_20180419_150511.xml,2018-04-19T15:13:56Z,Undefined,ONRM_RootMo_R,eNODEb,0250ML,1,1,,C,1,1,1,,,Electrical      ,,,,,,0,
cm_exp_20180419_150511.xml,2018-04-19T15:13:56Z,Undefined,ONRM_RootMo_R,eNODEb,0250ML,1,1,,D,1,1,1,,,Electrical      ,,,,,,0,
cm_exp_20180419_150511.xml,2018-04-19T15:13:56Z,Undefined,ONRM_RootMo_R,eNODEb,0250ML,1,1,,E,1,1,1,,,Electrical      ,,,,,,0,
cm_exp_20180419_150511.xml,2018-04-19T15:13:56Z,Undefined,ONRM_RootMo_R,eNODEb,0250ML,1,1,,F,1,1,1,,,Electrical      ,,,,,,0,
cm_exp_20180419_150529.xml,2018-04-19T15:13:56Z,Undefined,ONRM_RootMo_R,eNODEb,0255ML,1,1,RRU-1,DATA_1,,,,,,SOURCEPHOTONICS ,RDH10247/2    ,141110  ,ECB2007459      ,SPMRSR1IDFBEN   ,,25,10  
cm_exp_20180419_150529.xml,2018-04-19T15:13:56Z,Undefined,ONRM_RootMo_R,eNODEb,0255ML,1,1,RRU-1,DATA_2,,,,,,,,,,,,,
cm_exp_20180419_150529.xml,2018-04-19T15:13:56Z,Undefined,ONRM_RootMo_R,eNODEb,0255ML,1,1,RRU-2,DATA_1,,,,,,DELTA           ,RDH10247/2    ,15072201,153006106695    ,LCP-2488B4HDRM-E,R2A  ,13,A   
cm_exp_20180419_150529.xml,2018-04-19T15:13:56Z,Undefined,ONRM_RootMo_R,eNODEb,0255ML,1,1,RRU-2,DATA_2,,,,,,,,,,,,,
cm_exp_20180419_150529.xml,2018-04-19T15:13:56Z,Undefined,ONRM_RootMo_R,eNODEb,0255ML,1,1,RRU-3,DATA_1,,,,,,DELTA           ,RDH10247/2    ,15072201,153006106671    ,LCP-2488B4HDRM-E,R2A  ,13,A   
cm_exp_20180419_150529.xml,2018-04-19T15:13:56Z,Undefined,ONRM_RootMo_R,eNODEb,0255ML,1,1,RRU-3,DATA_2,,,,,,,,,,,,,
cm_exp_20180419_150529.xml,2018-04-19T15:13:56Z,Undefined,ONRM_RootMo_R,eNODEb,0255ML,1,1,,A,1,1,1,,,DELTA           ,RDH10247/2    ,15072201,153006106670    ,LCP-2488B4HDRM-E,R2A  ,13,A   
cm_exp_20180419_150529.xml,2018-04-19T15:13:56Z,Undefined,ONRM_RootMo_R,eNODEb,0255ML,1,1,,B,1,1,1,,,DELTA           ,RDH10247/2    ,15072201,153006106948    ,LCP-2488B4HDRM-E,R2A  ,13,A   
cm_exp_20180419_150529.xml,2018-04-19T15:13:56Z,Undefined,ONRM_RootMo_R,eNODEb,0255ML,1,1,,C,1,1,1,,,DELTA           ,RDH10247/2    ,15072001,153006100750    ,LCP-2488B4HDRM-E,R2A  ,13,A   
cm_exp_20180419_150529.xml,2018-04-19T15:13:56Z,Undefined,ONRM_RootMo_R,eNODEb,0255ML,1,1,,D,1,1,1,,,,,,,,,,
cm_exp_20180419_150529.xml,2018-04-19T15:13:56Z,Undefined,ONRM_RootMo_R,eNODEb,0255ML,1,1,,E,1,1,1,,,,,,,,,,
cm_exp_20180419_150529.xml,2018-04-19T15:13:56Z,Undefined,ONRM_RootMo_R,eNODEb,0255ML,1,1,,F,1,1,1,,,,,,,,,,
cm_exp_20180419_150554.xml,2018-04-19T15:13:56Z,Undefined,ONRM_RootMo_R,eNODEb,0270ML,1,1,RRU-1,DATA_1,,,,,,DELTA           ,RDH10247/2    ,14112301,144706121356    ,LCP-2488B4HDRT-E,,25,A   
cm_exp_20180419_150554.xml,2018-04-19T15:13:56Z,Undefined,ONRM_RootMo_R,eNODEb,0270ML,1,1,RRU-1,DATA_2,,,,,,,,,,,,,
cm_exp_20180419_150554.xml,2018-04-19T15:13:56Z,Undefined,ONRM_RootMo_R,eNODEb,0270ML,1,1,RRU-2,DATA_1,,,,,,DELTA           ,RDH10247/2    ,14112301,144706121354    ,LCP-2488B4HDRT-E,,25,A   
cm_exp_20180419_150554.xml,2018-04-19T15:13:56Z,Undefined,ONRM_RootMo_R,eNODEb,0270ML,1,1,RRU-2,DATA_2,,,,,,,,,,,,,
cm_exp_20180419_150554.xml,2018-04-19T15:13:56Z,Undefined,ONRM_RootMo_R,eNODEb,0270ML,1,1,RRU-3,DATA_1,,,,,,DELTA           ,RDH10247/2    ,14112301,144706121359    ,LCP-2488B4HDRT-E,,25,A   
cm_exp_20180419_150554.xml,2018-04-19T15:13:56Z,Undefined,ONRM_RootMo_R,eNODEb,0270ML,1,1,RRU-3,DATA_2,,,,,,,,,,,,,
cm_exp_20180419_150554.xml,2018-04-19T15:13:56Z,Undefined,ONRM_RootMo_R,eNODEb,0270ML,1,1,,A,1,1,1,,,DELTA           ,RDH10247/2    ,15072201,153006106806    ,LCP-2488B4HDRM-E,R2A  ,13,A   
cm_exp_20180419_150554.xml,2018-04-19T15:13:56Z,Undefined,ONRM_RootMo_R,eNODEb,0270ML,1,1,,B,1,1,1,,,OPNEXT INC      ,RDH10247/2,120828  ,L12H23918       ,TRF5736AVLB243  ,R1A,25,A2A 
cm_exp_20180419_150554.xml,2018-04-19T15:13:56Z,Undefined,ONRM_RootMo_R,eNODEb,0270ML,1,1,,C,1,1,1,,,OPNEXT INC      ,RDH10247/2,120828  ,L12H23899       ,TRF5736AVLB243  ,R1A,25,A2A 
cm_exp_20180419_150554.xml,2018-04-19T15:13:56Z,Undefined,ONRM_RootMo_R,eNODEb,0270ML,1,1,,D,1,1,1,,,,,,,,,,
cm_exp_20180419_150554.xml,2018-04-19T15:13:56Z,Undefined,ONRM_RootMo_R,eNODEb,0270ML,1,1,,E,1,1,1,,,,,,,,,,
cm_exp_20180419_150554.xml,2018-04-19T15:13:56Z,Undefined,ONRM_RootMo_R,eNODEb,0270ML,1,1,,F,1,1,1,,,,,,,,,,
cm_exp_20180419_150618.xml,2018-04-19T15:13:56Z,Undefined,ONRM_RootMo_R,eNODEb,0304ML,1,1,RRU-1,DATA_1,,,,,,DELTA           ,RDH10247/2    ,15072201,153006106653    ,LCP-2488B4HDRM-E,R2A  ,13,A   
cm_exp_20180419_150618.xml,2018-04-19T15:13:56Z,Undefined,ONRM_RootMo_R,eNODEb,0304ML,1,1,RRU-1,DATA_2,,,,,,,,,,,,,
cm_exp_20180419_150618.xml,2018-04-19T15:13:56Z,Undefined,ONRM_RootMo_R,eNODEb,0304ML,1,1,RRU-2,DATA_1,,,,,,DELTA           ,RDH10247/2    ,15072201,153006106654    ,LCP-2488B4HDRM-E,R2A  ,13,A   
cm_exp_20180419_150618.xml,2018-04-19T15:13:56Z,Undefined,ONRM_RootMo_R,eNODEb,0304ML,1,1,RRU-2,DATA_2,,,,,,,,,,,,,
cm_exp_20180419_150618.xml,2018-04-19T15:13:56Z,Undefined,ONRM_RootMo_R,eNODEb,0304ML,1,1,RRU-3,DATA_1,,,,,,DELTA           ,RDH10247/2    ,15072201,153006106655    ,LCP-2488B4HDRM-E,R2A  ,13,A   
cm_exp_20180419_150618.xml,2018-04-19T15:13:56Z,Undefined,ONRM_RootMo_R,eNODEb,0304ML,1,1,RRU-3,DATA_2,,,,,,,,,,,,,
cm_exp_20180419_150618.xml,2018-04-19T15:13:56Z,Undefined,ONRM_RootMo_R,eNODEb,0304ML,1,1,,A,1,1,1,,,DELTA           ,RDH10247/2    ,15072201,153006106651    ,LCP-2488B4HDRM-E,R2A  ,13,A   
cm_exp_20180419_150618.xml,2018-04-19T15:13:56Z,Undefined,ONRM_RootMo_R,eNODEb,0304ML,1,1,,B,1,1,1,,,DELTA           ,RDH10247/2    ,15072101,153006105423    ,LCP-2488B4HDRM-E,R2A  ,13,A   
cm_exp_20180419_150618.xml,2018-04-19T15:13:56Z,Undefined,ONRM_RootMo_R,eNODEb,0304ML,1,1,,C,1,1,1,,,JDSU            ,RDH10247/2,12090401,SC3767700063    ,JSH-12L1DD1-ES  ,R1A,25,2   
cm_exp_20180419_150618.xml,2018-04-19T15:13:56Z,Undefined,ONRM_RootMo_R,eNODEb,0304ML,1,1,,D,1,1,1,,,,,,,,,,
cm_exp_20180419_150618.xml,2018-04-19T15:13:56Z,Undefined,ONRM_RootMo_R,eNODEb,0304ML,1,1,,E,1,1,1,,,,,,,,,,
cm_exp_20180419_150618.xml,2018-04-19T15:13:56Z,Undefined,ONRM_RootMo_R,eNODEb,0304ML,1,1,,F,1,1,1,,,,,,,,,,
cm_exp_20180419_150643.xml,2018-04-19T15:13:56Z,Undefined,ONRM_RootMo_R,eNODEb,0312ML,1,1,RRU-1,DATA_1,,,,,,SOURCEPHOTONICS ,RDH10247/2    ,141117  ,ECI2006940      ,SPMRSR1IDFBEN   ,,25,10  
cm_exp_20180419_150643.xml,2018-04-19T15:13:56Z,Undefined,ONRM_RootMo_R,eNODEb,0312ML,1,1,RRU-1,DATA_2,,,,,,,,,,,,,
cm_exp_20180419_150643.xml,2018-04-19T15:13:56Z,Undefined,ONRM_RootMo_R,eNODEb,0312ML,1,1,RRU-2,DATA_1,,,,,,SOURCEPHOTONICS ,RDH10247/2    ,141118  ,ECJ2000072      ,SPMRSR1IDFBEN   ,,25,10  
cm_exp_20180419_150643.xml,2018-04-19T15:13:56Z,Undefined,ONRM_RootMo_R,eNODEb,0312ML,1,1,RRU-2,DATA_2,,,,,,,,,,,,,
cm_exp_20180419_150643.xml,2018-04-19T15:13:56Z,Undefined,ONRM_RootMo_R,eNODEb,0312ML,1,1,RRU-3,DATA_1,,,,,,SOURCEPHOTONICS ,RDH10247/2    ,141118  ,ECJ2000605      ,SPMRSR1IDFBEN   ,,25,10  
cm_exp_20180419_150643.xml,2018-04-19T15:13:56Z,Undefined,ONRM_RootMo_R,eNODEb,0312ML,1,1,RRU-3,DATA_2,,,,,,,,,,,,,
cm_exp_20180419_150643.xml,2018-04-19T15:13:56Z,Undefined,ONRM_RootMo_R,eNODEb,0312ML,1,1,,A,1,1,1,,,WTD             ,RDH10247/2    ,150627  ,EC152600251886  ,RTXM192-406-C24 ,R2A  ,13,3.0 
cm_exp_20180419_150643.xml,2018-04-19T15:13:56Z,Undefined,ONRM_RootMo_R,eNODEb,0312ML,1,1,,B,1,1,1,,,WTD             ,RDH10247/2    ,150627  ,EC152600251891  ,RTXM192-406-C24 ,R2A  ,13,3.0 
cm_exp_20180419_150643.xml,2018-04-19T15:13:56Z,Undefined,ONRM_RootMo_R,eNODEb,0312ML,1,1,,C,1,1,1,,,WTD             ,RDH10247/2    ,150627  ,EC152600251892  ,RTXM192-406-C24 ,R2A  ,13,3.0 
cm_exp_20180419_150643.xml,2018-04-19T15:13:56Z,Undefined,ONRM_RootMo_R,eNODEb,0312ML,1,1,,D,1,1,1,,,,,,,,,,
cm_exp_20180419_150643.xml,2018-04-19T15:13:56Z,Undefined,ONRM_RootMo_R,eNODEb,0312ML,1,1,,E,1,1,1,,,,,,,,,,
cm_exp_20180419_150643.xml,2018-04-19T15:13:56Z,Undefined,ONRM_RootMo_R,eNODEb,0312ML,1,1,,F,1,1,1,,,,,,,,,,
cm_exp_20180419_150750.xml,2018-04-19T15:13:56Z,Undefined,ONRM_RootMo_R,eNODEb,0370ML,1,1,RRU-1,DATA_1,,,,,,JDSU            ,RDH10247/2,12091301,SC37677015B2    ,JSH-12L1DD1-ES  ,R1A,25,2   
cm_exp_20180419_150750.xml,2018-04-19T15:13:56Z,Undefined,ONRM_RootMo_R,eNODEb,0370ML,1,1,RRU-1,DATA_2,,,,,,,,,,,,,
cm_exp_20180419_150750.xml,2018-04-19T15:13:56Z,Undefined,ONRM_RootMo_R,eNODEb,0370ML,1,1,RRU-2,DATA_1,,,,,,JDSU            ,RDH10247/2,12091301,SC3767701595    ,JSH-12L1DD1-ES  ,R1A,25,2   
cm_exp_20180419_150750.xml,2018-04-19T15:13:56Z,Undefined,ONRM_RootMo_R,eNODEb,0370ML,1,1,RRU-2,DATA_2,,,,,,,,,,,,,
cm_exp_20180419_150750.xml,2018-04-19T15:13:56Z,Undefined,ONRM_RootMo_R,eNODEb,0370ML,1,1,RRU-3,DATA_1,,,,,,JDSU            ,RDH10247/2,12091301,SC37677015C2    ,JSH-12L1DD1-ES  ,R1A,25,2   
cm_exp_20180419_150750.xml,2018-04-19T15:13:56Z,Undefined,ONRM_RootMo_R,eNODEb,0370ML,1,1,RRU-3,DATA_2,,,,,,,,,,,,,
cm_exp_20180419_150750.xml,2018-04-19T15:13:56Z,Undefined,ONRM_RootMo_R,eNODEb,0370ML,1,1,,A,1,1,1,,,DELTA           ,RDH10247/2    ,15072101,153006105754    ,LCP-2488B4HDRM-E,R2A  ,13,A   
cm_exp_20180419_150750.xml,2018-04-19T15:13:56Z,Undefined,ONRM_RootMo_R,eNODEb,0370ML,1,1,,B,1,1,1,,,DELTA           ,RDH10247/2    ,15072101,153006105734    ,LCP-2488B4HDRM-E,R2A  ,13,A   
cm_exp_20180419_150750.xml,2018-04-19T15:13:56Z,Undefined,ONRM_RootMo_R,eNODEb,0370ML,1,1,,C,1,1,1,,,DELTA           ,RDH10247/2    ,15072001,153006100650    ,LCP-2488B4HDRM-E,R2A  ,13,A   
cm_exp_20180419_150750.xml,2018-04-19T15:13:56Z,Undefined,ONRM_RootMo_R,eNODEb,0370ML,1,1,,D,1,1,1,,,,,,,,,,
cm_exp_20180419_150750.xml,2018-04-19T15:13:56Z,Undefined,ONRM_RootMo_R,eNODEb,0370ML,1,1,,E,1,1,1,,,,,,,,,,
cm_exp_20180419_150750.xml,2018-04-19T15:13:56Z,Undefined,ONRM_RootMo_R,eNODEb,0370ML,1,1,,F,1,1,1,,,,,,,,,,
cm_exp_20180419_150814.xml,2018-04-19T15:13:56Z,Undefined,ONRM_RootMo_R,eNODEb,0378ML,1,1,RRU-1,DATA_1,,,,,,DELTA           ,RDH10247/2    ,15072101,153006103121    ,LCP-2488B4HDRM-E,R2A  ,13,A   
cm_exp_20180419_150814.xml,2018-04-19T15:13:56Z,Undefined,ONRM_RootMo_R,eNODEb,0378ML,1,1,RRU-1,DATA_2,,,,,,,,,,,,,
cm_exp_20180419_150814.xml,2018-04-19T15:13:56Z,Undefined,ONRM_RootMo_R,eNODEb,0378ML,1,1,RRU-2,DATA_1,,,,,,DELTA           ,RDH10247/2    ,15072301,153006109505    ,LCP-2488B4HDRM-E,R2A  ,13,A   
cm_exp_20180419_150814.xml,2018-04-19T15:13:56Z,Undefined,ONRM_RootMo_R,eNODEb,0378ML,1,1,RRU-2,DATA_2,,,,,,,,,,,,,
cm_exp_20180419_150814.xml,2018-04-19T15:13:56Z,Undefined,ONRM_RootMo_R,eNODEb,0378ML,1,1,RRU-3,DATA_1,,,,,,DELTA           ,RDH10247/2    ,15072101,153006103103    ,LCP-2488B4HDRM-E,R2A  ,13,A   
cm_exp_20180419_150814.xml,2018-04-19T15:13:56Z,Undefined,ONRM_RootMo_R,eNODEb,0378ML,1,1,RRU-3,DATA_2,,,,,,,,,,,,,
cm_exp_20180419_150814.xml,2018-04-19T15:13:56Z,Undefined,ONRM_RootMo_R,eNODEb,0378ML,1,1,,A,1,1,1,,,DELTA           ,RDH10247/2    ,15072301,153006109506    ,LCP-2488B4HDRM-E,R2A  ,13,A   
cm_exp_20180419_150814.xml,2018-04-19T15:13:56Z,Undefined,ONRM_RootMo_R,eNODEb,0378ML,1,1,,B,1,1,1,,,DELTA           ,RDH10247/2    ,15072101,153006103102    ,LCP-2488B4HDRM-E,R2A  ,13,A   
cm_exp_20180419_150814.xml,2018-04-19T15:13:56Z,Undefined,ONRM_RootMo_R,eNODEb,0378ML,1,1,,C,1,1,1,,,DELTA           ,RDH10247/2    ,15072301,153006109509    ,LCP-2488B4HDRM-E,R2A  ,13,A   
cm_exp_20180419_150814.xml,2018-04-19T15:13:56Z,Undefined,ONRM_RootMo_R,eNODEb,0378ML,1,1,,D,1,1,1,,,,,,,,,,
cm_exp_20180419_150814.xml,2018-04-19T15:13:56Z,Undefined,ONRM_RootMo_R,eNODEb,0378ML,1,1,,E,1,1,1,,,,,,,,,,
cm_exp_20180419_150814.xml,2018-04-19T15:13:56Z,Undefined,ONRM_RootMo_R,eNODEb,0378ML,1,1,,F,1,1,1,,,,,,,,,,
cm_exp_20180419_150846.xml,2018-04-19T15:13:56Z,Undefined,ONRM_RootMo_R,eNODEb,0380ML,1,1,RU-1,DATA_1,,,,,,,Non-Ericsson,,,,Non-Ericsson,0,
cm_exp_20180419_150846.xml,2018-04-19T15:13:56Z,Undefined,ONRM_RootMo_R,eNODEb,0380ML,1,1,RU-1,DATA_2,,,,,,,,,,,,,
cm_exp_20180419_150846.xml,2018-04-19T15:13:56Z,Undefined,ONRM_RootMo_R,eNODEb,0380ML,1,1,RU-2,DATA_1,,,,,,Electrical FCI  ,,,,,,0,
cm_exp_20180419_150846.xml,2018-04-19T15:13:56Z,Undefined,ONRM_RootMo_R,eNODEb,0380ML,1,1,RU-2,DATA_2,,,,,,,,,,,,,
cm_exp_20180419_150846.xml,2018-04-19T15:13:56Z,Undefined,ONRM_RootMo_R,eNODEb,0380ML,1,1,RU-3,DATA_1,,,,,,Electrical FCI  ,,,,,,0,
cm_exp_20180419_150846.xml,2018-04-19T15:13:56Z,Undefined,ONRM_RootMo_R,eNODEb,0380ML,1,1,RU-3,DATA_2,,,,,,,,,,,,,
cm_exp_20180419_150846.xml,2018-04-19T15:13:56Z,Undefined,ONRM_RootMo_R,eNODEb,0380ML,1,1,RU-4,DATA_1,,,,,,Electrical FCI  ,,,,,,0,
cm_exp_20180419_150846.xml,2018-04-19T15:13:56Z,Undefined,ONRM_RootMo_R,eNODEb,0380ML,1,1,RU-4,DATA_2,,,,,,,,,,,,,
cm_exp_20180419_150846.xml,2018-04-19T15:13:56Z,Undefined,ONRM_RootMo_R,eNODEb,0380ML,1,1,RU-5,DATA_1,,,,,,Electrical FCI  ,,,,,,0,
cm_exp_20180419_150846.xml,2018-04-19T15:13:56Z,Undefined,ONRM_RootMo_R,eNODEb,0380ML,1,1,RU-5,DATA_2,,,,,,,,,,,,,
cm_exp_20180419_150846.xml,2018-04-19T15:13:56Z,Undefined,ONRM_RootMo_R,eNODEb,0380ML,1,1,RU-6,DATA_1,,,,,,Electrical FCI  ,,,,,,0,
cm_exp_20180419_150846.xml,2018-04-19T15:13:56Z,Undefined,ONRM_RootMo_R,eNODEb,0380ML,1,1,RU-6,DATA_2,,,,,,,,,,,,,
cm_exp_20180419_150846.xml,2018-04-19T15:13:56Z,Undefined,ONRM_RootMo_R,eNODEb,0380ML,1,1,,A,1,1,1,,,Electrical      ,,,,,,0,
cm_exp_20180419_150846.xml,2018-04-19T15:13:56Z,Undefined,ONRM_RootMo_R,eNODEb,0380ML,1,1,,B,1,1,1,,,Electrical      ,,,,,,0,
cm_exp_20180419_150846.xml,2018-04-19T15:13:56Z,Undefined,ONRM_RootMo_R,eNODEb,0380ML,1,1,,C,1,1,1,,,Electrical      ,,,,,,0,
cm_exp_20180419_150846.xml,2018-04-19T15:13:56Z,Undefined,ONRM_RootMo_R,eNODEb,0380ML,1,1,,D,1,1,1,,,Electrical      ,,,,,,0,
cm_exp_20180419_150846.xml,2018-04-19T15:13:56Z,Undefined,ONRM_RootMo_R,eNODEb,0380ML,1,1,,E,1,1,1,,,Electrical      ,,,,,,0,
cm_exp_20180419_150846.xml,2018-04-19T15:13:56Z,Undefined,ONRM_RootMo_R,eNODEb,0380ML,1,1,,F,1,1,1,,,Electrical      ,,,,,,0,
cm_exp_20180419_150917.xml,2018-04-19T15:13:56Z,Undefined,ONRM_RootMo_R,eNODEb,0430ML,1,1,RRU-1,DATA_1,,,,,,DELTA           ,RDH10247/2    ,16062401,1626061A0107731 ,LCP-2488B4HDRME1,R2A  ,13,A   
cm_exp_20180419_150917.xml,2018-04-19T15:13:56Z,Undefined,ONRM_RootMo_R,eNODEb,0430ML,1,1,RRU-1,DATA_2,,,,,,,,,,,,,
cm_exp_20180419_150917.xml,2018-04-19T15:13:56Z,Undefined,ONRM_RootMo_R,eNODEb,0430ML,1,1,RRU-2,DATA_1,,,,,,DELTA           ,RDH10247/2    ,16062401,1626061A0107740 ,LCP-2488B4HDRME1,R2A  ,13,A   
cm_exp_20180419_150917.xml,2018-04-19T15:13:56Z,Undefined,ONRM_RootMo_R,eNODEb,0430ML,1,1,RRU-2,DATA_2,,,,,,,,,,,,,
cm_exp_20180419_150917.xml,2018-04-19T15:13:56Z,Undefined,ONRM_RootMo_R,eNODEb,0430ML,1,1,RRU-3,DATA_1,,,,,,DELTA           ,RDH10247/2    ,16062401,1626061A0107735 ,LCP-2488B4HDRME1,R2A  ,13,A   
cm_exp_20180419_150917.xml,2018-04-19T15:13:56Z,Undefined,ONRM_RootMo_R,eNODEb,0430ML,1,1,RRU-3,DATA_2,,,,,,,,,,,,,
cm_exp_20180419_150917.xml,2018-04-19T15:13:56Z,Undefined,ONRM_RootMo_R,eNODEb,0430ML,1,1,,A,1,1,1,,,DELTA           ,RDH10247/2    ,15072101,153006103155    ,LCP-2488B4HDRM-E,R2A  ,13,A   
cm_exp_20180419_150917.xml,2018-04-19T15:13:56Z,Undefined,ONRM_RootMo_R,eNODEb,0430ML,1,1,,B,1,1,1,,,DELTA           ,RDH10247/2    ,15072201,153006106932    ,LCP-2488B4HDRM-E,R2A  ,13,A   
cm_exp_20180419_150917.xml,2018-04-19T15:13:56Z,Undefined,ONRM_RootMo_R,eNODEb,0430ML,1,1,,C,1,1,1,,,DELTA           ,RDH10247/2    ,15072201,153006106929    ,LCP-2488B4HDRM-E,R2A  ,13,A   
cm_exp_20180419_150917.xml,2018-04-19T15:13:56Z,Undefined,ONRM_RootMo_R,eNODEb,0430ML,1,1,,D,1,1,1,,,,,,,,,,
cm_exp_20180419_150917.xml,2018-04-19T15:13:56Z,Undefined,ONRM_RootMo_R,eNODEb,0430ML,1,1,,E,1,1,1,,,,,,,,,,
cm_exp_20180419_150917.xml,2018-04-19T15:13:56Z,Undefined,ONRM_RootMo_R,eNODEb,0430ML,1,1,,F,1,1,1,,,,,,,,,,
cm_exp_20180419_150943.xml,2018-04-19T15:13:56Z,Undefined,ONRM_RootMo_R,eNODEb,0445ML,1,1,RU-1,DATA_1,,,,,,Electrical FCI  ,,,,,,0,
cm_exp_20180419_150943.xml,2018-04-19T15:13:56Z,Undefined,ONRM_RootMo_R,eNODEb,0445ML,1,1,RU-1,DATA_2,,,,,,,,,,,,,
cm_exp_20180419_150943.xml,2018-04-19T15:13:56Z,Undefined,ONRM_RootMo_R,eNODEb,0445ML,1,1,RU-2,DATA_1,,,,,,Electrical FCI  ,,,,,,0,
cm_exp_20180419_150943.xml,2018-04-19T15:13:56Z,Undefined,ONRM_RootMo_R,eNODEb,0445ML,1,1,RU-2,DATA_2,,,,,,,,,,,,,
cm_exp_20180419_150943.xml,2018-04-19T15:13:56Z,Undefined,ONRM_RootMo_R,eNODEb,0445ML,1,1,RU-3,DATA_1,,,,,,Electrical FCI  ,,,,,,0,
cm_exp_20180419_150943.xml,2018-04-19T15:13:56Z,Undefined,ONRM_RootMo_R,eNODEb,0445ML,1,1,RU-3,DATA_2,,,,,,,,,,,,,
cm_exp_20180419_150943.xml,2018-04-19T15:13:56Z,Undefined,ONRM_RootMo_R,eNODEb,0445ML,1,1,RU-4,DATA_1,,,,,,Electrical FCI  ,,,,,,0,
cm_exp_20180419_150943.xml,2018-04-19T15:13:56Z,Undefined,ONRM_RootMo_R,eNODEb,0445ML,1,1,RU-4,DATA_2,,,,,,,,,,,,,
cm_exp_20180419_150943.xml,2018-04-19T15:13:56Z,Undefined,ONRM_RootMo_R,eNODEb,0445ML,1,1,RU-5,DATA_1,,,,,,Electrical FCI  ,,,,,,0,
cm_exp_20180419_150943.xml,2018-04-19T15:13:56Z,Undefined,ONRM_RootMo_R,eNODEb,0445ML,1,1,RU-5,DATA_2,,,,,,,,,,,,,
cm_exp_20180419_150943.xml,2018-04-19T15:13:56Z,Undefined,ONRM_RootMo_R,eNODEb,0445ML,1,1,RU-6,DATA_1,,,,,,Electrical FCI  ,,,,,,0,
cm_exp_20180419_150943.xml,2018-04-19T15:13:56Z,Undefined,ONRM_RootMo_R,eNODEb,0445ML,1,1,RU-6,DATA_2,,,,,,,,,,,,,
cm_exp_20180419_150943.xml,2018-04-19T15:13:56Z,Undefined,ONRM_RootMo_R,eNODEb,0445ML,1,1,,A,1,1,1,,,Electrical      ,,,,,,0,
cm_exp_20180419_150943.xml,2018-04-19T15:13:56Z,Undefined,ONRM_RootMo_R,eNODEb,0445ML,1,1,,B,1,1,1,,,Electrical      ,,,,,,0,
cm_exp_20180419_150943.xml,2018-04-19T15:13:56Z,Undefined,ONRM_RootMo_R,eNODEb,0445ML,1,1,,C,1,1,1,,,Electrical      ,,,,,,0,
cm_exp_20180419_150943.xml,2018-04-19T15:13:56Z,Undefined,ONRM_RootMo_R,eNODEb,0445ML,1,1,,D,1,1,1,,,Electrical      ,,,,,,0,
cm_exp_20180419_150943.xml,2018-04-19T15:13:56Z,Undefined,ONRM_RootMo_R,eNODEb,0445ML,1,1,,E,1,1,1,,,Electrical      ,,,,,,0,
cm_exp_20180419_150943.xml,2018-04-19T15:13:56Z,Undefined,ONRM_RootMo_R,eNODEb,0445ML,1,1,,F,1,1,1,,,Electrical      ,,,,,,0,
cm_exp_20180419_151002.xml,2018-04-19T15:13:56Z,Undefined,ONRM_RootMo_R,eNODEb,0447ML,1,1,RRU-1,DATA_1,,,,,,SOURCEPHOTONICS ,RDH10247/2    ,141112  ,ECD2010423      ,SPMRSR1IDFBEN   ,,25,10  
cm_exp_20180419_151002.xml,2018-04-19T15:13:56Z,Undefined,ONRM_RootMo_R,eNODEb,0447ML,1,1,RRU-1,DATA_2,,,,,,,,,,,,,
cm_exp_20180419_151002.xml,2018-04-19T15:13:56Z,Undefined,ONRM_RootMo_R,eNODEb,0447ML,1,1,RRU-2,DATA_1,,,,,,SOURCEPHOTONICS ,RDH10247/2    ,141119  ,ECK2011354      ,SPMRSR1IDFBEN   ,,25,10  
cm_exp_20180419_151002.xml,2018-04-19T15:13:56Z,Undefined,ONRM_RootMo_R,eNODEb,0447ML,1,1,RRU-2,DATA_2,,,,,,,,,,,,,
cm_exp_20180419_151002.xml,2018-04-19T15:13:56Z,Undefined,ONRM_RootMo_R,eNODEb,0447ML,1,1,RRU-3,DATA_1,,,,,,SOURCEPHOTONICS ,RDH10247/2    ,141119  ,ECK2011762      ,SPMRSR1IDFBEN   ,,25,10  
cm_exp_20180419_151002.xml,2018-04-19T15:13:56Z,Undefined,ONRM_RootMo_R,eNODEb,0447ML,1,1,RRU-3,DATA_2,,,,,,,,,,,,,
cm_exp_20180419_151002.xml,2018-04-19T15:13:56Z,Undefined,ONRM_RootMo_R,eNODEb,0447ML,1,1,,A,1,1,1,,,SOURCEPHOTONICS ,RDH10247/2    ,141119  ,ECK2011782      ,SPMRSR1IDFBEN   ,,25,10  
cm_exp_20180419_151002.xml,2018-04-19T15:13:56Z,Undefined,ONRM_RootMo_R,eNODEb,0447ML,1,1,,B,1,1,1,,,SOURCEPHOTONICS ,RDH10247/2    ,141113  ,ECE2011862      ,SPMRSR1IDFBEN   ,,25,10  
cm_exp_20180419_151002.xml,2018-04-19T15:13:56Z,Undefined,ONRM_RootMo_R,eNODEb,0447ML,1,1,,C,1,1,1,,,SOURCEPHOTONICS ,RDH10247/2    ,141113  ,ECE2012249      ,SPMRSR1IDFBEN   ,,25,10  
cm_exp_20180419_151002.xml,2018-04-19T15:13:56Z,Undefined,ONRM_RootMo_R,eNODEb,0447ML,1,1,,D,1,1,1,,,,,,,,,,
cm_exp_20180419_151002.xml,2018-04-19T15:13:56Z,Undefined,ONRM_RootMo_R,eNODEb,0447ML,1,1,,E,1,1,1,,,,,,,,,,
cm_exp_20180419_151002.xml,2018-04-19T15:13:56Z,Undefined,ONRM_RootMo_R,eNODEb,0447ML,1,1,,F,1,1,1,,,,,,,,,,
cm_exp_20180419_151042.xml,2018-04-19T15:13:56Z,Undefined,ONRM_RootMo_R,eNODEb,0468ML,1,1,RU-1,DATA_1,,,,,,,Non-Ericsson,,,,Non-Ericsson,0,
cm_exp_20180419_151042.xml,2018-04-19T15:13:56Z,Undefined,ONRM_RootMo_R,eNODEb,0468ML,1,1,RU-1,DATA_2,,,,,,,,,,,,,
cm_exp_20180419_151042.xml,2018-04-19T15:13:56Z,Undefined,ONRM_RootMo_R,eNODEb,0468ML,1,1,RU-2,DATA_1,,,,,,Electrical FCI  ,,,,,,0,
cm_exp_20180419_151042.xml,2018-04-19T15:13:56Z,Undefined,ONRM_RootMo_R,eNODEb,0468ML,1,1,RU-2,DATA_2,,,,,,,,,,,,,
cm_exp_20180419_151042.xml,2018-04-19T15:13:56Z,Undefined,ONRM_RootMo_R,eNODEb,0468ML,1,1,RU-3,DATA_1,,,,,,Electrical FCI  ,,,,,,0,
cm_exp_20180419_151042.xml,2018-04-19T15:13:56Z,Undefined,ONRM_RootMo_R,eNODEb,0468ML,1,1,RU-3,DATA_2,,,,,,,,,,,,,
cm_exp_20180419_151042.xml,2018-04-19T15:13:56Z,Undefined,ONRM_RootMo_R,eNODEb,0468ML,1,1,RU-4,DATA_1,,,,,,Electrical FCI  ,,,,,,0,
cm_exp_20180419_151042.xml,2018-04-19T15:13:56Z,Undefined,ONRM_RootMo_R,eNODEb,0468ML,1,1,RU-4,DATA_2,,,,,,,,,,,,,
cm_exp_20180419_151042.xml,2018-04-19T15:13:56Z,Undefined,ONRM_RootMo_R,eNODEb,0468ML,1,1,RU-5,DATA_1,,,,,,Electrical FCI  ,,,,,,0,
cm_exp_20180419_151042.xml,2018-04-19T15:13:56Z,Undefined,ONRM_RootMo_R,eNODEb,0468ML,1,1,RU-5,DATA_2,,,,,,,,,,,,,
cm_exp_20180419_151042.xml,2018-04-19T15:13:56Z,Undefined,ONRM_RootMo_R,eNODEb,0468ML,1,1,RU-6,DATA_1,,,,,,Electrical FCI  ,,,,,,0,
cm_exp_20180419_151042.xml,2018-04-19T15:13:56Z,Undefined,ONRM_RootMo_R,eNODEb,0468ML,1,1,RU-6,DATA_2,,,,,,,,,,,,,
cm_exp_20180419_151042.xml,2018-04-19T15:13:56Z,Undefined,ONRM_RootMo_R,eNODEb,0468ML,1,1,,A,1,1,1,,,,Non-Ericsson,,,,Non-Ericsson,0,
cm_exp_20180419_151042.xml,2018-04-19T15:13:56Z,Undefined,ONRM_RootMo_R,eNODEb,0468ML,1,1,,B,1,1,1,,,Electrical      ,,,,,,0,
cm_exp_20180419_151042.xml,2018-04-19T15:13:56Z,Undefined,ONRM_RootMo_R,eNODEb,0468ML,1,1,,C,1,1,1,,,Electrical      ,,,,,,0,
cm_exp_20180419_151042.xml,2018-04-19T15:13:56Z,Undefined,ONRM_RootMo_R,eNODEb,0468ML,1,1,,D,1,1,1,,,Electrical      ,,,,,,0,
cm_exp_20180419_151042.xml,2018-04-19T15:13:56Z,Undefined,ONRM_RootMo_R,eNODEb,0468ML,1,1,,E,1,1,1,,,Electrical      ,,,,,,0,
cm_exp_20180419_151042.xml,2018-04-19T15:13:56Z,Undefined,ONRM_RootMo_R,eNODEb,0468ML,1,1,,F,1,1,1,,,Electrical      ,,,,,,0,
cm_exp_20180419_151106.xml,2018-04-19T15:13:56Z,Undefined,ONRM_RootMo_R,eNODEb,0474ML,1,1,RU-1-1,DATA_1,,,,1,1,SOURCEPHOTONICS ,RDH10247/2    ,130308  ,D472008513      ,SPMRSR1IDFBEN   ,,25,10  
cm_exp_20180419_151106.xml,2018-04-19T15:13:56Z,Undefined,ONRM_RootMo_R,eNODEb,0474ML,1,1,RU-1-1,DATA_2,,,,1,1,,,,,,,,
cm_exp_20180419_151106.xml,2018-04-19T15:13:56Z,Undefined,ONRM_RootMo_R,eNODEb,0474ML,1,1,RU-1-2,DATA_1,,,,1,2,SOURCEPHOTONICS ,RDH10247/2    ,130307  ,D3M2014979      ,SPMRSR1IDFBEN   ,,25,10  
cm_exp_20180419_151106.xml,2018-04-19T15:13:56Z,Undefined,ONRM_RootMo_R,eNODEb,0474ML,1,1,RU-1-2,DATA_2,,,,1,2,,,,,,,,
cm_exp_20180419_151106.xml,2018-04-19T15:13:56Z,Undefined,ONRM_RootMo_R,eNODEb,0474ML,1,1,RU-1-3,DATA_1,,,,1,3,SOURCEPHOTONICS ,RDH10247/2    ,130307  ,D472009724      ,SPMRSR1IDFBEN   ,,25,10  
cm_exp_20180419_151106.xml,2018-04-19T15:13:56Z,Undefined,ONRM_RootMo_R,eNODEb,0474ML,1,1,RU-1-3,DATA_2,,,,1,3,,,,,,,,
cm_exp_20180419_151106.xml,2018-04-19T15:13:56Z,Undefined,ONRM_RootMo_R,eNODEb,0474ML,1,1,,A,1,1,1,,,SOURCEPHOTONICS ,RDH10247/2    ,130307  ,D472009374      ,SPMRSR1IDFBEN   ,,25,10  
cm_exp_20180419_151106.xml,2018-04-19T15:13:56Z,Undefined,ONRM_RootMo_R,eNODEb,0474ML,1,1,,B,1,1,1,,,SOURCEPHOTONICS ,RDH10247/2    ,130308  ,D472011187      ,SPMRSR1IDFBEN   ,,25,10  
cm_exp_20180419_151106.xml,2018-04-19T15:13:56Z,Undefined,ONRM_RootMo_R,eNODEb,0474ML,1,1,,C,1,1,1,,,SOURCEPHOTONICS ,RDH10247/2    ,130308  ,D472009587      ,SPMRSR1IDFBEN   ,,25,10  
cm_exp_20180419_151106.xml,2018-04-19T15:13:56Z,Undefined,ONRM_RootMo_R,eNODEb,0474ML,1,1,,D,1,1,1,,,,,,,,,,
cm_exp_20180419_151106.xml,2018-04-19T15:13:56Z,Undefined,ONRM_RootMo_R,eNODEb,0474ML,1,1,,E,1,1,1,,,,,,,,,,
cm_exp_20180419_151106.xml,2018-04-19T15:13:56Z,Undefined,ONRM_RootMo_R,eNODEb,0474ML,1,1,,F,1,1,1,,,,,,,,,,
cm_exp_20180419_151217.xml,2018-04-19T15:13:56Z,Undefined,ONRM_RootMo_R,eNODEb,0573ML,1,1,RRU-1,DATA_1,,,,,,JDSU            ,RDH10247/2,12091601,SC3767701A7B    ,JSH-12L1DD1-ES  ,R1A,25,2   
cm_exp_20180419_151217.xml,2018-04-19T15:13:56Z,Undefined,ONRM_RootMo_R,eNODEb,0573ML,1,1,RRU-1,DATA_2,,,,,,,,,,,,,
cm_exp_20180419_151217.xml,2018-04-19T15:13:56Z,Undefined,ONRM_RootMo_R,eNODEb,0573ML,1,1,RRU-2,DATA_1,,,,,,JDSU            ,RDH10247/2,12091701,SC3767701A3D    ,JSH-12L1DD1-ES  ,R1A,25,2   
cm_exp_20180419_151217.xml,2018-04-19T15:13:56Z,Undefined,ONRM_RootMo_R,eNODEb,0573ML,1,1,RRU-2,DATA_2,,,,,,,,,,,,,
cm_exp_20180419_151217.xml,2018-04-19T15:13:56Z,Undefined,ONRM_RootMo_R,eNODEb,0573ML,1,1,RRU-3,DATA_1,,,,,,JDSU            ,RDH10247/2,12091701,SC3867700593    ,JSH-12L1DD1-ES  ,R1A,25,2   
cm_exp_20180419_151217.xml,2018-04-19T15:13:56Z,Undefined,ONRM_RootMo_R,eNODEb,0573ML,1,1,RRU-3,DATA_2,,,,,,,,,,,,,
cm_exp_20180419_151217.xml,2018-04-19T15:13:56Z,Undefined,ONRM_RootMo_R,eNODEb,0573ML,1,1,RRU-4,DATA_1,,,,,,JDSU            ,RDH10247/2,12091701,SC37677017F2    ,JSH-12L1DD1-ES  ,R1A,25,2   
cm_exp_20180419_151217.xml,2018-04-19T15:13:56Z,Undefined,ONRM_RootMo_R,eNODEb,0573ML,1,1,RRU-4,DATA_2,,,,,,,,,,,,,
cm_exp_20180419_151217.xml,2018-04-19T15:13:56Z,Undefined,ONRM_RootMo_R,eNODEb,0573ML,1,1,RRU-5,DATA_1,,,,,,JDSU            ,RDH10247/2,12091601,SC3867700217    ,JSH-12L1DD1-ES  ,R1A,25,2   
cm_exp_20180419_151217.xml,2018-04-19T15:13:56Z,Undefined,ONRM_RootMo_R,eNODEb,0573ML,1,1,RRU-5,DATA_2,,,,,,,,,,,,,
cm_exp_20180419_151217.xml,2018-04-19T15:13:56Z,Undefined,ONRM_RootMo_R,eNODEb,0573ML,1,1,RRU-6,DATA_1,,,,,,JDSU            ,RDH10247/2,12091801,SC3767701866    ,JSH-12L1DD1-ES  ,R1A,25,2   
cm_exp_20180419_151217.xml,2018-04-19T15:13:56Z,Undefined,ONRM_RootMo_R,eNODEb,0573ML,1,1,RRU-6,DATA_2,,,,,,,,,,,,,
cm_exp_20180419_151217.xml,2018-04-19T15:13:56Z,Undefined,ONRM_RootMo_R,eNODEb,0573ML,1,1,,A,1,1,1,,,DELTA           ,RDH10247/2    ,15072201,153006106696    ,LCP-2488B4HDRM-E,R2A  ,13,A   
cm_exp_20180419_151217.xml,2018-04-19T15:13:56Z,Undefined,ONRM_RootMo_R,eNODEb,0573ML,1,1,,B,1,1,1,,,DELTA           ,RDH10247/2    ,15072101,153006105838    ,LCP-2488B4HDRM-E,R2A  ,13,A   
cm_exp_20180419_151217.xml,2018-04-19T15:13:56Z,Undefined,ONRM_RootMo_R,eNODEb,0573ML,1,1,,C,1,1,1,,,DELTA           ,RDH10247/2    ,15072201,153006106850    ,LCP-2488B4HDRM-E,R2A  ,13,A   
cm_exp_20180419_151217.xml,2018-04-19T15:13:56Z,Undefined,ONRM_RootMo_R,eNODEb,0573ML,1,1,,D,1,1,1,,,DELTA           ,RDH10247/2    ,15072001,153006100771    ,LCP-2488B4HDRM-E,R2A  ,13,A   
cm_exp_20180419_151217.xml,2018-04-19T15:13:56Z,Undefined,ONRM_RootMo_R,eNODEb,0573ML,1,1,,E,1,1,1,,,DELTA           ,RDH10247/2    ,15072201,153006106852    ,LCP-2488B4HDRM-E,R2A  ,13,A   
cm_exp_20180419_151217.xml,2018-04-19T15:13:56Z,Undefined,ONRM_RootMo_R,eNODEb,0573ML,1,1,,F,1,1,1,,,DELTA           ,RDH10247/2    ,15072201,153006106878    ,LCP-2488B4HDRM-E,R2A  ,13,A   
cm_exp_20180419_151236.xml,2018-04-19T15:13:56Z,Undefined,ONRM_RootMo_R,eNODEb,0620ML,1,1,RRU-1,DATA_1,,,,,,SOURCEPHOTONICS ,RDH10247/2    ,141120  ,ECL2018324      ,SPMRSR1IDFBEN   ,,25,10  
cm_exp_20180419_151236.xml,2018-04-19T15:13:56Z,Undefined,ONRM_RootMo_R,eNODEb,0620ML,1,1,RRU-1,DATA_2,,,,,,,,,,,,,
cm_exp_20180419_151236.xml,2018-04-19T15:13:56Z,Undefined,ONRM_RootMo_R,eNODEb,0620ML,1,1,RRU-2,DATA_1,,,,,,DELTA           ,RDH10247/2,12060701,122306103973    ,LCP-2488B4HDRT-E,R1A,25,A   
cm_exp_20180419_151236.xml,2018-04-19T15:13:56Z,Undefined,ONRM_RootMo_R,eNODEb,0620ML,1,1,RRU-2,DATA_2,,,,,,,,,,,,,
cm_exp_20180419_151236.xml,2018-04-19T15:13:56Z,Undefined,ONRM_RootMo_R,eNODEb,0620ML,1,1,RRU-3,DATA_1,,,,,,SOURCEPHOTONICS ,RDH10247/2    ,141120  ,ECL2018204      ,SPMRSR1IDFBEN   ,,25,10  
cm_exp_20180419_151236.xml,2018-04-19T15:13:56Z,Undefined,ONRM_RootMo_R,eNODEb,0620ML,1,1,RRU-3,DATA_2,,,,,,,,,,,,,
cm_exp_20180419_151236.xml,2018-04-19T15:13:56Z,Undefined,ONRM_RootMo_R,eNODEb,0620ML,1,1,RRU-4,DATA_1,,,,,,DELTA           ,RDH10247/2    ,15072201,153006106933    ,LCP-2488B4HDRM-E,R2A  ,13,A   
cm_exp_20180419_151236.xml,2018-04-19T15:13:56Z,Undefined,ONRM_RootMo_R,eNODEb,0620ML,1,1,RRU-4,DATA_2,,,,,,,,,,,,,
cm_exp_20180419_151236.xml,2018-04-19T15:13:56Z,Undefined,ONRM_RootMo_R,eNODEb,0620ML,1,1,RRU-5,DATA_1,,,,,,SOURCEPHOTONICS ,RDH10247/2    ,141120  ,ECL2018655      ,SPMRSR1IDFBEN   ,,25,10  
cm_exp_20180419_151236.xml,2018-04-19T15:13:56Z,Undefined,ONRM_RootMo_R,eNODEb,0620ML,1,1,RRU-5,DATA_2,,,,,,,,,,,,,
cm_exp_20180419_151236.xml,2018-04-19T15:13:56Z,Undefined,ONRM_RootMo_R,eNODEb,0620ML,1,1,RRU-6,DATA_1,,,,,,DELTA           ,RDH10247/2    ,15072101,153006103140    ,LCP-2488B4HDRM-E,R2A  ,13,A   
cm_exp_20180419_151236.xml,2018-04-19T15:13:56Z,Undefined,ONRM_RootMo_R,eNODEb,0620ML,1,1,RRU-6,DATA_2,,,,,,,,,,,,,
cm_exp_20180419_151236.xml,2018-04-19T15:13:56Z,Undefined,ONRM_RootMo_R,eNODEb,0620ML,1,1,,A,1,1,1,,,DELTA           ,RDH10247/2    ,15072201,153006106896    ,LCP-2488B4HDRM-E,R2A  ,13,A   
cm_exp_20180419_151236.xml,2018-04-19T15:13:56Z,Undefined,ONRM_RootMo_R,eNODEb,0620ML,1,1,,B,1,1,1,,,DELTA           ,RDH10247/2    ,15072301,153006109177    ,LCP-2488B4HDRM-E,R2A  ,13,A   
cm_exp_20180419_151236.xml,2018-04-19T15:13:56Z,Undefined,ONRM_RootMo_R,eNODEb,0620ML,1,1,,C,1,1,1,,,DELTA           ,RDH10247/2    ,15072301,153006109169    ,LCP-2488B4HDRM-E,R2A  ,13,A   
cm_exp_20180419_151236.xml,2018-04-19T15:13:56Z,Undefined,ONRM_RootMo_R,eNODEb,0620ML,1,1,,D,1,1,1,,,DELTA           ,RDH10247/2    ,15072301,153006109221    ,LCP-2488B4HDRM-E,R2A  ,13,A   
cm_exp_20180419_151236.xml,2018-04-19T15:13:56Z,Undefined,ONRM_RootMo_R,eNODEb,0620ML,1,1,,E,1,1,1,,,DELTA           ,RDH10247/2    ,15072201,153006106732    ,LCP-2488B4HDRM-E,R2A  ,13,A   
cm_exp_20180419_151236.xml,2018-04-19T15:13:56Z,Undefined,ONRM_RootMo_R,eNODEb,0620ML,1,1,,F,1,1,1,,,DELTA           ,RDH10247/2    ,15072101,153006105381    ,LCP-2488B4HDRM-E,R2A  ,13,A   
cm_exp_20180419_151301.xml,2018-04-19T15:13:56Z,Undefined,ONRM_RootMo_R,eNODEb,0876ML,1,1,RRU-1,DATA_1,,,,,,WTD             ,Non-Ericsson,120824  ,EB123400130809  ,RTXM192-404-C24 ,Non-Ericsson,25,3.0 
cm_exp_20180419_151301.xml,2018-04-19T15:13:56Z,Undefined,ONRM_RootMo_R,eNODEb,0876ML,1,1,RRU-1,DATA_2,,,,,,,,,,,,,
cm_exp_20180419_151301.xml,2018-04-19T15:13:56Z,Undefined,ONRM_RootMo_R,eNODEb,0876ML,1,1,RRU-2,DATA_1,,,,,,WTD             ,Non-Ericsson,120819  ,EB123300230193  ,RTXM192-404-C24 ,Non-Ericsson,25,3.0 
cm_exp_20180419_151301.xml,2018-04-19T15:13:56Z,Undefined,ONRM_RootMo_R,eNODEb,0876ML,1,1,RRU-2,DATA_2,,,,,,,,,,,,,
cm_exp_20180419_151301.xml,2018-04-19T15:13:56Z,Undefined,ONRM_RootMo_R,eNODEb,0876ML,1,1,RRU-3,DATA_1,,,,,,WTD             ,Non-Ericsson,120826  ,EB123400181534  ,RTXM192-404-C24 ,Non-Ericsson,25,3.0 
cm_exp_20180419_151301.xml,2018-04-19T15:13:56Z,Undefined,ONRM_RootMo_R,eNODEb,0876ML,1,1,RRU-3,DATA_2,,,,,,,,,,,,,
cm_exp_20180419_151301.xml,2018-04-19T15:13:56Z,Undefined,ONRM_RootMo_R,eNODEb,0876ML,1,1,RRU-4,DATA_1,,,,,,WTD             ,Non-Ericsson,120824  ,EB123400130806  ,RTXM192-404-C24 ,Non-Ericsson,25,3.0 
cm_exp_20180419_151301.xml,2018-04-19T15:13:56Z,Undefined,ONRM_RootMo_R,eNODEb,0876ML,1,1,RRU-4,DATA_2,,,,,,,,,,,,,
cm_exp_20180419_151301.xml,2018-04-19T15:13:56Z,Undefined,ONRM_RootMo_R,eNODEb,0876ML,1,1,RRU-5,DATA_1,,,,,,WTD             ,Non-Ericsson,120824  ,EB123400130802  ,RTXM192-404-C24 ,Non-Ericsson,25,3.0 
cm_exp_20180419_151301.xml,2018-04-19T15:13:56Z,Undefined,ONRM_RootMo_R,eNODEb,0876ML,1,1,RRU-5,DATA_2,,,,,,,,,,,,,
cm_exp_20180419_151301.xml,2018-04-19T15:13:56Z,Undefined,ONRM_RootMo_R,eNODEb,0876ML,1,1,RRU-6,DATA_1,,,,,,WTD             ,Non-Ericsson,120824  ,EB123400130437  ,RTXM192-404-C24 ,Non-Ericsson,25,3.0 
cm_exp_20180419_151301.xml,2018-04-19T15:13:56Z,Undefined,ONRM_RootMo_R,eNODEb,0876ML,1,1,RRU-6,DATA_2,,,,,,,,,,,,,
cm_exp_20180419_151301.xml,2018-04-19T15:13:56Z,Undefined,ONRM_RootMo_R,eNODEb,0876ML,1,1,,A,1,1,1,,,SOURCEPHOTONICS ,RDH10247/2    ,141114  ,ECF2013115      ,SPMRSR1IDFBEN   ,,25,10  
cm_exp_20180419_151301.xml,2018-04-19T15:13:56Z,Undefined,ONRM_RootMo_R,eNODEb,0876ML,1,1,,B,1,1,1,,,SOURCEPHOTONICS ,RDH10247/2    ,141118  ,ECJ2001112      ,SPMRSR1IDFBEN   ,,25,10  
cm_exp_20180419_151301.xml,2018-04-19T15:13:56Z,Undefined,ONRM_RootMo_R,eNODEb,0876ML,1,1,,C,1,1,1,,,SOURCEPHOTONICS ,RDH10247/2    ,141113  ,ECE2012178      ,SPMRSR1IDFBEN   ,,25,10  
cm_exp_20180419_151301.xml,2018-04-19T15:13:56Z,Undefined,ONRM_RootMo_R,eNODEb,0876ML,1,1,,D,1,1,1,,,SOURCEPHOTONICS ,RDH10247/2    ,141113  ,ECE2012693      ,SPMRSR1IDFBEN   ,,25,10  
cm_exp_20180419_151301.xml,2018-04-19T15:13:56Z,Undefined,ONRM_RootMo_R,eNODEb,0876ML,1,1,,E,1,1,1,,,SOURCEPHOTONICS ,RDH10247/2    ,141118  ,ECJ2000878      ,SPMRSR1IDFBEN   ,,25,10  
cm_exp_20180419_151301.xml,2018-04-19T15:13:56Z,Undefined,ONRM_RootMo_R,eNODEb,0876ML,1,1,,F,1,1,1,,,SOURCEPHOTONICS ,RDH10247/2    ,141114  ,ECF2013173      ,SPMRSR1IDFBEN   ,,25,10  
cm_exp_20180419_151348.xml,2018-04-19T15:13:56Z,Undefined,ONRM_RootMo_R,eNODEb,0983ML,1,1,RRU-1,DATA_1,,,,,,DELTA           ,RDH10247/2    ,16062401,1626061A0107692 ,LCP-2488B4HDRME1,R2A  ,13,A   
cm_exp_20180419_151348.xml,2018-04-19T15:13:56Z,Undefined,ONRM_RootMo_R,eNODEb,0983ML,1,1,RRU-1,DATA_2,,,,,,,,,,,,,
cm_exp_20180419_151348.xml,2018-04-19T15:13:56Z,Undefined,ONRM_RootMo_R,eNODEb,0983ML,1,1,RRU-2,DATA_1,,,,,,DELTA           ,RDH10247/2    ,16062401,1626061A0107688 ,LCP-2488B4HDRME1,R2A  ,13,A   
cm_exp_20180419_151348.xml,2018-04-19T15:13:56Z,Undefined,ONRM_RootMo_R,eNODEb,0983ML,1,1,RRU-2,DATA_2,,,,,,,,,,,,,
cm_exp_20180419_151348.xml,2018-04-19T15:13:56Z,Undefined,ONRM_RootMo_R,eNODEb,0983ML,1,1,RRU-3,DATA_1,,,,,,WTD             ,RDH10247/2    ,150627  ,EC152600251873  ,RTXM192-406-C24 ,R2A  ,13,3.0 
cm_exp_20180419_151348.xml,2018-04-19T15:13:56Z,Undefined,ONRM_RootMo_R,eNODEb,0983ML,1,1,RRU-3,DATA_2,,,,,,,,,,,,,
cm_exp_20180419_151348.xml,2018-04-19T15:13:56Z,Undefined,ONRM_RootMo_R,eNODEb,0983ML,1,1,,A,1,1,1,,,DELTA           ,RDH10247/2    ,16062401,1626061A0107838 ,LCP-2488B4HDRME1,R2A  ,13,A   
cm_exp_20180419_151348.xml,2018-04-19T15:13:56Z,Undefined,ONRM_RootMo_R,eNODEb,0983ML,1,1,,B,1,1,1,,,DELTA           ,RDH10247/2    ,16062401,1626061A0107840 ,LCP-2488B4HDRME1,R2A  ,13,A   
cm_exp_20180419_151348.xml,2018-04-19T15:13:56Z,Undefined,ONRM_RootMo_R,eNODEb,0983ML,1,1,,C,1,1,1,,,WTD             ,RDH10247/2    ,150627  ,EC152600251880  ,RTXM192-406-C24 ,R2A  ,13,3.0 
cm_exp_20180419_151348.xml,2018-04-19T15:13:56Z,Undefined,ONRM_RootMo_R,eNODEb,0983ML,1,1,,D,1,1,1,,,,,,,,,,
cm_exp_20180419_151348.xml,2018-04-19T15:13:56Z,Undefined,ONRM_RootMo_R,eNODEb,0983ML,1,1,,E,1,1,1,,,,,,,,,,
cm_exp_20180419_151348.xml,2018-04-19T15:13:56Z,Undefined,ONRM_RootMo_R,eNODEb,0983ML,1,1,,F,1,1,1,,,,,,,,,,
