FileName,varDateTime,configData_dnPrefix,SubNetwork_id,SubNetwork_2_id,MeContext_id,ManagedElement_id,vsDataEquipment_id,vsDataAuxPlugInUnit_id,vsDataDeviceGroup_id,vsDataXpProgram_id,vsDataRbsSubrack_id,vsDataRbsSlot_id,startState
cm_exp_20180419_145031.xml,2018-04-19T15:13:56Z,Undefined,ONRM_RootMo_R,eNODEb,0003ML,1,1,RRU-1,ru,CXP9013268/9_R65EL_D16N412233,,,1
cm_exp_20180419_145031.xml,2018-04-19T15:13:56Z,Undefined,ONRM_RootMo_R,eNODEb,0003ML,1,1,RRU-2,ru,CXP9013268/9_R65EL_D16N427430,,,1
cm_exp_20180419_145031.xml,2018-04-19T15:13:56Z,Undefined,ONRM_RootMo_R,eNODEb,0003ML,1,1,RRU-3,ru,CXP9013268/9_R65EL_D16N427424,,,1
cm_exp_20180419_145108.xml,2018-04-19T15:13:56Z,Undefined,ONRM_RootMo_R,eNODEb,0009ML,1,1,RU-1,ru,CXP9013268/6_R65DK_CB4N760200,,,1
cm_exp_20180419_145108.xml,2018-04-19T15:13:56Z,Undefined,ONRM_RootMo_R,eNODEb,0009ML,1,1,RU-2,ru,CXP9013268/6_R65DK_CB4N760199,,,1
cm_exp_20180419_145108.xml,2018-04-19T15:13:56Z,Undefined,ONRM_RootMo_R,eNODEb,0009ML,1,1,RU-3,ru,CXP9013268/6_R65DK_D162874127,,,1
cm_exp_20180419_145108.xml,2018-04-19T15:13:56Z,Undefined,ONRM_RootMo_R,eNODEb,0009ML,1,1,RU-4,ru,CXP9013268/6_R65DK_CB4N760171,,,1
cm_exp_20180419_145108.xml,2018-04-19T15:13:56Z,Undefined,ONRM_RootMo_R,eNODEb,0009ML,1,1,RU-5,ru,CXP9013268/6_R65DK_D162874169,,,1
cm_exp_20180419_145108.xml,2018-04-19T15:13:56Z,Undefined,ONRM_RootMo_R,eNODEb,0009ML,1,1,RU-6,ru,CXP9013268/6_R65DK_D163341985,,,1
cm_exp_20180419_145140.xml,2018-04-19T15:13:56Z,Undefined,ONRM_RootMo_R,eNODEb,0013ML,1,1,RU-1,ru,CXP9013268/6_R65DK_D160736303,,,1
cm_exp_20180419_145140.xml,2018-04-19T15:13:56Z,Undefined,ONRM_RootMo_R,eNODEb,0013ML,1,1,RU-2,ru,CXP9013268/9_R65EL_D16R920210,,,1
cm_exp_20180419_145140.xml,2018-04-19T15:13:56Z,Undefined,ONRM_RootMo_R,eNODEb,0013ML,1,1,RU-3,ru,CXP9013268/6_R65DK_D160736301,,,1
cm_exp_20180419_145140.xml,2018-04-19T15:13:56Z,Undefined,ONRM_RootMo_R,eNODEb,0013ML,1,1,RU-4,ru,CXP9013268/9_R65EL_D16R920293,,,1
cm_exp_20180419_145140.xml,2018-04-19T15:13:56Z,Undefined,ONRM_RootMo_R,eNODEb,0013ML,1,1,RU-5,ru,CXP9013268/6_R65DK_D160833124,,,1
cm_exp_20180419_145140.xml,2018-04-19T15:13:56Z,Undefined,ONRM_RootMo_R,eNODEb,0013ML,1,1,RU-6,ru,CXP9013268/9_R65EL_D16R920275,,,1
cm_exp_20180419_145205.xml,2018-04-19T15:13:56Z,Undefined,ONRM_RootMo_R,eNODEb,0017ML,1,1,RRU-1,ru,CXP9013268/9_R65EL_D16N594843,,,1
cm_exp_20180419_145205.xml,2018-04-19T15:13:56Z,Undefined,ONRM_RootMo_R,eNODEb,0017ML,1,1,RRU-2,ru,CXP9013268/9_R65EL_D16N421590,,,1
cm_exp_20180419_145205.xml,2018-04-19T15:13:56Z,Undefined,ONRM_RootMo_R,eNODEb,0017ML,1,1,RRU-3,ru,CXP9013268/9_R65EL_D16N420660,,,1
cm_exp_20180419_145236.xml,2018-04-19T15:13:56Z,Undefined,ONRM_RootMo_R,eNODEb,0021ML,1,1,RRU-1,ru,CXP9013268/9_R65EL_D16N412271,,,1
cm_exp_20180419_145236.xml,2018-04-19T15:13:56Z,Undefined,ONRM_RootMo_R,eNODEb,0021ML,1,1,RRU-2,ru,CXP9013268/9_R65EL_D16N426887,,,1
cm_exp_20180419_145236.xml,2018-04-19T15:13:56Z,Undefined,ONRM_RootMo_R,eNODEb,0021ML,1,1,RRU-3,ru,CXP9013268/9_R65EL_D16N426891,,,1
cm_exp_20180419_145547.xml,2018-04-19T15:13:56Z,Undefined,ONRM_RootMo_R,eNODEb,0024ML,1,1,RU-1,ru,CXP9013268/6_R65DK_D161442580,,,1
cm_exp_20180419_145547.xml,2018-04-19T15:13:56Z,Undefined,ONRM_RootMo_R,eNODEb,0024ML,1,1,RU-2,ru,CXP9013268/6_R65DK_D160864142,,,1
cm_exp_20180419_145547.xml,2018-04-19T15:13:56Z,Undefined,ONRM_RootMo_R,eNODEb,0024ML,1,1,RU-3,ru,CXP9013268/6_R65DK_D161442606,,,1
cm_exp_20180419_145547.xml,2018-04-19T15:13:56Z,Undefined,ONRM_RootMo_R,eNODEb,0024ML,1,1,RU-4,ru,CXP9013268/6_R65DK_D160864137,,,1
cm_exp_20180419_145547.xml,2018-04-19T15:13:56Z,Undefined,ONRM_RootMo_R,eNODEb,0024ML,1,1,RU-5,ru,CXP9013268/6_R65DK_D160833125,,,1
cm_exp_20180419_145547.xml,2018-04-19T15:13:56Z,Undefined,ONRM_RootMo_R,eNODEb,0024ML,1,1,RU-6,ru,CXP9013268/6_R65DK_D160864240,,,1
cm_exp_20180419_145624.xml,2018-04-19T15:13:56Z,Undefined,ONRM_RootMo_R,eNODEb,0074ML,1,1,RRU-1,ru,CXP9013268/9_R65EL_D16M785738,,,1
cm_exp_20180419_145624.xml,2018-04-19T15:13:56Z,Undefined,ONRM_RootMo_R,eNODEb,0074ML,1,1,RRU-2,ru,CXP9013268/9_R65EL_D16M785743,,,1
cm_exp_20180419_145624.xml,2018-04-19T15:13:56Z,Undefined,ONRM_RootMo_R,eNODEb,0074ML,1,1,RRU-3,ru,CXP9013268/9_R65EL_D167893169,,,1
cm_exp_20180419_145649.xml,2018-04-19T15:13:56Z,Undefined,ONRM_RootMo_R,eNODEb,0082ML,1,1,RU-1,ru,CXP9013268/6_R65DK_D162879300,,,1
cm_exp_20180419_145649.xml,2018-04-19T15:13:56Z,Undefined,ONRM_RootMo_R,eNODEb,0082ML,1,1,RU-2,ru,CXP9013268/6_R65DK_CB4N754345,,,1
cm_exp_20180419_145649.xml,2018-04-19T15:13:56Z,Undefined,ONRM_RootMo_R,eNODEb,0082ML,1,1,RU-3,ru,CXP9013268/6_R65DK_D162874126,,,1
cm_exp_20180419_145649.xml,2018-04-19T15:13:56Z,Undefined,ONRM_RootMo_R,eNODEb,0082ML,1,1,RU-4,ru,CXP9013268/6_R65DK_CB4N754339,,,1
cm_exp_20180419_145649.xml,2018-04-19T15:13:56Z,Undefined,ONRM_RootMo_R,eNODEb,0082ML,1,1,RU-5,ru,CXP9013268/6_R65DK_D162874173,,,1
cm_exp_20180419_145649.xml,2018-04-19T15:13:56Z,Undefined,ONRM_RootMo_R,eNODEb,0082ML,1,1,RU-6,ru,CXP9013268/6_R65DK_CB4N754144,,,1
cm_exp_20180419_145711.xml,2018-04-19T15:13:56Z,Undefined,ONRM_RootMo_R,eNODEb,0091ML,1,1,RRU-1,ru,CXP9013268/9_R65EL_D16N427581,,,1
cm_exp_20180419_145711.xml,2018-04-19T15:13:56Z,Undefined,ONRM_RootMo_R,eNODEb,0091ML,1,1,RRU-2,ru,CXP9013268/9_R65EL_D16N412109,,,1
cm_exp_20180419_145711.xml,2018-04-19T15:13:56Z,Undefined,ONRM_RootMo_R,eNODEb,0091ML,1,1,RRU-3,ru,CXP9013268/9_R65EL_D16N427413,,,1
cm_exp_20180419_145733.xml,2018-04-19T15:13:56Z,Undefined,ONRM_RootMo_R,eNODEb,0099ML,1,1,RRU-1,ru,CXP9013268/9_R63FT_CR9F115524,,,1
cm_exp_20180419_145733.xml,2018-04-19T15:13:56Z,Undefined,ONRM_RootMo_R,eNODEb,0099ML,1,1,RRU-2,ru,CXP9013268/9_R63FT_CR9F113242,,,1
cm_exp_20180419_145733.xml,2018-04-19T15:13:56Z,Undefined,ONRM_RootMo_R,eNODEb,0099ML,1,1,RRU-3,ru,CXP9013268/9_R63FT_CR9F121489,,,1
cm_exp_20180419_145810.xml,2018-04-19T15:13:56Z,Undefined,ONRM_RootMo_R,eNODEb,0106ML,1,1,RU-1,ru,CXP9013268/6_R65DK_CC47103397,,,1
cm_exp_20180419_145810.xml,2018-04-19T15:13:56Z,Undefined,ONRM_RootMo_R,eNODEb,0106ML,1,1,RU-2,ru,CXP9013268/9_R65EL_D16R920221,,,1
cm_exp_20180419_145810.xml,2018-04-19T15:13:56Z,Undefined,ONRM_RootMo_R,eNODEb,0106ML,1,1,RU-3,ru,CXP9013268/6_R65DK_CC46193738,,,1
cm_exp_20180419_145810.xml,2018-04-19T15:13:56Z,Undefined,ONRM_RootMo_R,eNODEb,0106ML,1,1,RU-4,ru,CXP9013268/9_R65EL_D16R920290,,,1
cm_exp_20180419_145810.xml,2018-04-19T15:13:56Z,Undefined,ONRM_RootMo_R,eNODEb,0106ML,1,1,RU-5,ru,CXP9013268/6_R65DK_CC47096265,,,1
cm_exp_20180419_145810.xml,2018-04-19T15:13:56Z,Undefined,ONRM_RootMo_R,eNODEb,0106ML,1,1,RU-6,ru,CXP9013268/9_R65EL_D16R920272,,,1
cm_exp_20180419_145835.xml,2018-04-19T15:13:56Z,Undefined,ONRM_RootMo_R,eNODEb,0119ML,1,1,RU-1,ru,CXP9013268/6_R65DK_D161069979,,,1
cm_exp_20180419_145835.xml,2018-04-19T15:13:56Z,Undefined,ONRM_RootMo_R,eNODEb,0119ML,1,1,RU-2,ru,CXP9013268/6_R65DK_CB4N760175,,,1
cm_exp_20180419_145835.xml,2018-04-19T15:13:56Z,Undefined,ONRM_RootMo_R,eNODEb,0119ML,1,1,RU-3,ru,CXP9013268/6_R65DK_D161070162,,,1
cm_exp_20180419_145835.xml,2018-04-19T15:13:56Z,Undefined,ONRM_RootMo_R,eNODEb,0119ML,1,1,RU-4,ru,CXP9013268/6_R65DK_CB4N760173,,,1
cm_exp_20180419_145835.xml,2018-04-19T15:13:56Z,Undefined,ONRM_RootMo_R,eNODEb,0119ML,1,1,RU-5,ru,CXP9013268/6_R65DK_D160985881,,,1
cm_exp_20180419_145835.xml,2018-04-19T15:13:56Z,Undefined,ONRM_RootMo_R,eNODEb,0119ML,1,1,RU-6,ru,CXP9013268/6_R65DK_CB4N760178,,,1
cm_exp_20180419_145940.xml,2018-04-19T15:13:56Z,Undefined,ONRM_RootMo_R,eNODEb,0138ML,1,1,RRU-1,ru,CXP9013268/9_R65EL_D16M895860,,,1
cm_exp_20180419_145940.xml,2018-04-19T15:13:56Z,Undefined,ONRM_RootMo_R,eNODEb,0138ML,1,1,RRU-2,ru,CXP9013268/9_R65EL_D16S823168,,,1
cm_exp_20180419_145940.xml,2018-04-19T15:13:56Z,Undefined,ONRM_RootMo_R,eNODEb,0138ML,1,1,RRU-3,ru,CXP9013268/9_R65EL_D16M895794,,,1
cm_exp_20180419_150007.xml,2018-04-19T15:13:56Z,Undefined,ONRM_RootMo_R,eNODEb,0150ML,1,1,RRU-1,ru,CXP9013268/9_R63FT_CR9F115536,,,1
cm_exp_20180419_150007.xml,2018-04-19T15:13:56Z,Undefined,ONRM_RootMo_R,eNODEb,0150ML,1,1,RRU-2,ru,CXP9013268/9_R63FT_CR9F113222,,,1
cm_exp_20180419_150007.xml,2018-04-19T15:13:56Z,Undefined,ONRM_RootMo_R,eNODEb,0150ML,1,1,RRU-3,ru,CXP9013268/9_R63FT_CR9F116620,,,1
cm_exp_20180419_150024.xml,2018-04-19T15:13:56Z,Undefined,ONRM_RootMo_R,eNODEb,0154ML,1,1,RRU-1,ru,CXP9013268/9_R65EL_D16M913694,,,1
cm_exp_20180419_150024.xml,2018-04-19T15:13:56Z,Undefined,ONRM_RootMo_R,eNODEb,0154ML,1,1,RRU-2,ru,CXP9013268/9_R65EL_D16M915156,,,1
cm_exp_20180419_150024.xml,2018-04-19T15:13:56Z,Undefined,ONRM_RootMo_R,eNODEb,0154ML,1,1,RRU-3,ru,CXP9013268/9_R65EL_D16M913677,,,1
cm_exp_20180419_150054.xml,2018-04-19T15:13:56Z,Undefined,ONRM_RootMo_R,eNODEb,0196ML,1,1,RU-1,ru,CXP9013268/6_R65DK_D162874154,,,1
cm_exp_20180419_150054.xml,2018-04-19T15:13:56Z,Undefined,ONRM_RootMo_R,eNODEb,0196ML,1,1,RU-2,ru,CXP9013268/9_R65EL_D16R923046,,,1
cm_exp_20180419_150054.xml,2018-04-19T15:13:56Z,Undefined,ONRM_RootMo_R,eNODEb,0196ML,1,1,RU-3,ru,CXP9013268/6_R65DK_D162874159,,,1
cm_exp_20180419_150054.xml,2018-04-19T15:13:56Z,Undefined,ONRM_RootMo_R,eNODEb,0196ML,1,1,RU-4,ru,CXP9013268/9_R65EL_D16R923050,,,1
cm_exp_20180419_150054.xml,2018-04-19T15:13:56Z,Undefined,ONRM_RootMo_R,eNODEb,0196ML,1,1,RU-5,ru,CXP9013268/6_R65DK_D162879284,,,1
cm_exp_20180419_150054.xml,2018-04-19T15:13:56Z,Undefined,ONRM_RootMo_R,eNODEb,0196ML,1,1,RU-6,ru,CXP9013268/9_R65EL_D16R920295,,,1
cm_exp_20180419_150110.xml,2018-04-19T15:13:56Z,Undefined,ONRM_RootMo_R,eNODEb,0198ML,1,1,RRU-1,ru,CXP9013268/9_R65EL_D16N421609,,,1
cm_exp_20180419_150110.xml,2018-04-19T15:13:56Z,Undefined,ONRM_RootMo_R,eNODEb,0198ML,1,1,RRU-2,ru,CXP9013268/9_R65EL_D16M787168,,,1
cm_exp_20180419_150110.xml,2018-04-19T15:13:56Z,Undefined,ONRM_RootMo_R,eNODEb,0198ML,1,1,RRU-3,ru,CXP9013268/9_R65EL_D16M785575,,,1
cm_exp_20180419_150127.xml,2018-04-19T15:13:56Z,Undefined,ONRM_RootMo_R,eNODEb,0204ML,1,1,RRU-1,ru,CXP9013268/9_R65EL_D16M891346,,,1
cm_exp_20180419_150127.xml,2018-04-19T15:13:56Z,Undefined,ONRM_RootMo_R,eNODEb,0204ML,1,1,RRU-2,ru,CXP9013268/9_R65EL_D16M736269,,,1
cm_exp_20180419_150127.xml,2018-04-19T15:13:56Z,Undefined,ONRM_RootMo_R,eNODEb,0204ML,1,1,RRU-3,ru,CXP9013268/9_R65EL_D16M891328,,,1
cm_exp_20180419_150146.xml,2018-04-19T15:13:56Z,Undefined,ONRM_RootMo_R,eNODEb,0205ML,1,1,RRU-1,ru,CXP9013268/9_R63FT_CR9F116593,,,1
cm_exp_20180419_150146.xml,2018-04-19T15:13:56Z,Undefined,ONRM_RootMo_R,eNODEb,0205ML,1,1,RRU-2,ru,CXP9013268/9_R63FT_CR9F121491,,,1
cm_exp_20180419_150146.xml,2018-04-19T15:13:56Z,Undefined,ONRM_RootMo_R,eNODEb,0205ML,1,1,RRU-3,ru,CXP9013268/9_R63FT_CR9F116607,,,1
cm_exp_20180419_150215.xml,2018-04-19T15:13:56Z,Undefined,ONRM_RootMo_R,eNODEb,0225ML,1,1,RRU-1,ru,CXP9013268/9_R63FT_CR9F115516,,,1
cm_exp_20180419_150215.xml,2018-04-19T15:13:56Z,Undefined,ONRM_RootMo_R,eNODEb,0225ML,1,1,RRU-2,ru,CXP9013268/9_R63FT_CR9F116617,,,1
cm_exp_20180419_150215.xml,2018-04-19T15:13:56Z,Undefined,ONRM_RootMo_R,eNODEb,0225ML,1,1,RRU-3,ru,CXP9013268/9_R63FT_CR9F116652,,,1
cm_exp_20180419_150249.xml,2018-04-19T15:13:56Z,Undefined,ONRM_RootMo_R,eNODEb,0230ML,1,1,RRU-1,ru,CXP9013268/9_R65EL_D16M912455,,,1
cm_exp_20180419_150249.xml,2018-04-19T15:13:56Z,Undefined,ONRM_RootMo_R,eNODEb,0230ML,1,1,RRU-2,ru,CXP9013268/9_R65EL_D16M895821,,,1
cm_exp_20180419_150249.xml,2018-04-19T15:13:56Z,Undefined,ONRM_RootMo_R,eNODEb,0230ML,1,1,RRU-3,ru,CXP9013268/9_R65EL_D16M912456,,,1
cm_exp_20180419_150408.xml,2018-04-19T15:13:56Z,Undefined,ONRM_RootMo_R,eNODEb,0230ML,1,1,RRU-1,ru,CXP9013268/9_R65EL_D16M912455,,,1
cm_exp_20180419_150408.xml,2018-04-19T15:13:56Z,Undefined,ONRM_RootMo_R,eNODEb,0230ML,1,1,RRU-2,ru,CXP9013268/9_R65EL_D16M895821,,,1
cm_exp_20180419_150408.xml,2018-04-19T15:13:56Z,Undefined,ONRM_RootMo_R,eNODEb,0230ML,1,1,RRU-3,ru,CXP9013268/9_R65EL_D16M912456,,,1
cm_exp_20180419_150451.xml,2018-04-19T15:13:56Z,Undefined,ONRM_RootMo_R,eNODEb,0243ML,1,1,RRU-1,ru,CXP9013268/9_R65EL_D16M787173,,,1
cm_exp_20180419_150451.xml,2018-04-19T15:13:56Z,Undefined,ONRM_RootMo_R,eNODEb,0243ML,1,1,RRU-2,ru,CXP9013268/9_R65EL_D16M785576,,,1
cm_exp_20180419_150451.xml,2018-04-19T15:13:56Z,Undefined,ONRM_RootMo_R,eNODEb,0243ML,1,1,RRU-3,ru,CXP9013268/9_R65EL_D16M787206,,,1
cm_exp_20180419_150511.xml,2018-04-19T15:13:56Z,Undefined,ONRM_RootMo_R,eNODEb,0250ML,1,1,RU-1,ru,CXP9013268/6_R65DK_CC46212075,,,1
cm_exp_20180419_150511.xml,2018-04-19T15:13:56Z,Undefined,ONRM_RootMo_R,eNODEb,0250ML,1,1,RU-2,ru,CXP9013268/9_R65EL_D16R922976,,,1
cm_exp_20180419_150511.xml,2018-04-19T15:13:56Z,Undefined,ONRM_RootMo_R,eNODEb,0250ML,1,1,RU-3,ru,CXP9013268/6_R65DK_D160833212,,,1
cm_exp_20180419_150511.xml,2018-04-19T15:13:56Z,Undefined,ONRM_RootMo_R,eNODEb,0250ML,1,1,RU-4,ru,CXP9013268/9_R65EL_D16R920291,,,1
cm_exp_20180419_150511.xml,2018-04-19T15:13:56Z,Undefined,ONRM_RootMo_R,eNODEb,0250ML,1,1,RU-5,ru,CXP9013268/6_R65DK_D160833213,,,1
cm_exp_20180419_150511.xml,2018-04-19T15:13:56Z,Undefined,ONRM_RootMo_R,eNODEb,0250ML,1,1,RU-6,ru,CXP9013268/9_R65EL_D16R922962,,,1
cm_exp_20180419_150529.xml,2018-04-19T15:13:56Z,Undefined,ONRM_RootMo_R,eNODEb,0255ML,1,1,RRU-1,ru,CXP9013268/9_R63FT_CR9F116610,,,1
cm_exp_20180419_150529.xml,2018-04-19T15:13:56Z,Undefined,ONRM_RootMo_R,eNODEb,0255ML,1,1,RRU-2,ru,CXP9013268/9_R63FT_CR9F115541,,,1
cm_exp_20180419_150529.xml,2018-04-19T15:13:56Z,Undefined,ONRM_RootMo_R,eNODEb,0255ML,1,1,RRU-3,ru,CXP9013268/9_R63FT_CR9F116608,,,1
cm_exp_20180419_150554.xml,2018-04-19T15:13:56Z,Undefined,ONRM_RootMo_R,eNODEb,0270ML,1,1,RRU-1,ru,CXP9013268/9_R65EL_D16M927298,,,1
cm_exp_20180419_150554.xml,2018-04-19T15:13:56Z,Undefined,ONRM_RootMo_R,eNODEb,0270ML,1,1,RRU-2,ru,CXP9013268/9_R65EL_D16N127556,,,1
cm_exp_20180419_150554.xml,2018-04-19T15:13:56Z,Undefined,ONRM_RootMo_R,eNODEb,0270ML,1,1,RRU-3,ru,CXP9013268/9_R65EL_D16M927364,,,1
cm_exp_20180419_150618.xml,2018-04-19T15:13:56Z,Undefined,ONRM_RootMo_R,eNODEb,0304ML,1,1,RRU-1,ru,CXP9013268/9_R63FT_CR9F116635,,,1
cm_exp_20180419_150618.xml,2018-04-19T15:13:56Z,Undefined,ONRM_RootMo_R,eNODEb,0304ML,1,1,RRU-2,ru,CXP9013268/9_R63FT_CR9F078261,,,1
cm_exp_20180419_150618.xml,2018-04-19T15:13:56Z,Undefined,ONRM_RootMo_R,eNODEb,0304ML,1,1,RRU-3,ru,CXP9013268/9_R63FT_CR9F116655,,,1
cm_exp_20180419_150643.xml,2018-04-19T15:13:56Z,Undefined,ONRM_RootMo_R,eNODEb,0312ML,1,1,RRU-1,ru,CXP9013268/9_R65EL_D16N275524,,,1
cm_exp_20180419_150643.xml,2018-04-19T15:13:56Z,Undefined,ONRM_RootMo_R,eNODEb,0312ML,1,1,RRU-2,ru,CXP9013268/9_R65EL_D16N427452,,,1
cm_exp_20180419_150643.xml,2018-04-19T15:13:56Z,Undefined,ONRM_RootMo_R,eNODEb,0312ML,1,1,RRU-3,ru,CXP9013268/9_R65EL_D16N427475,,,1
cm_exp_20180419_150750.xml,2018-04-19T15:13:56Z,Undefined,ONRM_RootMo_R,eNODEb,0370ML,1,1,RRU-1,ru,CXP9013268/9_R65EL_D16M896700,,,1
cm_exp_20180419_150750.xml,2018-04-19T15:13:56Z,Undefined,ONRM_RootMo_R,eNODEb,0370ML,1,1,RRU-2,ru,CXP9013268/9_R65EL_D16M913688,,,1
cm_exp_20180419_150750.xml,2018-04-19T15:13:56Z,Undefined,ONRM_RootMo_R,eNODEb,0370ML,1,1,RRU-3,ru,CXP9013268/9_R65EL_D16M913672,,,1
cm_exp_20180419_150814.xml,2018-04-19T15:13:56Z,Undefined,ONRM_RootMo_R,eNODEb,0378ML,1,1,RRU-1,ru,CXP9013268/9_R63FT_CR9F116640,,,1
cm_exp_20180419_150814.xml,2018-04-19T15:13:56Z,Undefined,ONRM_RootMo_R,eNODEb,0378ML,1,1,RRU-2,ru,CXP9013268/9_R63FT_CR9F116654,,,1
cm_exp_20180419_150814.xml,2018-04-19T15:13:56Z,Undefined,ONRM_RootMo_R,eNODEb,0378ML,1,1,RRU-3,ru,CXP9013268/9_R63FT_CR9F116642,,,1
cm_exp_20180419_150846.xml,2018-04-19T15:13:56Z,Undefined,ONRM_RootMo_R,eNODEb,0380ML,1,1,RU-1,ru,CXP9013268/9_R65EL_D16J406610,,,1
cm_exp_20180419_150846.xml,2018-04-19T15:13:56Z,Undefined,ONRM_RootMo_R,eNODEb,0380ML,1,1,RU-2,ru,CXP9013268/6_R65DK_CC46155632,,,1
cm_exp_20180419_150846.xml,2018-04-19T15:13:56Z,Undefined,ONRM_RootMo_R,eNODEb,0380ML,1,1,RU-3,ru,CXP9013268/9_R65EL_D16R920278,,,1
cm_exp_20180419_150846.xml,2018-04-19T15:13:56Z,Undefined,ONRM_RootMo_R,eNODEb,0380ML,1,1,RU-4,ru,CXP9013268/6_R65DK_D160832458,,,1
cm_exp_20180419_150846.xml,2018-04-19T15:13:56Z,Undefined,ONRM_RootMo_R,eNODEb,0380ML,1,1,RU-5,ru,CXP9013268/9_R65EL_D16R920214,,,1
cm_exp_20180419_150846.xml,2018-04-19T15:13:56Z,Undefined,ONRM_RootMo_R,eNODEb,0380ML,1,1,RU-6,ru,CXP9013268/6_R65DK_D162879341,,,1
cm_exp_20180419_150917.xml,2018-04-19T15:13:56Z,Undefined,ONRM_RootMo_R,eNODEb,0430ML,1,1,RRU-1,ru,CXP9013268/9_R65EL_CR9F078262,,,1
cm_exp_20180419_150917.xml,2018-04-19T15:13:56Z,Undefined,ONRM_RootMo_R,eNODEb,0430ML,1,1,RRU-2,ru,CXP9013268/9_R65EL_D16M778349,,,1
cm_exp_20180419_150917.xml,2018-04-19T15:13:56Z,Undefined,ONRM_RootMo_R,eNODEb,0430ML,1,1,RRU-3,ru,CXP9013268/9_R65EL_D16M778353,,,1
cm_exp_20180419_150943.xml,2018-04-19T15:13:56Z,Undefined,ONRM_RootMo_R,eNODEb,0445ML,1,1,RU-1,ru,CXP9013268/6_R65DK_D166589507,,,1
cm_exp_20180419_150943.xml,2018-04-19T15:13:56Z,Undefined,ONRM_RootMo_R,eNODEb,0445ML,1,1,RU-2,ru,CXP9013268/6_R65DK_D162879342,,,1
cm_exp_20180419_150943.xml,2018-04-19T15:13:56Z,Undefined,ONRM_RootMo_R,eNODEb,0445ML,1,1,RU-3,ru,CXP9013268/6_R65DK_CC46194004,,,1
cm_exp_20180419_150943.xml,2018-04-19T15:13:56Z,Undefined,ONRM_RootMo_R,eNODEb,0445ML,1,1,RU-4,ru,CXP9013268/6_R65DK_D162879375,,,1
cm_exp_20180419_150943.xml,2018-04-19T15:13:56Z,Undefined,ONRM_RootMo_R,eNODEb,0445ML,1,1,RU-5,ru,CXP9013268/6_R65DK_D162851879,,,1
cm_exp_20180419_150943.xml,2018-04-19T15:13:56Z,Undefined,ONRM_RootMo_R,eNODEb,0445ML,1,1,RU-6,ru,CXP9013268/6_R65DK_D162879345,,,1
cm_exp_20180419_151002.xml,2018-04-19T15:13:56Z,Undefined,ONRM_RootMo_R,eNODEb,0447ML,1,1,RRU-1,ru,CXP9013268/9_R63FT_D16M895845,,,1
cm_exp_20180419_151002.xml,2018-04-19T15:13:56Z,Undefined,ONRM_RootMo_R,eNODEb,0447ML,1,1,RRU-2,ru,CXP9013268/9_R63FT_D16M895849,,,1
cm_exp_20180419_151002.xml,2018-04-19T15:13:56Z,Undefined,ONRM_RootMo_R,eNODEb,0447ML,1,1,RRU-3,ru,CXP9013268/9_R63FT_D16M896669,,,1
cm_exp_20180419_151042.xml,2018-04-19T15:13:56Z,Undefined,ONRM_RootMo_R,eNODEb,0468ML,1,1,RU-1,ru,CXP9013268/6_R61CL_D162874145,,,1
cm_exp_20180419_151042.xml,2018-04-19T15:13:56Z,Undefined,ONRM_RootMo_R,eNODEb,0468ML,1,1,RU-2,ru,CXP9013268/6_R65DK_CB4N766111,,,1
cm_exp_20180419_151042.xml,2018-04-19T15:13:56Z,Undefined,ONRM_RootMo_R,eNODEb,0468ML,1,1,RU-3,ru,CXP9013268/6_R65DK_D162874151,,,1
cm_exp_20180419_151042.xml,2018-04-19T15:13:56Z,Undefined,ONRM_RootMo_R,eNODEb,0468ML,1,1,RU-4,ru,CXP9013268/6_R65DK_CB4N772787,,,1
cm_exp_20180419_151042.xml,2018-04-19T15:13:56Z,Undefined,ONRM_RootMo_R,eNODEb,0468ML,1,1,RU-5,ru,CXP9013268/6_R65DK_D162874175,,,1
cm_exp_20180419_151042.xml,2018-04-19T15:13:56Z,Undefined,ONRM_RootMo_R,eNODEb,0468ML,1,1,RU-6,ru,CXP9013268/6_R65DK_CB4N766118,,,1
cm_exp_20180419_151106.xml,2018-04-19T15:13:56Z,Undefined,ONRM_RootMo_R,eNODEb,0474ML,1,1,RU-1-1,ru,CXP9013268/9_R63FT_C826977392,1,1,1
cm_exp_20180419_151106.xml,2018-04-19T15:13:56Z,Undefined,ONRM_RootMo_R,eNODEb,0474ML,1,1,RU-1-2,ru,CXP9013268/9_R63FT_C827003544,1,2,1
cm_exp_20180419_151106.xml,2018-04-19T15:13:56Z,Undefined,ONRM_RootMo_R,eNODEb,0474ML,1,1,RU-1-3,ru,CXP9013268/9_R63FT_C826999962,1,3,1
cm_exp_20180419_151217.xml,2018-04-19T15:13:56Z,Undefined,ONRM_RootMo_R,eNODEb,0573ML,1,1,RRU-1,ru,CXP9013268/6_R65DK_D163751319,,,1
cm_exp_20180419_151217.xml,2018-04-19T15:13:56Z,Undefined,ONRM_RootMo_R,eNODEb,0573ML,1,1,RRU-2,ru,CXP9013268/6_R65DK_D163365515,,,1
cm_exp_20180419_151217.xml,2018-04-19T15:13:56Z,Undefined,ONRM_RootMo_R,eNODEb,0573ML,1,1,RRU-3,ru,CXP9013268/6_R65DK_D163761651,,,1
cm_exp_20180419_151217.xml,2018-04-19T15:13:56Z,Undefined,ONRM_RootMo_R,eNODEb,0573ML,1,1,RRU-4,ru,CXP9013268/6_R65DK_D163761539,,,1
cm_exp_20180419_151217.xml,2018-04-19T15:13:56Z,Undefined,ONRM_RootMo_R,eNODEb,0573ML,1,1,RRU-5,ru,CXP9013268/6_R65DK_D163761632,,,1
cm_exp_20180419_151217.xml,2018-04-19T15:13:56Z,Undefined,ONRM_RootMo_R,eNODEb,0573ML,1,1,RRU-6,ru,CXP9013268/6_R65DK_D163761547,,,1
cm_exp_20180419_151236.xml,2018-04-19T15:13:56Z,Undefined,ONRM_RootMo_R,eNODEb,0620ML,1,1,RRU-1,ru,CXP9013268/6_R65DK_D163751381,,,1
cm_exp_20180419_151236.xml,2018-04-19T15:13:56Z,Undefined,ONRM_RootMo_R,eNODEb,0620ML,1,1,RRU-2,ru,CXP9013268/6_R65DK_CB4L448252,,,1
cm_exp_20180419_151236.xml,2018-04-19T15:13:56Z,Undefined,ONRM_RootMo_R,eNODEb,0620ML,1,1,RRU-3,ru,CXP9013268/6_R65DK_D163761588,,,1
cm_exp_20180419_151236.xml,2018-04-19T15:13:56Z,Undefined,ONRM_RootMo_R,eNODEb,0620ML,1,1,RRU-4,ru,CXP9013268/6_R65DK_CB4K944065,,,1
cm_exp_20180419_151236.xml,2018-04-19T15:13:56Z,Undefined,ONRM_RootMo_R,eNODEb,0620ML,1,1,RRU-5,ru,CXP9013268/6_R65DK_D163352536,,,1
cm_exp_20180419_151236.xml,2018-04-19T15:13:56Z,Undefined,ONRM_RootMo_R,eNODEb,0620ML,1,1,RRU-6,ru,CXP9013268/6_R65DK_CB4L483895,,,1
cm_exp_20180419_151301.xml,2018-04-19T15:13:56Z,Undefined,ONRM_RootMo_R,eNODEb,0876ML,1,1,RRU-1,ru,CXP9013268/6_R65DK_D163352518,,,1
cm_exp_20180419_151301.xml,2018-04-19T15:13:56Z,Undefined,ONRM_RootMo_R,eNODEb,0876ML,1,1,RRU-2,ru,CXP9013268/6_R65DK_D163365550,,,1
cm_exp_20180419_151301.xml,2018-04-19T15:13:56Z,Undefined,ONRM_RootMo_R,eNODEb,0876ML,1,1,RRU-3,ru,CXP9013268/6_R65DK_D163350812,,,1
cm_exp_20180419_151301.xml,2018-04-19T15:13:56Z,Undefined,ONRM_RootMo_R,eNODEb,0876ML,1,1,RRU-4,ru,CXP9013268/6_R65DK_D163761571,,,1
cm_exp_20180419_151301.xml,2018-04-19T15:13:56Z,Undefined,ONRM_RootMo_R,eNODEb,0876ML,1,1,RRU-5,ru,CXP9013268/6_R65DK_D163352537,,,1
cm_exp_20180419_151301.xml,2018-04-19T15:13:56Z,Undefined,ONRM_RootMo_R,eNODEb,0876ML,1,1,RRU-6,ru,CXP9013268/6_R65DK_D163751376,,,1
cm_exp_20180419_151348.xml,2018-04-19T15:13:56Z,Undefined,ONRM_RootMo_R,eNODEb,0983ML,1,1,RRU-1,ru,CXP9013268/9_R63FT_D16V172186,,,1
cm_exp_20180419_151348.xml,2018-04-19T15:13:56Z,Undefined,ONRM_RootMo_R,eNODEb,0983ML,1,1,RRU-2,ru,CXP9013268/9_R63FT_D16V172185,,,1
cm_exp_20180419_151348.xml,2018-04-19T15:13:56Z,Undefined,ONRM_RootMo_R,eNODEb,0983ML,1,1,RRU-3,ru,CXP9013268/9_R63FT_D16V172180,,,1
