FileName,varDateTime,configData_dnPrefix,SubNetwork_id,SubNetwork_2_id,MeContext_id,ManagedElement_id,vsDataEquipment_id,vsDataRbsSubrack_id,vsDataRbsSlot_id
cm_exp_20180419_151106.xml,2018-04-19T15:13:56Z,Undefined,ONRM_RootMo_R,eNODEb,0474ML,1,1,1,1
cm_exp_20180419_151106.xml,2018-04-19T15:13:56Z,Undefined,ONRM_RootMo_R,eNODEb,0474ML,1,1,1,2
cm_exp_20180419_151106.xml,2018-04-19T15:13:56Z,Undefined,ONRM_RootMo_R,eNODEb,0474ML,1,1,1,3
cm_exp_20180419_151106.xml,2018-04-19T15:13:56Z,Undefined,ONRM_RootMo_R,eNODEb,0474ML,1,1,1,4
cm_exp_20180419_151106.xml,2018-04-19T15:13:56Z,Undefined,ONRM_RootMo_R,eNODEb,0474ML,1,1,1,5
cm_exp_20180419_151106.xml,2018-04-19T15:13:56Z,Undefined,ONRM_RootMo_R,eNODEb,0474ML,1,1,1,6
cm_exp_20180419_151106.xml,2018-04-19T15:13:56Z,Undefined,ONRM_RootMo_R,eNODEb,0474ML,1,1,1,7
