FileName,varDateTime,configData_dnPrefix,SubNetwork_id,SubNetwork_2_id,MeContext_id,ManagedElement_id,vsDataENodeBFunction_id,vsDataSectorCarrier_id,noOfRxAntennas,noOfTxAntennas,prsEnabled,sectorFunctionRef,maximumTransmissionPower,reservedBy,rfBranchTxRef,rfBranchRxRef,ulForcedTimingAdvanceCommand,radioTransmitPerformanceMode,txPowerPersistentLock,configuredMaxTxPower
cm_exp_20180419_145031.xml,2018-04-19T15:13:56Z,Undefined,ONRM_RootMo_R,eNODEb,0003ML,1,1,0003MLA,0,0,true,"SubNetwork=ONRM_RootMo_R,SubNetwork=eNODEb,MeContext=0003ML,ManagedElement=1,vsDataSectorEquipmentFunction=1",430,"SubNetwork=ONRM_RootMo_R,SubNetwork=eNODEb,MeContext=0003ML,ManagedElement=1,vsDataENodeBFunction=1,vsDataEUtranCellFDD=0003MLA",,,0,2,false,20000
cm_exp_20180419_145031.xml,2018-04-19T15:13:56Z,Undefined,ONRM_RootMo_R,eNODEb,0003ML,1,1,0003MLB,0,0,true,"SubNetwork=ONRM_RootMo_R,SubNetwork=eNODEb,MeContext=0003ML,ManagedElement=1,vsDataSectorEquipmentFunction=2",430,"SubNetwork=ONRM_RootMo_R,SubNetwork=eNODEb,MeContext=0003ML,ManagedElement=1,vsDataENodeBFunction=1,vsDataEUtranCellFDD=0003MLB",,,0,2,false,20000
cm_exp_20180419_145031.xml,2018-04-19T15:13:56Z,Undefined,ONRM_RootMo_R,eNODEb,0003ML,1,1,0003MLC,0,0,true,"SubNetwork=ONRM_RootMo_R,SubNetwork=eNODEb,MeContext=0003ML,ManagedElement=1,vsDataSectorEquipmentFunction=3",430,"SubNetwork=ONRM_RootMo_R,SubNetwork=eNODEb,MeContext=0003ML,ManagedElement=1,vsDataENodeBFunction=1,vsDataEUtranCellFDD=0003MLC",,,0,2,false,20000
cm_exp_20180419_145108.xml,2018-04-19T15:13:56Z,Undefined,ONRM_RootMo_R,eNODEb,0009ML,1,1,0009MLA,0,0,true,"SubNetwork=ONRM_RootMo_R,SubNetwork=eNODEb,MeContext=0009ML,ManagedElement=1,vsDataSectorEquipmentFunction=1",460,"SubNetwork=ONRM_RootMo_R,SubNetwork=eNODEb,MeContext=0009ML,ManagedElement=1,vsDataENodeBFunction=1,vsDataEUtranCellFDD=0009MLA",,,0,2,false,40000
cm_exp_20180419_145108.xml,2018-04-19T15:13:56Z,Undefined,ONRM_RootMo_R,eNODEb,0009ML,1,1,0009MLB,0,0,true,"SubNetwork=ONRM_RootMo_R,SubNetwork=eNODEb,MeContext=0009ML,ManagedElement=1,vsDataSectorEquipmentFunction=2",460,"SubNetwork=ONRM_RootMo_R,SubNetwork=eNODEb,MeContext=0009ML,ManagedElement=1,vsDataENodeBFunction=1,vsDataEUtranCellFDD=0009MLB",,,0,2,false,40000
cm_exp_20180419_145108.xml,2018-04-19T15:13:56Z,Undefined,ONRM_RootMo_R,eNODEb,0009ML,1,1,0009MLC,0,0,true,"SubNetwork=ONRM_RootMo_R,SubNetwork=eNODEb,MeContext=0009ML,ManagedElement=1,vsDataSectorEquipmentFunction=3",460,"SubNetwork=ONRM_RootMo_R,SubNetwork=eNODEb,MeContext=0009ML,ManagedElement=1,vsDataENodeBFunction=1,vsDataEUtranCellFDD=0009MLC",,,0,2,false,40000
cm_exp_20180419_145140.xml,2018-04-19T15:13:56Z,Undefined,ONRM_RootMo_R,eNODEb,0013ML,1,1,0013MLA,0,0,true,"SubNetwork=ONRM_RootMo_R,SubNetwork=eNODEb,MeContext=0013ML,ManagedElement=1,vsDataSectorEquipmentFunction=1",430,"SubNetwork=ONRM_RootMo_R,SubNetwork=eNODEb,MeContext=0013ML,ManagedElement=1,vsDataENodeBFunction=1,vsDataEUtranCellFDD=0013MLA",,,0,2,false,20000
cm_exp_20180419_145140.xml,2018-04-19T15:13:56Z,Undefined,ONRM_RootMo_R,eNODEb,0013ML,1,1,0013MLB,0,0,true,"SubNetwork=ONRM_RootMo_R,SubNetwork=eNODEb,MeContext=0013ML,ManagedElement=1,vsDataSectorEquipmentFunction=2",430,"SubNetwork=ONRM_RootMo_R,SubNetwork=eNODEb,MeContext=0013ML,ManagedElement=1,vsDataENodeBFunction=1,vsDataEUtranCellFDD=0013MLB",,,0,2,false,20000
cm_exp_20180419_145140.xml,2018-04-19T15:13:56Z,Undefined,ONRM_RootMo_R,eNODEb,0013ML,1,1,0013MLC,0,0,true,"SubNetwork=ONRM_RootMo_R,SubNetwork=eNODEb,MeContext=0013ML,ManagedElement=1,vsDataSectorEquipmentFunction=3",430,"SubNetwork=ONRM_RootMo_R,SubNetwork=eNODEb,MeContext=0013ML,ManagedElement=1,vsDataENodeBFunction=1,vsDataEUtranCellFDD=0013MLC",,,0,2,false,20000
cm_exp_20180419_145205.xml,2018-04-19T15:13:56Z,Undefined,ONRM_RootMo_R,eNODEb,0017ML,1,1,0017MLA,0,0,true,"SubNetwork=ONRM_RootMo_R,SubNetwork=eNODEb,MeContext=0017ML,ManagedElement=1,vsDataSectorEquipmentFunction=1",430,"SubNetwork=ONRM_RootMo_R,SubNetwork=eNODEb,MeContext=0017ML,ManagedElement=1,vsDataENodeBFunction=1,vsDataEUtranCellFDD=0017MLA",,,0,0,false,20000
cm_exp_20180419_145205.xml,2018-04-19T15:13:56Z,Undefined,ONRM_RootMo_R,eNODEb,0017ML,1,1,0017MLB,0,0,true,"SubNetwork=ONRM_RootMo_R,SubNetwork=eNODEb,MeContext=0017ML,ManagedElement=1,vsDataSectorEquipmentFunction=2",430,"SubNetwork=ONRM_RootMo_R,SubNetwork=eNODEb,MeContext=0017ML,ManagedElement=1,vsDataENodeBFunction=1,vsDataEUtranCellFDD=0017MLB",,,0,0,false,20000
cm_exp_20180419_145205.xml,2018-04-19T15:13:56Z,Undefined,ONRM_RootMo_R,eNODEb,0017ML,1,1,0017MLC,0,0,true,"SubNetwork=ONRM_RootMo_R,SubNetwork=eNODEb,MeContext=0017ML,ManagedElement=1,vsDataSectorEquipmentFunction=3",430,"SubNetwork=ONRM_RootMo_R,SubNetwork=eNODEb,MeContext=0017ML,ManagedElement=1,vsDataENodeBFunction=1,vsDataEUtranCellFDD=0017MLC",,,0,0,false,20000
cm_exp_20180419_145236.xml,2018-04-19T15:13:56Z,Undefined,ONRM_RootMo_R,eNODEb,0021ML,1,1,0021MLA,0,0,true,"SubNetwork=ONRM_RootMo_R,SubNetwork=eNODEb,MeContext=0021ML,ManagedElement=1,vsDataSectorEquipmentFunction=1",460,"SubNetwork=ONRM_RootMo_R,SubNetwork=eNODEb,MeContext=0021ML,ManagedElement=1,vsDataENodeBFunction=1,vsDataEUtranCellFDD=0021MLA",,,0,2,false,40000
cm_exp_20180419_145236.xml,2018-04-19T15:13:56Z,Undefined,ONRM_RootMo_R,eNODEb,0021ML,1,1,0021MLB,0,0,true,"SubNetwork=ONRM_RootMo_R,SubNetwork=eNODEb,MeContext=0021ML,ManagedElement=1,vsDataSectorEquipmentFunction=2",460,"SubNetwork=ONRM_RootMo_R,SubNetwork=eNODEb,MeContext=0021ML,ManagedElement=1,vsDataENodeBFunction=1,vsDataEUtranCellFDD=0021MLB",,,0,2,false,40000
cm_exp_20180419_145236.xml,2018-04-19T15:13:56Z,Undefined,ONRM_RootMo_R,eNODEb,0021ML,1,1,0021MLC,0,0,true,"SubNetwork=ONRM_RootMo_R,SubNetwork=eNODEb,MeContext=0021ML,ManagedElement=1,vsDataSectorEquipmentFunction=3",460,"SubNetwork=ONRM_RootMo_R,SubNetwork=eNODEb,MeContext=0021ML,ManagedElement=1,vsDataENodeBFunction=1,vsDataEUtranCellFDD=0021MLC",,,0,2,false,40000
cm_exp_20180419_145547.xml,2018-04-19T15:13:56Z,Undefined,ONRM_RootMo_R,eNODEb,0024ML,1,1,0024MLA,0,0,true,"SubNetwork=ONRM_RootMo_R,SubNetwork=eNODEb,MeContext=0024ML,ManagedElement=1,vsDataSectorEquipmentFunction=1",460,"SubNetwork=ONRM_RootMo_R,SubNetwork=eNODEb,MeContext=0024ML,ManagedElement=1,vsDataENodeBFunction=1,vsDataEUtranCellFDD=0024MLA",,,0,2,false,40000
cm_exp_20180419_145547.xml,2018-04-19T15:13:56Z,Undefined,ONRM_RootMo_R,eNODEb,0024ML,1,1,0024MLB,0,0,true,"SubNetwork=ONRM_RootMo_R,SubNetwork=eNODEb,MeContext=0024ML,ManagedElement=1,vsDataSectorEquipmentFunction=2",460,"SubNetwork=ONRM_RootMo_R,SubNetwork=eNODEb,MeContext=0024ML,ManagedElement=1,vsDataENodeBFunction=1,vsDataEUtranCellFDD=0024MLB",,,0,2,false,40000
cm_exp_20180419_145547.xml,2018-04-19T15:13:56Z,Undefined,ONRM_RootMo_R,eNODEb,0024ML,1,1,0024MLC,0,0,true,"SubNetwork=ONRM_RootMo_R,SubNetwork=eNODEb,MeContext=0024ML,ManagedElement=1,vsDataSectorEquipmentFunction=3",460,"SubNetwork=ONRM_RootMo_R,SubNetwork=eNODEb,MeContext=0024ML,ManagedElement=1,vsDataENodeBFunction=1,vsDataEUtranCellFDD=0024MLC",,,0,2,false,40000
cm_exp_20180419_145624.xml,2018-04-19T15:13:56Z,Undefined,ONRM_RootMo_R,eNODEb,0074ML,1,1,0074MLA,0,0,true,"SubNetwork=ONRM_RootMo_R,SubNetwork=eNODEb,MeContext=0074ML,ManagedElement=1,vsDataSectorEquipmentFunction=1",430,"SubNetwork=ONRM_RootMo_R,SubNetwork=eNODEb,MeContext=0074ML,ManagedElement=1,vsDataENodeBFunction=1,vsDataEUtranCellFDD=0074MLA",,,0,2,false,20000
cm_exp_20180419_145624.xml,2018-04-19T15:13:56Z,Undefined,ONRM_RootMo_R,eNODEb,0074ML,1,1,0074MLB,0,0,true,"SubNetwork=ONRM_RootMo_R,SubNetwork=eNODEb,MeContext=0074ML,ManagedElement=1,vsDataSectorEquipmentFunction=2",430,"SubNetwork=ONRM_RootMo_R,SubNetwork=eNODEb,MeContext=0074ML,ManagedElement=1,vsDataENodeBFunction=1,vsDataEUtranCellFDD=0074MLB",,,0,2,false,20000
cm_exp_20180419_145624.xml,2018-04-19T15:13:56Z,Undefined,ONRM_RootMo_R,eNODEb,0074ML,1,1,0074MLC,0,0,true,"SubNetwork=ONRM_RootMo_R,SubNetwork=eNODEb,MeContext=0074ML,ManagedElement=1,vsDataSectorEquipmentFunction=3",430,"SubNetwork=ONRM_RootMo_R,SubNetwork=eNODEb,MeContext=0074ML,ManagedElement=1,vsDataENodeBFunction=1,vsDataEUtranCellFDD=0074MLC",,,0,2,false,20000
cm_exp_20180419_145649.xml,2018-04-19T15:13:56Z,Undefined,ONRM_RootMo_R,eNODEb,0082ML,1,1,0082MLA,0,0,true,"SubNetwork=ONRM_RootMo_R,SubNetwork=eNODEb,MeContext=0082ML,ManagedElement=1,vsDataSectorEquipmentFunction=1",460,"SubNetwork=ONRM_RootMo_R,SubNetwork=eNODEb,MeContext=0082ML,ManagedElement=1,vsDataENodeBFunction=1,vsDataEUtranCellFDD=0082MLA",,,0,2,false,40000
cm_exp_20180419_145649.xml,2018-04-19T15:13:56Z,Undefined,ONRM_RootMo_R,eNODEb,0082ML,1,1,0082MLB,0,0,true,"SubNetwork=ONRM_RootMo_R,SubNetwork=eNODEb,MeContext=0082ML,ManagedElement=1,vsDataSectorEquipmentFunction=2",460,"SubNetwork=ONRM_RootMo_R,SubNetwork=eNODEb,MeContext=0082ML,ManagedElement=1,vsDataENodeBFunction=1,vsDataEUtranCellFDD=0082MLB",,,0,2,false,40000
cm_exp_20180419_145649.xml,2018-04-19T15:13:56Z,Undefined,ONRM_RootMo_R,eNODEb,0082ML,1,1,0082MLC,0,0,true,"SubNetwork=ONRM_RootMo_R,SubNetwork=eNODEb,MeContext=0082ML,ManagedElement=1,vsDataSectorEquipmentFunction=3",460,"SubNetwork=ONRM_RootMo_R,SubNetwork=eNODEb,MeContext=0082ML,ManagedElement=1,vsDataENodeBFunction=1,vsDataEUtranCellFDD=0082MLC",,,0,2,false,40000
cm_exp_20180419_145711.xml,2018-04-19T15:13:56Z,Undefined,ONRM_RootMo_R,eNODEb,0091ML,1,1,0091MLA,0,0,true,"SubNetwork=ONRM_RootMo_R,SubNetwork=eNODEb,MeContext=0091ML,ManagedElement=1,vsDataSectorEquipmentFunction=1",430,"SubNetwork=ONRM_RootMo_R,SubNetwork=eNODEb,MeContext=0091ML,ManagedElement=1,vsDataENodeBFunction=1,vsDataEUtranCellFDD=0091MLA",,,0,2,false,20000
cm_exp_20180419_145711.xml,2018-04-19T15:13:56Z,Undefined,ONRM_RootMo_R,eNODEb,0091ML,1,1,0091MLB,0,0,true,"SubNetwork=ONRM_RootMo_R,SubNetwork=eNODEb,MeContext=0091ML,ManagedElement=1,vsDataSectorEquipmentFunction=2",430,"SubNetwork=ONRM_RootMo_R,SubNetwork=eNODEb,MeContext=0091ML,ManagedElement=1,vsDataENodeBFunction=1,vsDataEUtranCellFDD=0091MLB",,,0,2,false,20000
cm_exp_20180419_145711.xml,2018-04-19T15:13:56Z,Undefined,ONRM_RootMo_R,eNODEb,0091ML,1,1,0091MLC,0,0,true,"SubNetwork=ONRM_RootMo_R,SubNetwork=eNODEb,MeContext=0091ML,ManagedElement=1,vsDataSectorEquipmentFunction=3",430,"SubNetwork=ONRM_RootMo_R,SubNetwork=eNODEb,MeContext=0091ML,ManagedElement=1,vsDataENodeBFunction=1,vsDataEUtranCellFDD=0091MLC",,,0,2,false,20000
cm_exp_20180419_145733.xml,2018-04-19T15:13:56Z,Undefined,ONRM_RootMo_R,eNODEb,0099ML,1,1,0099MLA,0,0,true,"SubNetwork=ONRM_RootMo_R,SubNetwork=eNODEb,MeContext=0099ML,ManagedElement=1,vsDataSectorEquipmentFunction=1",430,"SubNetwork=ONRM_RootMo_R,SubNetwork=eNODEb,MeContext=0099ML,ManagedElement=1,vsDataENodeBFunction=1,vsDataEUtranCellFDD=0099MLA",,,0,2,false,20000
cm_exp_20180419_145733.xml,2018-04-19T15:13:56Z,Undefined,ONRM_RootMo_R,eNODEb,0099ML,1,1,0099MLB,0,0,true,"SubNetwork=ONRM_RootMo_R,SubNetwork=eNODEb,MeContext=0099ML,ManagedElement=1,vsDataSectorEquipmentFunction=2",400,"SubNetwork=ONRM_RootMo_R,SubNetwork=eNODEb,MeContext=0099ML,ManagedElement=1,vsDataENodeBFunction=1,vsDataEUtranCellFDD=0099MLB",,,0,2,false,20000
cm_exp_20180419_145733.xml,2018-04-19T15:13:56Z,Undefined,ONRM_RootMo_R,eNODEb,0099ML,1,1,0099MLC,0,0,true,"SubNetwork=ONRM_RootMo_R,SubNetwork=eNODEb,MeContext=0099ML,ManagedElement=1,vsDataSectorEquipmentFunction=3",430,"SubNetwork=ONRM_RootMo_R,SubNetwork=eNODEb,MeContext=0099ML,ManagedElement=1,vsDataENodeBFunction=1,vsDataEUtranCellFDD=0099MLC",,,0,2,false,20000
cm_exp_20180419_145810.xml,2018-04-19T15:13:56Z,Undefined,ONRM_RootMo_R,eNODEb,0106ML,1,1,0106MLA,0,0,true,"SubNetwork=ONRM_RootMo_R,SubNetwork=eNODEb,MeContext=0106ML,ManagedElement=1,vsDataSectorEquipmentFunction=1",430,"SubNetwork=ONRM_RootMo_R,SubNetwork=eNODEb,MeContext=0106ML,ManagedElement=1,vsDataENodeBFunction=1,vsDataEUtranCellFDD=0106MLA",,,0,2,false,20000
cm_exp_20180419_145810.xml,2018-04-19T15:13:56Z,Undefined,ONRM_RootMo_R,eNODEb,0106ML,1,1,0106MLB,0,0,true,"SubNetwork=ONRM_RootMo_R,SubNetwork=eNODEb,MeContext=0106ML,ManagedElement=1,vsDataSectorEquipmentFunction=2",430,"SubNetwork=ONRM_RootMo_R,SubNetwork=eNODEb,MeContext=0106ML,ManagedElement=1,vsDataENodeBFunction=1,vsDataEUtranCellFDD=0106MLB",,,0,2,false,20000
cm_exp_20180419_145810.xml,2018-04-19T15:13:56Z,Undefined,ONRM_RootMo_R,eNODEb,0106ML,1,1,0106MLC,0,0,true,"SubNetwork=ONRM_RootMo_R,SubNetwork=eNODEb,MeContext=0106ML,ManagedElement=1,vsDataSectorEquipmentFunction=3",430,"SubNetwork=ONRM_RootMo_R,SubNetwork=eNODEb,MeContext=0106ML,ManagedElement=1,vsDataENodeBFunction=1,vsDataEUtranCellFDD=0106MLC",,,0,2,false,20000
cm_exp_20180419_145835.xml,2018-04-19T15:13:56Z,Undefined,ONRM_RootMo_R,eNODEb,0119ML,1,1,0119MLA,0,0,true,"SubNetwork=ONRM_RootMo_R,SubNetwork=eNODEb,MeContext=0119ML,ManagedElement=1,vsDataSectorEquipmentFunction=1",460,"SubNetwork=ONRM_RootMo_R,SubNetwork=eNODEb,MeContext=0119ML,ManagedElement=1,vsDataENodeBFunction=1,vsDataEUtranCellFDD=0119MLA",,,0,2,false,40000
cm_exp_20180419_145835.xml,2018-04-19T15:13:56Z,Undefined,ONRM_RootMo_R,eNODEb,0119ML,1,1,0119MLB,0,0,true,"SubNetwork=ONRM_RootMo_R,SubNetwork=eNODEb,MeContext=0119ML,ManagedElement=1,vsDataSectorEquipmentFunction=2",460,"SubNetwork=ONRM_RootMo_R,SubNetwork=eNODEb,MeContext=0119ML,ManagedElement=1,vsDataENodeBFunction=1,vsDataEUtranCellFDD=0119MLB",,,0,2,false,40000
cm_exp_20180419_145835.xml,2018-04-19T15:13:56Z,Undefined,ONRM_RootMo_R,eNODEb,0119ML,1,1,0119MLC,0,0,true,"SubNetwork=ONRM_RootMo_R,SubNetwork=eNODEb,MeContext=0119ML,ManagedElement=1,vsDataSectorEquipmentFunction=3",460,"SubNetwork=ONRM_RootMo_R,SubNetwork=eNODEb,MeContext=0119ML,ManagedElement=1,vsDataENodeBFunction=1,vsDataEUtranCellFDD=0119MLC",,,0,2,false,40000
cm_exp_20180419_145940.xml,2018-04-19T15:13:56Z,Undefined,ONRM_RootMo_R,eNODEb,0138ML,1,1,0138MLA,0,0,true,"SubNetwork=ONRM_RootMo_R,SubNetwork=eNODEb,MeContext=0138ML,ManagedElement=1,vsDataSectorEquipmentFunction=1",430,"SubNetwork=ONRM_RootMo_R,SubNetwork=eNODEb,MeContext=0138ML,ManagedElement=1,vsDataENodeBFunction=1,vsDataEUtranCellFDD=0138MLA",,,0,2,false,20000
cm_exp_20180419_145940.xml,2018-04-19T15:13:56Z,Undefined,ONRM_RootMo_R,eNODEb,0138ML,1,1,0138MLB,0,0,true,"SubNetwork=ONRM_RootMo_R,SubNetwork=eNODEb,MeContext=0138ML,ManagedElement=1,vsDataSectorEquipmentFunction=2",430,"SubNetwork=ONRM_RootMo_R,SubNetwork=eNODEb,MeContext=0138ML,ManagedElement=1,vsDataENodeBFunction=1,vsDataEUtranCellFDD=0138MLB",,,0,2,false,20000
cm_exp_20180419_145940.xml,2018-04-19T15:13:56Z,Undefined,ONRM_RootMo_R,eNODEb,0138ML,1,1,0138MLC,0,0,true,"SubNetwork=ONRM_RootMo_R,SubNetwork=eNODEb,MeContext=0138ML,ManagedElement=1,vsDataSectorEquipmentFunction=3",430,"SubNetwork=ONRM_RootMo_R,SubNetwork=eNODEb,MeContext=0138ML,ManagedElement=1,vsDataENodeBFunction=1,vsDataEUtranCellFDD=0138MLC",,,0,2,false,20000
cm_exp_20180419_150007.xml,2018-04-19T15:13:56Z,Undefined,ONRM_RootMo_R,eNODEb,0150ML,1,1,0150MLA,0,0,true,"SubNetwork=ONRM_RootMo_R,SubNetwork=eNODEb,MeContext=0150ML,ManagedElement=1,vsDataSectorEquipmentFunction=1",430,"SubNetwork=ONRM_RootMo_R,SubNetwork=eNODEb,MeContext=0150ML,ManagedElement=1,vsDataENodeBFunction=1,vsDataEUtranCellFDD=0150MLA",,,0,2,false,20000
cm_exp_20180419_150007.xml,2018-04-19T15:13:56Z,Undefined,ONRM_RootMo_R,eNODEb,0150ML,1,1,0150MLB,0,0,true,"SubNetwork=ONRM_RootMo_R,SubNetwork=eNODEb,MeContext=0150ML,ManagedElement=1,vsDataSectorEquipmentFunction=2",430,"SubNetwork=ONRM_RootMo_R,SubNetwork=eNODEb,MeContext=0150ML,ManagedElement=1,vsDataENodeBFunction=1,vsDataEUtranCellFDD=0150MLB",,,0,2,false,20000
cm_exp_20180419_150007.xml,2018-04-19T15:13:56Z,Undefined,ONRM_RootMo_R,eNODEb,0150ML,1,1,0150MLC,0,0,true,"SubNetwork=ONRM_RootMo_R,SubNetwork=eNODEb,MeContext=0150ML,ManagedElement=1,vsDataSectorEquipmentFunction=3",430,"SubNetwork=ONRM_RootMo_R,SubNetwork=eNODEb,MeContext=0150ML,ManagedElement=1,vsDataENodeBFunction=1,vsDataEUtranCellFDD=0150MLC",,,0,2,false,20000
cm_exp_20180419_150024.xml,2018-04-19T15:13:56Z,Undefined,ONRM_RootMo_R,eNODEb,0154ML,1,1,0154MLA,0,0,true,"SubNetwork=ONRM_RootMo_R,SubNetwork=eNODEb,MeContext=0154ML,ManagedElement=1,vsDataSectorEquipmentFunction=1",430,"SubNetwork=ONRM_RootMo_R,SubNetwork=eNODEb,MeContext=0154ML,ManagedElement=1,vsDataENodeBFunction=1,vsDataEUtranCellFDD=0154MLA",,,0,2,false,20000
cm_exp_20180419_150024.xml,2018-04-19T15:13:56Z,Undefined,ONRM_RootMo_R,eNODEb,0154ML,1,1,0154MLB,0,0,true,"SubNetwork=ONRM_RootMo_R,SubNetwork=eNODEb,MeContext=0154ML,ManagedElement=1,vsDataSectorEquipmentFunction=2",430,"SubNetwork=ONRM_RootMo_R,SubNetwork=eNODEb,MeContext=0154ML,ManagedElement=1,vsDataENodeBFunction=1,vsDataEUtranCellFDD=0154MLB",,,0,2,false,20000
cm_exp_20180419_150024.xml,2018-04-19T15:13:56Z,Undefined,ONRM_RootMo_R,eNODEb,0154ML,1,1,0154MLC,0,0,true,"SubNetwork=ONRM_RootMo_R,SubNetwork=eNODEb,MeContext=0154ML,ManagedElement=1,vsDataSectorEquipmentFunction=3",430,"SubNetwork=ONRM_RootMo_R,SubNetwork=eNODEb,MeContext=0154ML,ManagedElement=1,vsDataENodeBFunction=1,vsDataEUtranCellFDD=0154MLC",,,0,2,false,20000
cm_exp_20180419_150054.xml,2018-04-19T15:13:56Z,Undefined,ONRM_RootMo_R,eNODEb,0196ML,1,1,0196MLA,0,0,true,"SubNetwork=ONRM_RootMo_R,SubNetwork=eNODEb,MeContext=0196ML,ManagedElement=1,vsDataSectorEquipmentFunction=1",430,"SubNetwork=ONRM_RootMo_R,SubNetwork=eNODEb,MeContext=0196ML,ManagedElement=1,vsDataENodeBFunction=1,vsDataEUtranCellFDD=0196MLA",,,0,2,false,20000
cm_exp_20180419_150054.xml,2018-04-19T15:13:56Z,Undefined,ONRM_RootMo_R,eNODEb,0196ML,1,1,0196MLB,0,0,true,"SubNetwork=ONRM_RootMo_R,SubNetwork=eNODEb,MeContext=0196ML,ManagedElement=1,vsDataSectorEquipmentFunction=2",430,"SubNetwork=ONRM_RootMo_R,SubNetwork=eNODEb,MeContext=0196ML,ManagedElement=1,vsDataENodeBFunction=1,vsDataEUtranCellFDD=0196MLB",,,0,2,false,20000
cm_exp_20180419_150054.xml,2018-04-19T15:13:56Z,Undefined,ONRM_RootMo_R,eNODEb,0196ML,1,1,0196MLC,0,0,true,"SubNetwork=ONRM_RootMo_R,SubNetwork=eNODEb,MeContext=0196ML,ManagedElement=1,vsDataSectorEquipmentFunction=3",430,"SubNetwork=ONRM_RootMo_R,SubNetwork=eNODEb,MeContext=0196ML,ManagedElement=1,vsDataENodeBFunction=1,vsDataEUtranCellFDD=0196MLC",,,0,2,false,20000
cm_exp_20180419_150110.xml,2018-04-19T15:13:56Z,Undefined,ONRM_RootMo_R,eNODEb,0198ML,1,1,0198MLA,0,0,true,"SubNetwork=ONRM_RootMo_R,SubNetwork=eNODEb,MeContext=0198ML,ManagedElement=1,vsDataSectorEquipmentFunction=1",460,"SubNetwork=ONRM_RootMo_R,SubNetwork=eNODEb,MeContext=0198ML,ManagedElement=1,vsDataENodeBFunction=1,vsDataEUtranCellFDD=0198MLA",,,0,2,false,40000
cm_exp_20180419_150110.xml,2018-04-19T15:13:56Z,Undefined,ONRM_RootMo_R,eNODEb,0198ML,1,1,0198MLB,0,0,true,"SubNetwork=ONRM_RootMo_R,SubNetwork=eNODEb,MeContext=0198ML,ManagedElement=1,vsDataSectorEquipmentFunction=2",460,"SubNetwork=ONRM_RootMo_R,SubNetwork=eNODEb,MeContext=0198ML,ManagedElement=1,vsDataENodeBFunction=1,vsDataEUtranCellFDD=0198MLB",,,0,2,false,40000
cm_exp_20180419_150110.xml,2018-04-19T15:13:56Z,Undefined,ONRM_RootMo_R,eNODEb,0198ML,1,1,0198MLC,0,0,true,"SubNetwork=ONRM_RootMo_R,SubNetwork=eNODEb,MeContext=0198ML,ManagedElement=1,vsDataSectorEquipmentFunction=3",460,"SubNetwork=ONRM_RootMo_R,SubNetwork=eNODEb,MeContext=0198ML,ManagedElement=1,vsDataENodeBFunction=1,vsDataEUtranCellFDD=0198MLC",,,0,2,false,40000
cm_exp_20180419_150127.xml,2018-04-19T15:13:56Z,Undefined,ONRM_RootMo_R,eNODEb,0204ML,1,1,0204MLA,0,0,true,"SubNetwork=ONRM_RootMo_R,SubNetwork=eNODEb,MeContext=0204ML,ManagedElement=1,vsDataSectorEquipmentFunction=1",430,"SubNetwork=ONRM_RootMo_R,SubNetwork=eNODEb,MeContext=0204ML,ManagedElement=1,vsDataENodeBFunction=1,vsDataEUtranCellFDD=0204MLA",,,0,2,false,20000
cm_exp_20180419_150127.xml,2018-04-19T15:13:56Z,Undefined,ONRM_RootMo_R,eNODEb,0204ML,1,1,0204MLB,0,0,true,"SubNetwork=ONRM_RootMo_R,SubNetwork=eNODEb,MeContext=0204ML,ManagedElement=1,vsDataSectorEquipmentFunction=2",430,"SubNetwork=ONRM_RootMo_R,SubNetwork=eNODEb,MeContext=0204ML,ManagedElement=1,vsDataENodeBFunction=1,vsDataEUtranCellFDD=0204MLB",,,0,2,false,20000
cm_exp_20180419_150127.xml,2018-04-19T15:13:56Z,Undefined,ONRM_RootMo_R,eNODEb,0204ML,1,1,0204MLC,0,0,true,"SubNetwork=ONRM_RootMo_R,SubNetwork=eNODEb,MeContext=0204ML,ManagedElement=1,vsDataSectorEquipmentFunction=3",430,"SubNetwork=ONRM_RootMo_R,SubNetwork=eNODEb,MeContext=0204ML,ManagedElement=1,vsDataENodeBFunction=1,vsDataEUtranCellFDD=0204MLC",,,0,2,false,20000
cm_exp_20180419_150146.xml,2018-04-19T15:13:56Z,Undefined,ONRM_RootMo_R,eNODEb,0205ML,1,1,0205MLA,0,0,true,"SubNetwork=ONRM_RootMo_R,SubNetwork=eNODEb,MeContext=0205ML,ManagedElement=1,vsDataSectorEquipmentFunction=1",430,"SubNetwork=ONRM_RootMo_R,SubNetwork=eNODEb,MeContext=0205ML,ManagedElement=1,vsDataENodeBFunction=1,vsDataEUtranCellFDD=0205MLA",,,0,2,false,20000
cm_exp_20180419_150146.xml,2018-04-19T15:13:56Z,Undefined,ONRM_RootMo_R,eNODEb,0205ML,1,1,0205MLB,0,0,true,"SubNetwork=ONRM_RootMo_R,SubNetwork=eNODEb,MeContext=0205ML,ManagedElement=1,vsDataSectorEquipmentFunction=2",430,"SubNetwork=ONRM_RootMo_R,SubNetwork=eNODEb,MeContext=0205ML,ManagedElement=1,vsDataENodeBFunction=1,vsDataEUtranCellFDD=0205MLB",,,0,2,false,20000
cm_exp_20180419_150146.xml,2018-04-19T15:13:56Z,Undefined,ONRM_RootMo_R,eNODEb,0205ML,1,1,0205MLC,0,0,true,"SubNetwork=ONRM_RootMo_R,SubNetwork=eNODEb,MeContext=0205ML,ManagedElement=1,vsDataSectorEquipmentFunction=3",430,"SubNetwork=ONRM_RootMo_R,SubNetwork=eNODEb,MeContext=0205ML,ManagedElement=1,vsDataENodeBFunction=1,vsDataEUtranCellFDD=0205MLC",,,0,2,false,20000
cm_exp_20180419_150215.xml,2018-04-19T15:13:56Z,Undefined,ONRM_RootMo_R,eNODEb,0225ML,1,1,0225MLA,0,0,true,"SubNetwork=ONRM_RootMo_R,SubNetwork=eNODEb,MeContext=0225ML,ManagedElement=1,vsDataSectorEquipmentFunction=1",430,"SubNetwork=ONRM_RootMo_R,SubNetwork=eNODEb,MeContext=0225ML,ManagedElement=1,vsDataENodeBFunction=1,vsDataEUtranCellFDD=0225MLA",,,0,2,false,20000
cm_exp_20180419_150215.xml,2018-04-19T15:13:56Z,Undefined,ONRM_RootMo_R,eNODEb,0225ML,1,1,0225MLB,0,0,true,"SubNetwork=ONRM_RootMo_R,SubNetwork=eNODEb,MeContext=0225ML,ManagedElement=1,vsDataSectorEquipmentFunction=2",430,"SubNetwork=ONRM_RootMo_R,SubNetwork=eNODEb,MeContext=0225ML,ManagedElement=1,vsDataENodeBFunction=1,vsDataEUtranCellFDD=0225MLB",,,0,2,false,20000
cm_exp_20180419_150215.xml,2018-04-19T15:13:56Z,Undefined,ONRM_RootMo_R,eNODEb,0225ML,1,1,0225MLC,0,0,true,"SubNetwork=ONRM_RootMo_R,SubNetwork=eNODEb,MeContext=0225ML,ManagedElement=1,vsDataSectorEquipmentFunction=3",430,"SubNetwork=ONRM_RootMo_R,SubNetwork=eNODEb,MeContext=0225ML,ManagedElement=1,vsDataENodeBFunction=1,vsDataEUtranCellFDD=0225MLC",,,0,2,false,20000
cm_exp_20180419_150249.xml,2018-04-19T15:13:56Z,Undefined,ONRM_RootMo_R,eNODEb,0230ML,1,1,0230MLA,0,0,true,"SubNetwork=ONRM_RootMo_R,SubNetwork=eNODEb,MeContext=0230ML,ManagedElement=1,vsDataSectorEquipmentFunction=1",430,"SubNetwork=ONRM_RootMo_R,SubNetwork=eNODEb,MeContext=0230ML,ManagedElement=1,vsDataENodeBFunction=1,vsDataEUtranCellFDD=0230MLA",,,0,2,false,20000
cm_exp_20180419_150249.xml,2018-04-19T15:13:56Z,Undefined,ONRM_RootMo_R,eNODEb,0230ML,1,1,0230MLB,0,0,true,"SubNetwork=ONRM_RootMo_R,SubNetwork=eNODEb,MeContext=0230ML,ManagedElement=1,vsDataSectorEquipmentFunction=2",430,"SubNetwork=ONRM_RootMo_R,SubNetwork=eNODEb,MeContext=0230ML,ManagedElement=1,vsDataENodeBFunction=1,vsDataEUtranCellFDD=0230MLB",,,0,2,false,20000
cm_exp_20180419_150249.xml,2018-04-19T15:13:56Z,Undefined,ONRM_RootMo_R,eNODEb,0230ML,1,1,0230MLC,0,0,true,"SubNetwork=ONRM_RootMo_R,SubNetwork=eNODEb,MeContext=0230ML,ManagedElement=1,vsDataSectorEquipmentFunction=3",430,"SubNetwork=ONRM_RootMo_R,SubNetwork=eNODEb,MeContext=0230ML,ManagedElement=1,vsDataENodeBFunction=1,vsDataEUtranCellFDD=0230MLC",,,0,2,false,20000
cm_exp_20180419_150408.xml,2018-04-19T15:13:56Z,Undefined,ONRM_RootMo_R,eNODEb,0230ML,1,1,0230MLA,0,0,true,"SubNetwork=ONRM_RootMo_R,SubNetwork=eNODEb,MeContext=0230ML,ManagedElement=1,vsDataSectorEquipmentFunction=1",430,"SubNetwork=ONRM_RootMo_R,SubNetwork=eNODEb,MeContext=0230ML,ManagedElement=1,vsDataENodeBFunction=1,vsDataEUtranCellFDD=0230MLA",,,0,2,false,20000
cm_exp_20180419_150408.xml,2018-04-19T15:13:56Z,Undefined,ONRM_RootMo_R,eNODEb,0230ML,1,1,0230MLB,0,0,true,"SubNetwork=ONRM_RootMo_R,SubNetwork=eNODEb,MeContext=0230ML,ManagedElement=1,vsDataSectorEquipmentFunction=2",430,"SubNetwork=ONRM_RootMo_R,SubNetwork=eNODEb,MeContext=0230ML,ManagedElement=1,vsDataENodeBFunction=1,vsDataEUtranCellFDD=0230MLB",,,0,2,false,20000
cm_exp_20180419_150408.xml,2018-04-19T15:13:56Z,Undefined,ONRM_RootMo_R,eNODEb,0230ML,1,1,0230MLC,0,0,true,"SubNetwork=ONRM_RootMo_R,SubNetwork=eNODEb,MeContext=0230ML,ManagedElement=1,vsDataSectorEquipmentFunction=3",430,"SubNetwork=ONRM_RootMo_R,SubNetwork=eNODEb,MeContext=0230ML,ManagedElement=1,vsDataENodeBFunction=1,vsDataEUtranCellFDD=0230MLC",,,0,2,false,20000
cm_exp_20180419_150451.xml,2018-04-19T15:13:56Z,Undefined,ONRM_RootMo_R,eNODEb,0243ML,1,1,0243MLA,0,0,true,"SubNetwork=ONRM_RootMo_R,SubNetwork=eNODEb,MeContext=0243ML,ManagedElement=1,vsDataSectorEquipmentFunction=1",430,"SubNetwork=ONRM_RootMo_R,SubNetwork=eNODEb,MeContext=0243ML,ManagedElement=1,vsDataENodeBFunction=1,vsDataEUtranCellFDD=0243MLA",,,0,2,false,20000
cm_exp_20180419_150451.xml,2018-04-19T15:13:56Z,Undefined,ONRM_RootMo_R,eNODEb,0243ML,1,1,0243MLB,0,0,true,"SubNetwork=ONRM_RootMo_R,SubNetwork=eNODEb,MeContext=0243ML,ManagedElement=1,vsDataSectorEquipmentFunction=2",430,"SubNetwork=ONRM_RootMo_R,SubNetwork=eNODEb,MeContext=0243ML,ManagedElement=1,vsDataENodeBFunction=1,vsDataEUtranCellFDD=0243MLB",,,0,2,false,20000
cm_exp_20180419_150451.xml,2018-04-19T15:13:56Z,Undefined,ONRM_RootMo_R,eNODEb,0243ML,1,1,0243MLC,0,0,true,"SubNetwork=ONRM_RootMo_R,SubNetwork=eNODEb,MeContext=0243ML,ManagedElement=1,vsDataSectorEquipmentFunction=3",430,"SubNetwork=ONRM_RootMo_R,SubNetwork=eNODEb,MeContext=0243ML,ManagedElement=1,vsDataENodeBFunction=1,vsDataEUtranCellFDD=0243MLC",,,0,2,false,20000
cm_exp_20180419_150511.xml,2018-04-19T15:13:56Z,Undefined,ONRM_RootMo_R,eNODEb,0250ML,1,1,0250MLA,0,0,true,"SubNetwork=ONRM_RootMo_R,SubNetwork=eNODEb,MeContext=0250ML,ManagedElement=1,vsDataSectorEquipmentFunction=1",430,"SubNetwork=ONRM_RootMo_R,SubNetwork=eNODEb,MeContext=0250ML,ManagedElement=1,vsDataENodeBFunction=1,vsDataEUtranCellFDD=0250MLA",,,0,2,false,20000
cm_exp_20180419_150511.xml,2018-04-19T15:13:56Z,Undefined,ONRM_RootMo_R,eNODEb,0250ML,1,1,0250MLB,0,0,true,"SubNetwork=ONRM_RootMo_R,SubNetwork=eNODEb,MeContext=0250ML,ManagedElement=1,vsDataSectorEquipmentFunction=2",430,"SubNetwork=ONRM_RootMo_R,SubNetwork=eNODEb,MeContext=0250ML,ManagedElement=1,vsDataENodeBFunction=1,vsDataEUtranCellFDD=0250MLB",,,0,2,false,20000
cm_exp_20180419_150511.xml,2018-04-19T15:13:56Z,Undefined,ONRM_RootMo_R,eNODEb,0250ML,1,1,0250MLC,0,0,true,"SubNetwork=ONRM_RootMo_R,SubNetwork=eNODEb,MeContext=0250ML,ManagedElement=1,vsDataSectorEquipmentFunction=3",430,"SubNetwork=ONRM_RootMo_R,SubNetwork=eNODEb,MeContext=0250ML,ManagedElement=1,vsDataENodeBFunction=1,vsDataEUtranCellFDD=0250MLC",,,0,2,false,20000
cm_exp_20180419_150529.xml,2018-04-19T15:13:56Z,Undefined,ONRM_RootMo_R,eNODEb,0255ML,1,1,0255MLA,0,0,true,"SubNetwork=ONRM_RootMo_R,SubNetwork=eNODEb,MeContext=0255ML,ManagedElement=1,vsDataSectorEquipmentFunction=1",430,"SubNetwork=ONRM_RootMo_R,SubNetwork=eNODEb,MeContext=0255ML,ManagedElement=1,vsDataENodeBFunction=1,vsDataEUtranCellFDD=0255MLA",,,0,2,false,20000
cm_exp_20180419_150529.xml,2018-04-19T15:13:56Z,Undefined,ONRM_RootMo_R,eNODEb,0255ML,1,1,0255MLB,0,0,true,"SubNetwork=ONRM_RootMo_R,SubNetwork=eNODEb,MeContext=0255ML,ManagedElement=1,vsDataSectorEquipmentFunction=2",430,"SubNetwork=ONRM_RootMo_R,SubNetwork=eNODEb,MeContext=0255ML,ManagedElement=1,vsDataENodeBFunction=1,vsDataEUtranCellFDD=0255MLB",,,0,2,false,20000
cm_exp_20180419_150529.xml,2018-04-19T15:13:56Z,Undefined,ONRM_RootMo_R,eNODEb,0255ML,1,1,0255MLC,0,0,true,"SubNetwork=ONRM_RootMo_R,SubNetwork=eNODEb,MeContext=0255ML,ManagedElement=1,vsDataSectorEquipmentFunction=3",430,"SubNetwork=ONRM_RootMo_R,SubNetwork=eNODEb,MeContext=0255ML,ManagedElement=1,vsDataENodeBFunction=1,vsDataEUtranCellFDD=0255MLC",,,0,2,false,20000
cm_exp_20180419_150554.xml,2018-04-19T15:13:56Z,Undefined,ONRM_RootMo_R,eNODEb,0270ML,1,1,0270MLA,0,0,true,"SubNetwork=ONRM_RootMo_R,SubNetwork=eNODEb,MeContext=0270ML,ManagedElement=1,vsDataSectorEquipmentFunction=1",430,"SubNetwork=ONRM_RootMo_R,SubNetwork=eNODEb,MeContext=0270ML,ManagedElement=1,vsDataENodeBFunction=1,vsDataEUtranCellFDD=0270MLA",,,0,2,false,20000
cm_exp_20180419_150554.xml,2018-04-19T15:13:56Z,Undefined,ONRM_RootMo_R,eNODEb,0270ML,1,1,0270MLB,0,0,true,"SubNetwork=ONRM_RootMo_R,SubNetwork=eNODEb,MeContext=0270ML,ManagedElement=1,vsDataSectorEquipmentFunction=2",430,"SubNetwork=ONRM_RootMo_R,SubNetwork=eNODEb,MeContext=0270ML,ManagedElement=1,vsDataENodeBFunction=1,vsDataEUtranCellFDD=0270MLB",,,0,2,false,20000
cm_exp_20180419_150554.xml,2018-04-19T15:13:56Z,Undefined,ONRM_RootMo_R,eNODEb,0270ML,1,1,0270MLC,0,0,true,"SubNetwork=ONRM_RootMo_R,SubNetwork=eNODEb,MeContext=0270ML,ManagedElement=1,vsDataSectorEquipmentFunction=3",430,"SubNetwork=ONRM_RootMo_R,SubNetwork=eNODEb,MeContext=0270ML,ManagedElement=1,vsDataENodeBFunction=1,vsDataEUtranCellFDD=0270MLC",,,0,2,false,20000
cm_exp_20180419_150618.xml,2018-04-19T15:13:56Z,Undefined,ONRM_RootMo_R,eNODEb,0304ML,1,1,0304MLA,0,0,true,"SubNetwork=ONRM_RootMo_R,SubNetwork=eNODEb,MeContext=0304ML,ManagedElement=1,vsDataSectorEquipmentFunction=1",430,"SubNetwork=ONRM_RootMo_R,SubNetwork=eNODEb,MeContext=0304ML,ManagedElement=1,vsDataENodeBFunction=1,vsDataEUtranCellFDD=0304MLA",,,0,2,false,20000
cm_exp_20180419_150618.xml,2018-04-19T15:13:56Z,Undefined,ONRM_RootMo_R,eNODEb,0304ML,1,1,0304MLB,0,0,true,"SubNetwork=ONRM_RootMo_R,SubNetwork=eNODEb,MeContext=0304ML,ManagedElement=1,vsDataSectorEquipmentFunction=2",430,"SubNetwork=ONRM_RootMo_R,SubNetwork=eNODEb,MeContext=0304ML,ManagedElement=1,vsDataENodeBFunction=1,vsDataEUtranCellFDD=0304MLB",,,0,2,false,20000
cm_exp_20180419_150618.xml,2018-04-19T15:13:56Z,Undefined,ONRM_RootMo_R,eNODEb,0304ML,1,1,0304MLC,0,0,true,"SubNetwork=ONRM_RootMo_R,SubNetwork=eNODEb,MeContext=0304ML,ManagedElement=1,vsDataSectorEquipmentFunction=3",430,"SubNetwork=ONRM_RootMo_R,SubNetwork=eNODEb,MeContext=0304ML,ManagedElement=1,vsDataENodeBFunction=1,vsDataEUtranCellFDD=0304MLC",,,0,2,false,20000
cm_exp_20180419_150643.xml,2018-04-19T15:13:56Z,Undefined,ONRM_RootMo_R,eNODEb,0312ML,1,1,0312MLA,0,0,true,"SubNetwork=ONRM_RootMo_R,SubNetwork=eNODEb,MeContext=0312ML,ManagedElement=1,vsDataSectorEquipmentFunction=1",430,"SubNetwork=ONRM_RootMo_R,SubNetwork=eNODEb,MeContext=0312ML,ManagedElement=1,vsDataENodeBFunction=1,vsDataEUtranCellFDD=0312MLA",,,0,2,false,20000
cm_exp_20180419_150643.xml,2018-04-19T15:13:56Z,Undefined,ONRM_RootMo_R,eNODEb,0312ML,1,1,0312MLB,0,0,true,"SubNetwork=ONRM_RootMo_R,SubNetwork=eNODEb,MeContext=0312ML,ManagedElement=1,vsDataSectorEquipmentFunction=2",430,"SubNetwork=ONRM_RootMo_R,SubNetwork=eNODEb,MeContext=0312ML,ManagedElement=1,vsDataENodeBFunction=1,vsDataEUtranCellFDD=0312MLB",,,0,2,false,20000
cm_exp_20180419_150643.xml,2018-04-19T15:13:56Z,Undefined,ONRM_RootMo_R,eNODEb,0312ML,1,1,0312MLC,0,0,true,"SubNetwork=ONRM_RootMo_R,SubNetwork=eNODEb,MeContext=0312ML,ManagedElement=1,vsDataSectorEquipmentFunction=3",430,"SubNetwork=ONRM_RootMo_R,SubNetwork=eNODEb,MeContext=0312ML,ManagedElement=1,vsDataENodeBFunction=1,vsDataEUtranCellFDD=0312MLC",,,0,2,false,20000
cm_exp_20180419_150750.xml,2018-04-19T15:13:56Z,Undefined,ONRM_RootMo_R,eNODEb,0370ML,1,1,0370MLA,0,0,true,"SubNetwork=ONRM_RootMo_R,SubNetwork=eNODEb,MeContext=0370ML,ManagedElement=1,vsDataSectorEquipmentFunction=1",430,"SubNetwork=ONRM_RootMo_R,SubNetwork=eNODEb,MeContext=0370ML,ManagedElement=1,vsDataENodeBFunction=1,vsDataEUtranCellFDD=0370MLA",,,0,2,false,20000
cm_exp_20180419_150750.xml,2018-04-19T15:13:56Z,Undefined,ONRM_RootMo_R,eNODEb,0370ML,1,1,0370MLB,0,0,true,"SubNetwork=ONRM_RootMo_R,SubNetwork=eNODEb,MeContext=0370ML,ManagedElement=1,vsDataSectorEquipmentFunction=2",430,"SubNetwork=ONRM_RootMo_R,SubNetwork=eNODEb,MeContext=0370ML,ManagedElement=1,vsDataENodeBFunction=1,vsDataEUtranCellFDD=0370MLB",,,0,2,false,20000
cm_exp_20180419_150750.xml,2018-04-19T15:13:56Z,Undefined,ONRM_RootMo_R,eNODEb,0370ML,1,1,0370MLC,0,0,true,"SubNetwork=ONRM_RootMo_R,SubNetwork=eNODEb,MeContext=0370ML,ManagedElement=1,vsDataSectorEquipmentFunction=3",430,"SubNetwork=ONRM_RootMo_R,SubNetwork=eNODEb,MeContext=0370ML,ManagedElement=1,vsDataENodeBFunction=1,vsDataEUtranCellFDD=0370MLC",,,0,2,false,20000
cm_exp_20180419_150814.xml,2018-04-19T15:13:56Z,Undefined,ONRM_RootMo_R,eNODEb,0378ML,1,1,0378MLA,0,0,true,"SubNetwork=ONRM_RootMo_R,SubNetwork=eNODEb,MeContext=0378ML,ManagedElement=1,vsDataSectorEquipmentFunction=1",430,"SubNetwork=ONRM_RootMo_R,SubNetwork=eNODEb,MeContext=0378ML,ManagedElement=1,vsDataENodeBFunction=1,vsDataEUtranCellFDD=0378MLA",,,0,2,false,20000
cm_exp_20180419_150814.xml,2018-04-19T15:13:56Z,Undefined,ONRM_RootMo_R,eNODEb,0378ML,1,1,0378MLB,0,0,true,"SubNetwork=ONRM_RootMo_R,SubNetwork=eNODEb,MeContext=0378ML,ManagedElement=1,vsDataSectorEquipmentFunction=2",430,"SubNetwork=ONRM_RootMo_R,SubNetwork=eNODEb,MeContext=0378ML,ManagedElement=1,vsDataENodeBFunction=1,vsDataEUtranCellFDD=0378MLB",,,0,2,false,20000
cm_exp_20180419_150814.xml,2018-04-19T15:13:56Z,Undefined,ONRM_RootMo_R,eNODEb,0378ML,1,1,0378MLC,0,0,true,"SubNetwork=ONRM_RootMo_R,SubNetwork=eNODEb,MeContext=0378ML,ManagedElement=1,vsDataSectorEquipmentFunction=3",430,"SubNetwork=ONRM_RootMo_R,SubNetwork=eNODEb,MeContext=0378ML,ManagedElement=1,vsDataENodeBFunction=1,vsDataEUtranCellFDD=0378MLC",,,0,2,false,20000
cm_exp_20180419_150846.xml,2018-04-19T15:13:56Z,Undefined,ONRM_RootMo_R,eNODEb,0380ML,1,1,0380MLA,0,0,true,"SubNetwork=ONRM_RootMo_R,SubNetwork=eNODEb,MeContext=0380ML,ManagedElement=1,vsDataSectorEquipmentFunction=1",460,"SubNetwork=ONRM_RootMo_R,SubNetwork=eNODEb,MeContext=0380ML,ManagedElement=1,vsDataENodeBFunction=1,vsDataEUtranCellFDD=0380MLA",,,0,2,false,40000
cm_exp_20180419_150846.xml,2018-04-19T15:13:56Z,Undefined,ONRM_RootMo_R,eNODEb,0380ML,1,1,0380MLB,0,0,true,"SubNetwork=ONRM_RootMo_R,SubNetwork=eNODEb,MeContext=0380ML,ManagedElement=1,vsDataSectorEquipmentFunction=2",460,"SubNetwork=ONRM_RootMo_R,SubNetwork=eNODEb,MeContext=0380ML,ManagedElement=1,vsDataENodeBFunction=1,vsDataEUtranCellFDD=0380MLB",,,0,2,false,40000
cm_exp_20180419_150846.xml,2018-04-19T15:13:56Z,Undefined,ONRM_RootMo_R,eNODEb,0380ML,1,1,0380MLC,0,0,true,"SubNetwork=ONRM_RootMo_R,SubNetwork=eNODEb,MeContext=0380ML,ManagedElement=1,vsDataSectorEquipmentFunction=3",460,"SubNetwork=ONRM_RootMo_R,SubNetwork=eNODEb,MeContext=0380ML,ManagedElement=1,vsDataENodeBFunction=1,vsDataEUtranCellFDD=0380MLC",,,0,2,false,40000
cm_exp_20180419_150917.xml,2018-04-19T15:13:56Z,Undefined,ONRM_RootMo_R,eNODEb,0430ML,1,1,0430MLA,0,0,true,"SubNetwork=ONRM_RootMo_R,SubNetwork=eNODEb,MeContext=0430ML,ManagedElement=1,vsDataSectorEquipmentFunction=1",430,"SubNetwork=ONRM_RootMo_R,SubNetwork=eNODEb,MeContext=0430ML,ManagedElement=1,vsDataENodeBFunction=1,vsDataEUtranCellFDD=0430MLA",,,0,0,false,20000
cm_exp_20180419_150917.xml,2018-04-19T15:13:56Z,Undefined,ONRM_RootMo_R,eNODEb,0430ML,1,1,0430MLB,0,0,true,"SubNetwork=ONRM_RootMo_R,SubNetwork=eNODEb,MeContext=0430ML,ManagedElement=1,vsDataSectorEquipmentFunction=2",430,"SubNetwork=ONRM_RootMo_R,SubNetwork=eNODEb,MeContext=0430ML,ManagedElement=1,vsDataENodeBFunction=1,vsDataEUtranCellFDD=0430MLB",,,0,0,false,20000
cm_exp_20180419_150917.xml,2018-04-19T15:13:56Z,Undefined,ONRM_RootMo_R,eNODEb,0430ML,1,1,0430MLC,0,0,true,"SubNetwork=ONRM_RootMo_R,SubNetwork=eNODEb,MeContext=0430ML,ManagedElement=1,vsDataSectorEquipmentFunction=3",430,"SubNetwork=ONRM_RootMo_R,SubNetwork=eNODEb,MeContext=0430ML,ManagedElement=1,vsDataENodeBFunction=1,vsDataEUtranCellFDD=0430MLC",,,0,0,false,20000
cm_exp_20180419_150943.xml,2018-04-19T15:13:56Z,Undefined,ONRM_RootMo_R,eNODEb,0445ML,1,1,0445MLA,0,0,true,"SubNetwork=ONRM_RootMo_R,SubNetwork=eNODEb,MeContext=0445ML,ManagedElement=1,vsDataSectorEquipmentFunction=1",460,"SubNetwork=ONRM_RootMo_R,SubNetwork=eNODEb,MeContext=0445ML,ManagedElement=1,vsDataENodeBFunction=1,vsDataEUtranCellFDD=0445MLA",,,0,2,false,40000
cm_exp_20180419_150943.xml,2018-04-19T15:13:56Z,Undefined,ONRM_RootMo_R,eNODEb,0445ML,1,1,0445MLB,0,0,true,"SubNetwork=ONRM_RootMo_R,SubNetwork=eNODEb,MeContext=0445ML,ManagedElement=1,vsDataSectorEquipmentFunction=2",460,"SubNetwork=ONRM_RootMo_R,SubNetwork=eNODEb,MeContext=0445ML,ManagedElement=1,vsDataENodeBFunction=1,vsDataEUtranCellFDD=0445MLB",,,0,2,false,40000
cm_exp_20180419_150943.xml,2018-04-19T15:13:56Z,Undefined,ONRM_RootMo_R,eNODEb,0445ML,1,1,0445MLC,0,0,true,"SubNetwork=ONRM_RootMo_R,SubNetwork=eNODEb,MeContext=0445ML,ManagedElement=1,vsDataSectorEquipmentFunction=3",460,"SubNetwork=ONRM_RootMo_R,SubNetwork=eNODEb,MeContext=0445ML,ManagedElement=1,vsDataENodeBFunction=1,vsDataEUtranCellFDD=0445MLC",,,0,2,false,40000
cm_exp_20180419_151002.xml,2018-04-19T15:13:56Z,Undefined,ONRM_RootMo_R,eNODEb,0447ML,1,1,0447MLA,0,0,true,"SubNetwork=ONRM_RootMo_R,SubNetwork=eNODEb,MeContext=0447ML,ManagedElement=1,vsDataSectorEquipmentFunction=1",430,"SubNetwork=ONRM_RootMo_R,SubNetwork=eNODEb,MeContext=0447ML,ManagedElement=1,vsDataENodeBFunction=1,vsDataEUtranCellFDD=0447MLA",,,0,2,false,20000
cm_exp_20180419_151002.xml,2018-04-19T15:13:56Z,Undefined,ONRM_RootMo_R,eNODEb,0447ML,1,1,0447MLB,0,0,true,"SubNetwork=ONRM_RootMo_R,SubNetwork=eNODEb,MeContext=0447ML,ManagedElement=1,vsDataSectorEquipmentFunction=2",430,"SubNetwork=ONRM_RootMo_R,SubNetwork=eNODEb,MeContext=0447ML,ManagedElement=1,vsDataENodeBFunction=1,vsDataEUtranCellFDD=0447MLB",,,0,2,false,20000
cm_exp_20180419_151002.xml,2018-04-19T15:13:56Z,Undefined,ONRM_RootMo_R,eNODEb,0447ML,1,1,0447MLC,0,0,true,"SubNetwork=ONRM_RootMo_R,SubNetwork=eNODEb,MeContext=0447ML,ManagedElement=1,vsDataSectorEquipmentFunction=3",430,"SubNetwork=ONRM_RootMo_R,SubNetwork=eNODEb,MeContext=0447ML,ManagedElement=1,vsDataENodeBFunction=1,vsDataEUtranCellFDD=0447MLC",,,0,2,false,20000
cm_exp_20180419_151042.xml,2018-04-19T15:13:56Z,Undefined,ONRM_RootMo_R,eNODEb,0468ML,1,1,0468MLA,0,0,true,"SubNetwork=ONRM_RootMo_R,SubNetwork=eNODEb,MeContext=0468ML,ManagedElement=1,vsDataSectorEquipmentFunction=1",430,"SubNetwork=ONRM_RootMo_R,SubNetwork=eNODEb,MeContext=0468ML,ManagedElement=1,vsDataENodeBFunction=1,vsDataEUtranCellFDD=0468MLA",,,0,2,false,40000
cm_exp_20180419_151042.xml,2018-04-19T15:13:56Z,Undefined,ONRM_RootMo_R,eNODEb,0468ML,1,1,0468MLB,0,0,true,"SubNetwork=ONRM_RootMo_R,SubNetwork=eNODEb,MeContext=0468ML,ManagedElement=1,vsDataSectorEquipmentFunction=2",460,"SubNetwork=ONRM_RootMo_R,SubNetwork=eNODEb,MeContext=0468ML,ManagedElement=1,vsDataENodeBFunction=1,vsDataEUtranCellFDD=0468MLB",,,0,2,false,40000
cm_exp_20180419_151042.xml,2018-04-19T15:13:56Z,Undefined,ONRM_RootMo_R,eNODEb,0468ML,1,1,0468MLC,0,0,true,"SubNetwork=ONRM_RootMo_R,SubNetwork=eNODEb,MeContext=0468ML,ManagedElement=1,vsDataSectorEquipmentFunction=3",460,"SubNetwork=ONRM_RootMo_R,SubNetwork=eNODEb,MeContext=0468ML,ManagedElement=1,vsDataENodeBFunction=1,vsDataEUtranCellFDD=0468MLC",,,0,2,false,40000
cm_exp_20180419_151106.xml,2018-04-19T15:13:56Z,Undefined,ONRM_RootMo_R,eNODEb,0474ML,1,1,0474MLA,0,0,true,"SubNetwork=ONRM_RootMo_R,SubNetwork=eNODEb,MeContext=0474ML,ManagedElement=1,vsDataSectorEquipmentFunction=S1",460,"SubNetwork=ONRM_RootMo_R,SubNetwork=eNODEb,MeContext=0474ML,ManagedElement=1,vsDataENodeBFunction=1,vsDataEUtranCellFDD=0474MLA",,,0,2,false,40000
cm_exp_20180419_151106.xml,2018-04-19T15:13:56Z,Undefined,ONRM_RootMo_R,eNODEb,0474ML,1,1,0474MLB,0,0,true,"SubNetwork=ONRM_RootMo_R,SubNetwork=eNODEb,MeContext=0474ML,ManagedElement=1,vsDataSectorEquipmentFunction=S2",460,"SubNetwork=ONRM_RootMo_R,SubNetwork=eNODEb,MeContext=0474ML,ManagedElement=1,vsDataENodeBFunction=1,vsDataEUtranCellFDD=0474MLB",,,0,2,false,40000
cm_exp_20180419_151106.xml,2018-04-19T15:13:56Z,Undefined,ONRM_RootMo_R,eNODEb,0474ML,1,1,0474MLC,0,0,true,"SubNetwork=ONRM_RootMo_R,SubNetwork=eNODEb,MeContext=0474ML,ManagedElement=1,vsDataSectorEquipmentFunction=S3",460,"SubNetwork=ONRM_RootMo_R,SubNetwork=eNODEb,MeContext=0474ML,ManagedElement=1,vsDataENodeBFunction=1,vsDataEUtranCellFDD=0474MLC",,,0,2,false,40000
cm_exp_20180419_151217.xml,2018-04-19T15:13:56Z,Undefined,ONRM_RootMo_R,eNODEb,0573ML,1,1,0573MLA,0,0,true,"SubNetwork=ONRM_RootMo_R,SubNetwork=eNODEb,MeContext=0573ML,ManagedElement=1,vsDataSectorEquipmentFunction=1",430,"SubNetwork=ONRM_RootMo_R,SubNetwork=eNODEb,MeContext=0573ML,ManagedElement=1,vsDataENodeBFunction=1,vsDataEUtranCellFDD=0573MLA",,,0,2,false,20000
cm_exp_20180419_151217.xml,2018-04-19T15:13:56Z,Undefined,ONRM_RootMo_R,eNODEb,0573ML,1,1,0573MLB,0,0,true,"SubNetwork=ONRM_RootMo_R,SubNetwork=eNODEb,MeContext=0573ML,ManagedElement=1,vsDataSectorEquipmentFunction=2",430,"SubNetwork=ONRM_RootMo_R,SubNetwork=eNODEb,MeContext=0573ML,ManagedElement=1,vsDataENodeBFunction=1,vsDataEUtranCellFDD=0573MLB",,,0,2,false,20000
cm_exp_20180419_151217.xml,2018-04-19T15:13:56Z,Undefined,ONRM_RootMo_R,eNODEb,0573ML,1,1,0573MLC,0,0,true,"SubNetwork=ONRM_RootMo_R,SubNetwork=eNODEb,MeContext=0573ML,ManagedElement=1,vsDataSectorEquipmentFunction=3",430,"SubNetwork=ONRM_RootMo_R,SubNetwork=eNODEb,MeContext=0573ML,ManagedElement=1,vsDataENodeBFunction=1,vsDataEUtranCellFDD=0573MLC",,,0,2,false,20000
cm_exp_20180419_151236.xml,2018-04-19T15:13:56Z,Undefined,ONRM_RootMo_R,eNODEb,0620ML,1,1,0620MLA,0,0,true,"SubNetwork=ONRM_RootMo_R,SubNetwork=eNODEb,MeContext=0620ML,ManagedElement=1,vsDataSectorEquipmentFunction=1",430,"SubNetwork=ONRM_RootMo_R,SubNetwork=eNODEb,MeContext=0620ML,ManagedElement=1,vsDataENodeBFunction=1,vsDataEUtranCellFDD=0620MLA",,,0,2,false,20000
cm_exp_20180419_151236.xml,2018-04-19T15:13:56Z,Undefined,ONRM_RootMo_R,eNODEb,0620ML,1,1,0620MLB,0,0,true,"SubNetwork=ONRM_RootMo_R,SubNetwork=eNODEb,MeContext=0620ML,ManagedElement=1,vsDataSectorEquipmentFunction=2",430,"SubNetwork=ONRM_RootMo_R,SubNetwork=eNODEb,MeContext=0620ML,ManagedElement=1,vsDataENodeBFunction=1,vsDataEUtranCellFDD=0620MLB",,,0,2,false,20000
cm_exp_20180419_151236.xml,2018-04-19T15:13:56Z,Undefined,ONRM_RootMo_R,eNODEb,0620ML,1,1,0620MLC,0,0,true,"SubNetwork=ONRM_RootMo_R,SubNetwork=eNODEb,MeContext=0620ML,ManagedElement=1,vsDataSectorEquipmentFunction=3",430,"SubNetwork=ONRM_RootMo_R,SubNetwork=eNODEb,MeContext=0620ML,ManagedElement=1,vsDataENodeBFunction=1,vsDataEUtranCellFDD=0620MLC",,,0,2,false,20000
cm_exp_20180419_151301.xml,2018-04-19T15:13:56Z,Undefined,ONRM_RootMo_R,eNODEb,0876ML,1,1,0876MLA,0,0,true,"SubNetwork=ONRM_RootMo_R,SubNetwork=eNODEb,MeContext=0876ML,ManagedElement=1,vsDataSectorEquipmentFunction=1",460,"SubNetwork=ONRM_RootMo_R,SubNetwork=eNODEb,MeContext=0876ML,ManagedElement=1,vsDataENodeBFunction=1,vsDataEUtranCellFDD=0876MLA",,,0,2,false,40000
cm_exp_20180419_151301.xml,2018-04-19T15:13:56Z,Undefined,ONRM_RootMo_R,eNODEb,0876ML,1,1,0876MLB,0,0,true,"SubNetwork=ONRM_RootMo_R,SubNetwork=eNODEb,MeContext=0876ML,ManagedElement=1,vsDataSectorEquipmentFunction=2",460,"SubNetwork=ONRM_RootMo_R,SubNetwork=eNODEb,MeContext=0876ML,ManagedElement=1,vsDataENodeBFunction=1,vsDataEUtranCellFDD=0876MLB",,,0,2,false,40000
cm_exp_20180419_151301.xml,2018-04-19T15:13:56Z,Undefined,ONRM_RootMo_R,eNODEb,0876ML,1,1,0876MLC,0,0,true,"SubNetwork=ONRM_RootMo_R,SubNetwork=eNODEb,MeContext=0876ML,ManagedElement=1,vsDataSectorEquipmentFunction=3",460,"SubNetwork=ONRM_RootMo_R,SubNetwork=eNODEb,MeContext=0876ML,ManagedElement=1,vsDataENodeBFunction=1,vsDataEUtranCellFDD=0876MLC",,,0,2,false,40000
cm_exp_20180419_151348.xml,2018-04-19T15:13:56Z,Undefined,ONRM_RootMo_R,eNODEb,0983ML,1,1,0983MLA,0,0,true,"SubNetwork=ONRM_RootMo_R,SubNetwork=eNODEb,MeContext=0983ML,ManagedElement=1,vsDataSectorEquipmentFunction=1",430,"SubNetwork=ONRM_RootMo_R,SubNetwork=eNODEb,MeContext=0983ML,ManagedElement=1,vsDataENodeBFunction=1,vsDataEUtranCellFDD=0983MLA",,,0,0,false,20000
cm_exp_20180419_151348.xml,2018-04-19T15:13:56Z,Undefined,ONRM_RootMo_R,eNODEb,0983ML,1,1,0983MLB,0,0,true,"SubNetwork=ONRM_RootMo_R,SubNetwork=eNODEb,MeContext=0983ML,ManagedElement=1,vsDataSectorEquipmentFunction=2",430,"SubNetwork=ONRM_RootMo_R,SubNetwork=eNODEb,MeContext=0983ML,ManagedElement=1,vsDataENodeBFunction=1,vsDataEUtranCellFDD=0983MLB",,,0,0,false,20000
cm_exp_20180419_151348.xml,2018-04-19T15:13:56Z,Undefined,ONRM_RootMo_R,eNODEb,0983ML,1,1,0983MLC,0,0,true,"SubNetwork=ONRM_RootMo_R,SubNetwork=eNODEb,MeContext=0983ML,ManagedElement=1,vsDataSectorEquipmentFunction=3",430,"SubNetwork=ONRM_RootMo_R,SubNetwork=eNODEb,MeContext=0983ML,ManagedElement=1,vsDataENodeBFunction=1,vsDataEUtranCellFDD=0983MLC",,,0,0,false,20000
