FileName,varDateTime,configData_dnPrefix,SubNetwork_id,SubNetwork_2_id,MeContext_id,ManagedElement_id,vsDataENodeBFunction_id,vsDataEUtranCellFDD_id,vsDataUeMeasControl_id,vsDataReportConfigB2CdmaUlTrig_id,b2Threshold2Cdma2000,timeToTriggerB2,reportIntervalB2,hysteresisB2
cm_exp_20180419_145031.xml,2018-04-19T15:13:56Z,Undefined,ONRM_RootMo_R,eNODEb,0003ML,1,1,0003MLA,1,1,-75,640,12,10
cm_exp_20180419_145031.xml,2018-04-19T15:13:56Z,Undefined,ONRM_RootMo_R,eNODEb,0003ML,1,1,0003MLB,1,1,-75,640,12,10
cm_exp_20180419_145031.xml,2018-04-19T15:13:56Z,Undefined,ONRM_RootMo_R,eNODEb,0003ML,1,1,0003MLC,1,1,-75,640,12,10
cm_exp_20180419_145108.xml,2018-04-19T15:13:56Z,Undefined,ONRM_RootMo_R,eNODEb,0009ML,1,1,0009MLA,1,1,-75,640,12,10
cm_exp_20180419_145108.xml,2018-04-19T15:13:56Z,Undefined,ONRM_RootMo_R,eNODEb,0009ML,1,1,0009MLB,1,1,-75,640,12,10
cm_exp_20180419_145108.xml,2018-04-19T15:13:56Z,Undefined,ONRM_RootMo_R,eNODEb,0009ML,1,1,0009MLC,1,1,-75,640,12,10
cm_exp_20180419_145140.xml,2018-04-19T15:13:56Z,Undefined,ONRM_RootMo_R,eNODEb,0013ML,1,1,0013MLA,1,1,-75,640,12,10
cm_exp_20180419_145140.xml,2018-04-19T15:13:56Z,Undefined,ONRM_RootMo_R,eNODEb,0013ML,1,1,0013MLB,1,1,-75,640,12,10
cm_exp_20180419_145140.xml,2018-04-19T15:13:56Z,Undefined,ONRM_RootMo_R,eNODEb,0013ML,1,1,0013MLC,1,1,-75,640,12,10
cm_exp_20180419_145205.xml,2018-04-19T15:13:56Z,Undefined,ONRM_RootMo_R,eNODEb,0017ML,1,1,0017MLA,1,1,-75,640,12,10
cm_exp_20180419_145205.xml,2018-04-19T15:13:56Z,Undefined,ONRM_RootMo_R,eNODEb,0017ML,1,1,0017MLB,1,1,-75,640,12,10
cm_exp_20180419_145205.xml,2018-04-19T15:13:56Z,Undefined,ONRM_RootMo_R,eNODEb,0017ML,1,1,0017MLC,1,1,-75,640,12,10
cm_exp_20180419_145236.xml,2018-04-19T15:13:56Z,Undefined,ONRM_RootMo_R,eNODEb,0021ML,1,1,0021MLA,1,1,-75,640,12,10
cm_exp_20180419_145236.xml,2018-04-19T15:13:56Z,Undefined,ONRM_RootMo_R,eNODEb,0021ML,1,1,0021MLB,1,1,-75,640,12,10
cm_exp_20180419_145236.xml,2018-04-19T15:13:56Z,Undefined,ONRM_RootMo_R,eNODEb,0021ML,1,1,0021MLC,1,1,-75,640,12,10
cm_exp_20180419_145547.xml,2018-04-19T15:13:56Z,Undefined,ONRM_RootMo_R,eNODEb,0024ML,1,1,0024MLA,1,1,-75,640,12,10
cm_exp_20180419_145547.xml,2018-04-19T15:13:56Z,Undefined,ONRM_RootMo_R,eNODEb,0024ML,1,1,0024MLB,1,1,-75,640,12,10
cm_exp_20180419_145547.xml,2018-04-19T15:13:56Z,Undefined,ONRM_RootMo_R,eNODEb,0024ML,1,1,0024MLC,1,1,-75,640,12,10
cm_exp_20180419_145624.xml,2018-04-19T15:13:56Z,Undefined,ONRM_RootMo_R,eNODEb,0074ML,1,1,0074MLA,1,1,-75,640,12,10
cm_exp_20180419_145624.xml,2018-04-19T15:13:56Z,Undefined,ONRM_RootMo_R,eNODEb,0074ML,1,1,0074MLB,1,1,-75,640,12,10
cm_exp_20180419_145624.xml,2018-04-19T15:13:56Z,Undefined,ONRM_RootMo_R,eNODEb,0074ML,1,1,0074MLC,1,1,-75,640,12,10
cm_exp_20180419_145649.xml,2018-04-19T15:13:56Z,Undefined,ONRM_RootMo_R,eNODEb,0082ML,1,1,0082MLA,1,1,-75,640,12,10
cm_exp_20180419_145649.xml,2018-04-19T15:13:56Z,Undefined,ONRM_RootMo_R,eNODEb,0082ML,1,1,0082MLB,1,1,-75,640,12,10
cm_exp_20180419_145649.xml,2018-04-19T15:13:56Z,Undefined,ONRM_RootMo_R,eNODEb,0082ML,1,1,0082MLC,1,1,-75,640,12,10
cm_exp_20180419_145711.xml,2018-04-19T15:13:56Z,Undefined,ONRM_RootMo_R,eNODEb,0091ML,1,1,0091MLA,1,1,-75,640,12,10
cm_exp_20180419_145711.xml,2018-04-19T15:13:56Z,Undefined,ONRM_RootMo_R,eNODEb,0091ML,1,1,0091MLB,1,1,-75,640,12,10
cm_exp_20180419_145711.xml,2018-04-19T15:13:56Z,Undefined,ONRM_RootMo_R,eNODEb,0091ML,1,1,0091MLC,1,1,-75,640,12,10
cm_exp_20180419_145733.xml,2018-04-19T15:13:56Z,Undefined,ONRM_RootMo_R,eNODEb,0099ML,1,1,0099MLA,1,1,-75,640,12,10
cm_exp_20180419_145733.xml,2018-04-19T15:13:56Z,Undefined,ONRM_RootMo_R,eNODEb,0099ML,1,1,0099MLB,1,1,-75,640,12,10
cm_exp_20180419_145733.xml,2018-04-19T15:13:56Z,Undefined,ONRM_RootMo_R,eNODEb,0099ML,1,1,0099MLC,1,1,-75,640,12,10
cm_exp_20180419_145810.xml,2018-04-19T15:13:56Z,Undefined,ONRM_RootMo_R,eNODEb,0106ML,1,1,0106MLA,1,1,-75,640,12,10
cm_exp_20180419_145810.xml,2018-04-19T15:13:56Z,Undefined,ONRM_RootMo_R,eNODEb,0106ML,1,1,0106MLB,1,1,-75,640,12,10
cm_exp_20180419_145810.xml,2018-04-19T15:13:56Z,Undefined,ONRM_RootMo_R,eNODEb,0106ML,1,1,0106MLC,1,1,-75,640,12,10
cm_exp_20180419_145835.xml,2018-04-19T15:13:56Z,Undefined,ONRM_RootMo_R,eNODEb,0119ML,1,1,0119MLA,1,1,-75,640,12,10
cm_exp_20180419_145835.xml,2018-04-19T15:13:56Z,Undefined,ONRM_RootMo_R,eNODEb,0119ML,1,1,0119MLB,1,1,-75,640,12,10
cm_exp_20180419_145835.xml,2018-04-19T15:13:56Z,Undefined,ONRM_RootMo_R,eNODEb,0119ML,1,1,0119MLC,1,1,-75,640,12,10
cm_exp_20180419_145940.xml,2018-04-19T15:13:56Z,Undefined,ONRM_RootMo_R,eNODEb,0138ML,1,1,0138MLA,1,1,-75,640,12,10
cm_exp_20180419_145940.xml,2018-04-19T15:13:56Z,Undefined,ONRM_RootMo_R,eNODEb,0138ML,1,1,0138MLB,1,1,-75,640,12,10
cm_exp_20180419_145940.xml,2018-04-19T15:13:56Z,Undefined,ONRM_RootMo_R,eNODEb,0138ML,1,1,0138MLC,1,1,-75,640,12,10
cm_exp_20180419_150007.xml,2018-04-19T15:13:56Z,Undefined,ONRM_RootMo_R,eNODEb,0150ML,1,1,0150MLA,1,1,-75,640,12,10
cm_exp_20180419_150007.xml,2018-04-19T15:13:56Z,Undefined,ONRM_RootMo_R,eNODEb,0150ML,1,1,0150MLB,1,1,-75,640,12,10
cm_exp_20180419_150007.xml,2018-04-19T15:13:56Z,Undefined,ONRM_RootMo_R,eNODEb,0150ML,1,1,0150MLC,1,1,-75,640,12,10
cm_exp_20180419_150024.xml,2018-04-19T15:13:56Z,Undefined,ONRM_RootMo_R,eNODEb,0154ML,1,1,0154MLA,1,1,-75,640,12,10
cm_exp_20180419_150024.xml,2018-04-19T15:13:56Z,Undefined,ONRM_RootMo_R,eNODEb,0154ML,1,1,0154MLB,1,1,-75,640,12,10
cm_exp_20180419_150024.xml,2018-04-19T15:13:56Z,Undefined,ONRM_RootMo_R,eNODEb,0154ML,1,1,0154MLC,1,1,-75,640,12,10
cm_exp_20180419_150054.xml,2018-04-19T15:13:56Z,Undefined,ONRM_RootMo_R,eNODEb,0196ML,1,1,0196MLA,1,1,-75,640,12,10
cm_exp_20180419_150054.xml,2018-04-19T15:13:56Z,Undefined,ONRM_RootMo_R,eNODEb,0196ML,1,1,0196MLB,1,1,-75,640,12,10
cm_exp_20180419_150054.xml,2018-04-19T15:13:56Z,Undefined,ONRM_RootMo_R,eNODEb,0196ML,1,1,0196MLC,1,1,-75,640,12,10
cm_exp_20180419_150110.xml,2018-04-19T15:13:56Z,Undefined,ONRM_RootMo_R,eNODEb,0198ML,1,1,0198MLA,1,1,-75,640,12,10
cm_exp_20180419_150110.xml,2018-04-19T15:13:56Z,Undefined,ONRM_RootMo_R,eNODEb,0198ML,1,1,0198MLB,1,1,-75,640,12,10
cm_exp_20180419_150110.xml,2018-04-19T15:13:56Z,Undefined,ONRM_RootMo_R,eNODEb,0198ML,1,1,0198MLC,1,1,-75,640,12,10
cm_exp_20180419_150127.xml,2018-04-19T15:13:56Z,Undefined,ONRM_RootMo_R,eNODEb,0204ML,1,1,0204MLA,1,1,-75,640,12,10
cm_exp_20180419_150127.xml,2018-04-19T15:13:56Z,Undefined,ONRM_RootMo_R,eNODEb,0204ML,1,1,0204MLB,1,1,-75,640,12,10
cm_exp_20180419_150127.xml,2018-04-19T15:13:56Z,Undefined,ONRM_RootMo_R,eNODEb,0204ML,1,1,0204MLC,1,1,-75,640,12,10
cm_exp_20180419_150146.xml,2018-04-19T15:13:56Z,Undefined,ONRM_RootMo_R,eNODEb,0205ML,1,1,0205MLA,1,1,-75,640,12,10
cm_exp_20180419_150146.xml,2018-04-19T15:13:56Z,Undefined,ONRM_RootMo_R,eNODEb,0205ML,1,1,0205MLB,1,1,-75,640,12,10
cm_exp_20180419_150146.xml,2018-04-19T15:13:56Z,Undefined,ONRM_RootMo_R,eNODEb,0205ML,1,1,0205MLC,1,1,-75,640,12,10
cm_exp_20180419_150215.xml,2018-04-19T15:13:56Z,Undefined,ONRM_RootMo_R,eNODEb,0225ML,1,1,0225MLA,1,1,-75,640,12,10
cm_exp_20180419_150215.xml,2018-04-19T15:13:56Z,Undefined,ONRM_RootMo_R,eNODEb,0225ML,1,1,0225MLB,1,1,-75,640,12,10
cm_exp_20180419_150215.xml,2018-04-19T15:13:56Z,Undefined,ONRM_RootMo_R,eNODEb,0225ML,1,1,0225MLC,1,1,-75,640,12,10
cm_exp_20180419_150249.xml,2018-04-19T15:13:56Z,Undefined,ONRM_RootMo_R,eNODEb,0230ML,1,1,0230MLA,1,1,-75,640,12,10
cm_exp_20180419_150249.xml,2018-04-19T15:13:56Z,Undefined,ONRM_RootMo_R,eNODEb,0230ML,1,1,0230MLB,1,1,-75,640,12,10
cm_exp_20180419_150249.xml,2018-04-19T15:13:56Z,Undefined,ONRM_RootMo_R,eNODEb,0230ML,1,1,0230MLC,1,1,-75,640,12,10
cm_exp_20180419_150408.xml,2018-04-19T15:13:56Z,Undefined,ONRM_RootMo_R,eNODEb,0230ML,1,1,0230MLA,1,1,-75,640,12,10
cm_exp_20180419_150408.xml,2018-04-19T15:13:56Z,Undefined,ONRM_RootMo_R,eNODEb,0230ML,1,1,0230MLB,1,1,-75,640,12,10
cm_exp_20180419_150408.xml,2018-04-19T15:13:56Z,Undefined,ONRM_RootMo_R,eNODEb,0230ML,1,1,0230MLC,1,1,-75,640,12,10
cm_exp_20180419_150451.xml,2018-04-19T15:13:56Z,Undefined,ONRM_RootMo_R,eNODEb,0243ML,1,1,0243MLA,1,1,-75,640,12,10
cm_exp_20180419_150451.xml,2018-04-19T15:13:56Z,Undefined,ONRM_RootMo_R,eNODEb,0243ML,1,1,0243MLB,1,1,-75,640,12,10
cm_exp_20180419_150451.xml,2018-04-19T15:13:56Z,Undefined,ONRM_RootMo_R,eNODEb,0243ML,1,1,0243MLC,1,1,-75,640,12,10
cm_exp_20180419_150511.xml,2018-04-19T15:13:56Z,Undefined,ONRM_RootMo_R,eNODEb,0250ML,1,1,0250MLA,1,1,-75,640,12,10
cm_exp_20180419_150511.xml,2018-04-19T15:13:56Z,Undefined,ONRM_RootMo_R,eNODEb,0250ML,1,1,0250MLB,1,1,-75,640,12,10
cm_exp_20180419_150511.xml,2018-04-19T15:13:56Z,Undefined,ONRM_RootMo_R,eNODEb,0250ML,1,1,0250MLC,1,1,-75,640,12,10
cm_exp_20180419_150529.xml,2018-04-19T15:13:56Z,Undefined,ONRM_RootMo_R,eNODEb,0255ML,1,1,0255MLA,1,1,-75,640,12,10
cm_exp_20180419_150529.xml,2018-04-19T15:13:56Z,Undefined,ONRM_RootMo_R,eNODEb,0255ML,1,1,0255MLB,1,1,-75,640,12,10
cm_exp_20180419_150529.xml,2018-04-19T15:13:56Z,Undefined,ONRM_RootMo_R,eNODEb,0255ML,1,1,0255MLC,1,1,-75,640,12,10
cm_exp_20180419_150554.xml,2018-04-19T15:13:56Z,Undefined,ONRM_RootMo_R,eNODEb,0270ML,1,1,0270MLA,1,1,-75,640,12,10
cm_exp_20180419_150554.xml,2018-04-19T15:13:56Z,Undefined,ONRM_RootMo_R,eNODEb,0270ML,1,1,0270MLB,1,1,-75,640,12,10
cm_exp_20180419_150554.xml,2018-04-19T15:13:56Z,Undefined,ONRM_RootMo_R,eNODEb,0270ML,1,1,0270MLC,1,1,-75,640,12,10
cm_exp_20180419_150618.xml,2018-04-19T15:13:56Z,Undefined,ONRM_RootMo_R,eNODEb,0304ML,1,1,0304MLA,1,1,-75,640,12,10
cm_exp_20180419_150618.xml,2018-04-19T15:13:56Z,Undefined,ONRM_RootMo_R,eNODEb,0304ML,1,1,0304MLB,1,1,-75,640,12,10
cm_exp_20180419_150618.xml,2018-04-19T15:13:56Z,Undefined,ONRM_RootMo_R,eNODEb,0304ML,1,1,0304MLC,1,1,-75,640,12,10
cm_exp_20180419_150643.xml,2018-04-19T15:13:56Z,Undefined,ONRM_RootMo_R,eNODEb,0312ML,1,1,0312MLA,1,1,-75,640,12,10
cm_exp_20180419_150643.xml,2018-04-19T15:13:56Z,Undefined,ONRM_RootMo_R,eNODEb,0312ML,1,1,0312MLB,1,1,-75,640,12,10
cm_exp_20180419_150643.xml,2018-04-19T15:13:56Z,Undefined,ONRM_RootMo_R,eNODEb,0312ML,1,1,0312MLC,1,1,-75,640,12,10
cm_exp_20180419_150750.xml,2018-04-19T15:13:56Z,Undefined,ONRM_RootMo_R,eNODEb,0370ML,1,1,0370MLA,1,1,-75,640,12,10
cm_exp_20180419_150750.xml,2018-04-19T15:13:56Z,Undefined,ONRM_RootMo_R,eNODEb,0370ML,1,1,0370MLB,1,1,-75,640,12,10
cm_exp_20180419_150750.xml,2018-04-19T15:13:56Z,Undefined,ONRM_RootMo_R,eNODEb,0370ML,1,1,0370MLC,1,1,-75,640,12,10
cm_exp_20180419_150814.xml,2018-04-19T15:13:56Z,Undefined,ONRM_RootMo_R,eNODEb,0378ML,1,1,0378MLA,1,1,-75,640,12,10
cm_exp_20180419_150814.xml,2018-04-19T15:13:56Z,Undefined,ONRM_RootMo_R,eNODEb,0378ML,1,1,0378MLB,1,1,-75,640,12,10
cm_exp_20180419_150814.xml,2018-04-19T15:13:56Z,Undefined,ONRM_RootMo_R,eNODEb,0378ML,1,1,0378MLC,1,1,-75,640,12,10
cm_exp_20180419_150846.xml,2018-04-19T15:13:56Z,Undefined,ONRM_RootMo_R,eNODEb,0380ML,1,1,0380MLA,1,1,-75,640,12,10
cm_exp_20180419_150846.xml,2018-04-19T15:13:56Z,Undefined,ONRM_RootMo_R,eNODEb,0380ML,1,1,0380MLB,1,1,-75,640,12,10
cm_exp_20180419_150846.xml,2018-04-19T15:13:56Z,Undefined,ONRM_RootMo_R,eNODEb,0380ML,1,1,0380MLC,1,1,-75,640,12,10
cm_exp_20180419_150917.xml,2018-04-19T15:13:56Z,Undefined,ONRM_RootMo_R,eNODEb,0430ML,1,1,0430MLA,1,1,-75,640,12,10
cm_exp_20180419_150917.xml,2018-04-19T15:13:56Z,Undefined,ONRM_RootMo_R,eNODEb,0430ML,1,1,0430MLB,1,1,-75,640,12,10
cm_exp_20180419_150917.xml,2018-04-19T15:13:56Z,Undefined,ONRM_RootMo_R,eNODEb,0430ML,1,1,0430MLC,1,1,-75,640,12,10
cm_exp_20180419_150943.xml,2018-04-19T15:13:56Z,Undefined,ONRM_RootMo_R,eNODEb,0445ML,1,1,0445MLA,1,1,-75,640,12,10
cm_exp_20180419_150943.xml,2018-04-19T15:13:56Z,Undefined,ONRM_RootMo_R,eNODEb,0445ML,1,1,0445MLB,1,1,-75,640,12,10
cm_exp_20180419_150943.xml,2018-04-19T15:13:56Z,Undefined,ONRM_RootMo_R,eNODEb,0445ML,1,1,0445MLC,1,1,-75,640,12,10
cm_exp_20180419_151002.xml,2018-04-19T15:13:56Z,Undefined,ONRM_RootMo_R,eNODEb,0447ML,1,1,0447MLA,1,1,-75,640,12,10
cm_exp_20180419_151002.xml,2018-04-19T15:13:56Z,Undefined,ONRM_RootMo_R,eNODEb,0447ML,1,1,0447MLB,1,1,-75,640,12,10
cm_exp_20180419_151002.xml,2018-04-19T15:13:56Z,Undefined,ONRM_RootMo_R,eNODEb,0447ML,1,1,0447MLC,1,1,-75,640,12,10
cm_exp_20180419_151042.xml,2018-04-19T15:13:56Z,Undefined,ONRM_RootMo_R,eNODEb,0468ML,1,1,0468MLA,1,1,-75,640,12,10
cm_exp_20180419_151042.xml,2018-04-19T15:13:56Z,Undefined,ONRM_RootMo_R,eNODEb,0468ML,1,1,0468MLB,1,1,-75,640,12,10
cm_exp_20180419_151042.xml,2018-04-19T15:13:56Z,Undefined,ONRM_RootMo_R,eNODEb,0468ML,1,1,0468MLC,1,1,-75,640,12,10
cm_exp_20180419_151106.xml,2018-04-19T15:13:56Z,Undefined,ONRM_RootMo_R,eNODEb,0474ML,1,1,0474MLA,1,1,-75,640,12,10
cm_exp_20180419_151106.xml,2018-04-19T15:13:56Z,Undefined,ONRM_RootMo_R,eNODEb,0474ML,1,1,0474MLB,1,1,-75,640,12,10
cm_exp_20180419_151106.xml,2018-04-19T15:13:56Z,Undefined,ONRM_RootMo_R,eNODEb,0474ML,1,1,0474MLC,1,1,-75,640,12,10
cm_exp_20180419_151217.xml,2018-04-19T15:13:56Z,Undefined,ONRM_RootMo_R,eNODEb,0573ML,1,1,0573MLA,1,1,-75,640,12,10
cm_exp_20180419_151217.xml,2018-04-19T15:13:56Z,Undefined,ONRM_RootMo_R,eNODEb,0573ML,1,1,0573MLB,1,1,-75,640,12,10
cm_exp_20180419_151217.xml,2018-04-19T15:13:56Z,Undefined,ONRM_RootMo_R,eNODEb,0573ML,1,1,0573MLC,1,1,-75,640,12,10
cm_exp_20180419_151236.xml,2018-04-19T15:13:56Z,Undefined,ONRM_RootMo_R,eNODEb,0620ML,1,1,0620MLA,1,1,-75,640,12,10
cm_exp_20180419_151236.xml,2018-04-19T15:13:56Z,Undefined,ONRM_RootMo_R,eNODEb,0620ML,1,1,0620MLB,1,1,-75,640,12,10
cm_exp_20180419_151236.xml,2018-04-19T15:13:56Z,Undefined,ONRM_RootMo_R,eNODEb,0620ML,1,1,0620MLC,1,1,-75,640,12,10
cm_exp_20180419_151301.xml,2018-04-19T15:13:56Z,Undefined,ONRM_RootMo_R,eNODEb,0876ML,1,1,0876MLA,1,1,-75,640,12,10
cm_exp_20180419_151301.xml,2018-04-19T15:13:56Z,Undefined,ONRM_RootMo_R,eNODEb,0876ML,1,1,0876MLB,1,1,-75,640,12,10
cm_exp_20180419_151301.xml,2018-04-19T15:13:56Z,Undefined,ONRM_RootMo_R,eNODEb,0876ML,1,1,0876MLC,1,1,-75,640,12,10
cm_exp_20180419_151348.xml,2018-04-19T15:13:56Z,Undefined,ONRM_RootMo_R,eNODEb,0983ML,1,1,0983MLA,1,1,-75,640,12,10
cm_exp_20180419_151348.xml,2018-04-19T15:13:56Z,Undefined,ONRM_RootMo_R,eNODEb,0983ML,1,1,0983MLB,1,1,-75,640,12,10
cm_exp_20180419_151348.xml,2018-04-19T15:13:56Z,Undefined,ONRM_RootMo_R,eNODEb,0983ML,1,1,0983MLC,1,1,-75,640,12,10
