FileName,varDateTime,configData_dnPrefix,SubNetwork_id,SubNetwork_2_id,MeContext_id,ManagedElement_id,vsDataSectorEquipmentFunction_id,administrativeState,userLabel,rfBranchRef,mixedModeRadio,reservedBy,eUtranFqBands
cm_exp_20180419_145031.xml,2018-04-19T15:13:56Z,Undefined,ONRM_RootMo_R,eNODEb,0003ML,1,1,1,,"SubNetwork=ONRM_RootMo_R,SubNetwork=eNODEb,MeContext=0003ML,ManagedElement=1,vsDataEquipment=1,vsDataAntennaUnitGroup=1,vsDataRfBranch=1;SubNetwork=ONRM_RootMo_R,SubNetwork=eNODEb,MeContext=0003ML,ManagedElement=1,vsDataEquipment=1,vsDataAntennaUnitGroup=1,vsDataRfBranch=2",true,"SubNetwork=ONRM_RootMo_R,SubNetwork=eNODEb,MeContext=0003ML,ManagedElement=1,vsDataENodeBFunction=1,vsDataSectorCarrier=0003MLA",Band3: full on all;Band4: partial on all;Band9: full on all;Band10: partial on all;Band35: partial on all;Band66: partial on all
cm_exp_20180419_145031.xml,2018-04-19T15:13:56Z,Undefined,ONRM_RootMo_R,eNODEb,0003ML,1,2,1,,"SubNetwork=ONRM_RootMo_R,SubNetwork=eNODEb,MeContext=0003ML,ManagedElement=1,vsDataEquipment=1,vsDataAntennaUnitGroup=2,vsDataRfBranch=1;SubNetwork=ONRM_RootMo_R,SubNetwork=eNODEb,MeContext=0003ML,ManagedElement=1,vsDataEquipment=1,vsDataAntennaUnitGroup=2,vsDataRfBranch=2",true,"SubNetwork=ONRM_RootMo_R,SubNetwork=eNODEb,MeContext=0003ML,ManagedElement=1,vsDataENodeBFunction=1,vsDataSectorCarrier=0003MLB",Band3: full on all;Band4: partial on all;Band9: full on all;Band10: partial on all;Band35: partial on all;Band66: partial on all
cm_exp_20180419_145031.xml,2018-04-19T15:13:56Z,Undefined,ONRM_RootMo_R,eNODEb,0003ML,1,3,1,,"SubNetwork=ONRM_RootMo_R,SubNetwork=eNODEb,MeContext=0003ML,ManagedElement=1,vsDataEquipment=1,vsDataAntennaUnitGroup=3,vsDataRfBranch=1;SubNetwork=ONRM_RootMo_R,SubNetwork=eNODEb,MeContext=0003ML,ManagedElement=1,vsDataEquipment=1,vsDataAntennaUnitGroup=3,vsDataRfBranch=2",true,"SubNetwork=ONRM_RootMo_R,SubNetwork=eNODEb,MeContext=0003ML,ManagedElement=1,vsDataENodeBFunction=1,vsDataSectorCarrier=0003MLC",Band3: full on all;Band4: partial on all;Band9: full on all;Band10: partial on all;Band35: partial on all;Band66: partial on all
cm_exp_20180419_145108.xml,2018-04-19T15:13:56Z,Undefined,ONRM_RootMo_R,eNODEb,0009ML,1,1,1,,"SubNetwork=ONRM_RootMo_R,SubNetwork=eNODEb,MeContext=0009ML,ManagedElement=1,vsDataEquipment=1,vsDataAntennaUnitGroup=1,vsDataRfBranch=1;SubNetwork=ONRM_RootMo_R,SubNetwork=eNODEb,MeContext=0009ML,ManagedElement=1,vsDataEquipment=1,vsDataAntennaUnitGroup=1,vsDataRfBranch=2",true,"SubNetwork=ONRM_RootMo_R,SubNetwork=eNODEb,MeContext=0009ML,ManagedElement=1,vsDataENodeBFunction=1,vsDataSectorCarrier=0009MLA",
cm_exp_20180419_145108.xml,2018-04-19T15:13:56Z,Undefined,ONRM_RootMo_R,eNODEb,0009ML,1,2,1,,"SubNetwork=ONRM_RootMo_R,SubNetwork=eNODEb,MeContext=0009ML,ManagedElement=1,vsDataEquipment=1,vsDataAntennaUnitGroup=2,vsDataRfBranch=1;SubNetwork=ONRM_RootMo_R,SubNetwork=eNODEb,MeContext=0009ML,ManagedElement=1,vsDataEquipment=1,vsDataAntennaUnitGroup=2,vsDataRfBranch=2",true,"SubNetwork=ONRM_RootMo_R,SubNetwork=eNODEb,MeContext=0009ML,ManagedElement=1,vsDataENodeBFunction=1,vsDataSectorCarrier=0009MLB",
cm_exp_20180419_145108.xml,2018-04-19T15:13:56Z,Undefined,ONRM_RootMo_R,eNODEb,0009ML,1,3,1,,"SubNetwork=ONRM_RootMo_R,SubNetwork=eNODEb,MeContext=0009ML,ManagedElement=1,vsDataEquipment=1,vsDataAntennaUnitGroup=3,vsDataRfBranch=1;SubNetwork=ONRM_RootMo_R,SubNetwork=eNODEb,MeContext=0009ML,ManagedElement=1,vsDataEquipment=1,vsDataAntennaUnitGroup=3,vsDataRfBranch=2",true,"SubNetwork=ONRM_RootMo_R,SubNetwork=eNODEb,MeContext=0009ML,ManagedElement=1,vsDataENodeBFunction=1,vsDataSectorCarrier=0009MLC",
cm_exp_20180419_145140.xml,2018-04-19T15:13:56Z,Undefined,ONRM_RootMo_R,eNODEb,0013ML,1,1,1,,"SubNetwork=ONRM_RootMo_R,SubNetwork=eNODEb,MeContext=0013ML,ManagedElement=1,vsDataEquipment=1,vsDataAntennaUnitGroup=1,vsDataRfBranch=1;SubNetwork=ONRM_RootMo_R,SubNetwork=eNODEb,MeContext=0013ML,ManagedElement=1,vsDataEquipment=1,vsDataAntennaUnitGroup=1,vsDataRfBranch=2",true,"SubNetwork=ONRM_RootMo_R,SubNetwork=eNODEb,MeContext=0013ML,ManagedElement=1,vsDataENodeBFunction=1,vsDataSectorCarrier=0013MLA",
cm_exp_20180419_145140.xml,2018-04-19T15:13:56Z,Undefined,ONRM_RootMo_R,eNODEb,0013ML,1,2,1,,"SubNetwork=ONRM_RootMo_R,SubNetwork=eNODEb,MeContext=0013ML,ManagedElement=1,vsDataEquipment=1,vsDataAntennaUnitGroup=2,vsDataRfBranch=1;SubNetwork=ONRM_RootMo_R,SubNetwork=eNODEb,MeContext=0013ML,ManagedElement=1,vsDataEquipment=1,vsDataAntennaUnitGroup=2,vsDataRfBranch=2",true,"SubNetwork=ONRM_RootMo_R,SubNetwork=eNODEb,MeContext=0013ML,ManagedElement=1,vsDataENodeBFunction=1,vsDataSectorCarrier=0013MLB",
cm_exp_20180419_145140.xml,2018-04-19T15:13:56Z,Undefined,ONRM_RootMo_R,eNODEb,0013ML,1,3,1,,"SubNetwork=ONRM_RootMo_R,SubNetwork=eNODEb,MeContext=0013ML,ManagedElement=1,vsDataEquipment=1,vsDataAntennaUnitGroup=3,vsDataRfBranch=1;SubNetwork=ONRM_RootMo_R,SubNetwork=eNODEb,MeContext=0013ML,ManagedElement=1,vsDataEquipment=1,vsDataAntennaUnitGroup=3,vsDataRfBranch=2",true,"SubNetwork=ONRM_RootMo_R,SubNetwork=eNODEb,MeContext=0013ML,ManagedElement=1,vsDataENodeBFunction=1,vsDataSectorCarrier=0013MLC",
cm_exp_20180419_145205.xml,2018-04-19T15:13:56Z,Undefined,ONRM_RootMo_R,eNODEb,0017ML,1,1,1,,"SubNetwork=ONRM_RootMo_R,SubNetwork=eNODEb,MeContext=0017ML,ManagedElement=1,vsDataEquipment=1,vsDataAntennaUnitGroup=1,vsDataRfBranch=1;SubNetwork=ONRM_RootMo_R,SubNetwork=eNODEb,MeContext=0017ML,ManagedElement=1,vsDataEquipment=1,vsDataAntennaUnitGroup=1,vsDataRfBranch=2",true,"SubNetwork=ONRM_RootMo_R,SubNetwork=eNODEb,MeContext=0017ML,ManagedElement=1,vsDataENodeBFunction=1,vsDataSectorCarrier=0017MLA",
cm_exp_20180419_145205.xml,2018-04-19T15:13:56Z,Undefined,ONRM_RootMo_R,eNODEb,0017ML,1,2,1,,"SubNetwork=ONRM_RootMo_R,SubNetwork=eNODEb,MeContext=0017ML,ManagedElement=1,vsDataEquipment=1,vsDataAntennaUnitGroup=2,vsDataRfBranch=1;SubNetwork=ONRM_RootMo_R,SubNetwork=eNODEb,MeContext=0017ML,ManagedElement=1,vsDataEquipment=1,vsDataAntennaUnitGroup=2,vsDataRfBranch=2",true,"SubNetwork=ONRM_RootMo_R,SubNetwork=eNODEb,MeContext=0017ML,ManagedElement=1,vsDataENodeBFunction=1,vsDataSectorCarrier=0017MLB",
cm_exp_20180419_145205.xml,2018-04-19T15:13:56Z,Undefined,ONRM_RootMo_R,eNODEb,0017ML,1,3,1,,"SubNetwork=ONRM_RootMo_R,SubNetwork=eNODEb,MeContext=0017ML,ManagedElement=1,vsDataEquipment=1,vsDataAntennaUnitGroup=3,vsDataRfBranch=1;SubNetwork=ONRM_RootMo_R,SubNetwork=eNODEb,MeContext=0017ML,ManagedElement=1,vsDataEquipment=1,vsDataAntennaUnitGroup=3,vsDataRfBranch=2",true,"SubNetwork=ONRM_RootMo_R,SubNetwork=eNODEb,MeContext=0017ML,ManagedElement=1,vsDataENodeBFunction=1,vsDataSectorCarrier=0017MLC",
cm_exp_20180419_145236.xml,2018-04-19T15:13:56Z,Undefined,ONRM_RootMo_R,eNODEb,0021ML,1,1,1,,"SubNetwork=ONRM_RootMo_R,SubNetwork=eNODEb,MeContext=0021ML,ManagedElement=1,vsDataEquipment=1,vsDataAntennaUnitGroup=1,vsDataRfBranch=1;SubNetwork=ONRM_RootMo_R,SubNetwork=eNODEb,MeContext=0021ML,ManagedElement=1,vsDataEquipment=1,vsDataAntennaUnitGroup=1,vsDataRfBranch=2",true,"SubNetwork=ONRM_RootMo_R,SubNetwork=eNODEb,MeContext=0021ML,ManagedElement=1,vsDataENodeBFunction=1,vsDataSectorCarrier=0021MLA",Band3: full on all;Band4: partial on all;Band9: full on all;Band10: partial on all;Band35: partial on all;Band66: partial on all
cm_exp_20180419_145236.xml,2018-04-19T15:13:56Z,Undefined,ONRM_RootMo_R,eNODEb,0021ML,1,2,1,,"SubNetwork=ONRM_RootMo_R,SubNetwork=eNODEb,MeContext=0021ML,ManagedElement=1,vsDataEquipment=1,vsDataAntennaUnitGroup=2,vsDataRfBranch=1;SubNetwork=ONRM_RootMo_R,SubNetwork=eNODEb,MeContext=0021ML,ManagedElement=1,vsDataEquipment=1,vsDataAntennaUnitGroup=2,vsDataRfBranch=2",true,"SubNetwork=ONRM_RootMo_R,SubNetwork=eNODEb,MeContext=0021ML,ManagedElement=1,vsDataENodeBFunction=1,vsDataSectorCarrier=0021MLB",Band3: full on all;Band4: partial on all;Band9: full on all;Band10: partial on all;Band35: partial on all;Band66: partial on all
cm_exp_20180419_145236.xml,2018-04-19T15:13:56Z,Undefined,ONRM_RootMo_R,eNODEb,0021ML,1,3,1,,"SubNetwork=ONRM_RootMo_R,SubNetwork=eNODEb,MeContext=0021ML,ManagedElement=1,vsDataEquipment=1,vsDataAntennaUnitGroup=3,vsDataRfBranch=1;SubNetwork=ONRM_RootMo_R,SubNetwork=eNODEb,MeContext=0021ML,ManagedElement=1,vsDataEquipment=1,vsDataAntennaUnitGroup=3,vsDataRfBranch=2",true,"SubNetwork=ONRM_RootMo_R,SubNetwork=eNODEb,MeContext=0021ML,ManagedElement=1,vsDataENodeBFunction=1,vsDataSectorCarrier=0021MLC",Band3: full on all;Band4: partial on all;Band9: full on all;Band10: partial on all;Band35: partial on all;Band66: partial on all
cm_exp_20180419_145547.xml,2018-04-19T15:13:56Z,Undefined,ONRM_RootMo_R,eNODEb,0024ML,1,1,1,,"SubNetwork=ONRM_RootMo_R,SubNetwork=eNODEb,MeContext=0024ML,ManagedElement=1,vsDataEquipment=1,vsDataAntennaUnitGroup=1,vsDataRfBranch=1;SubNetwork=ONRM_RootMo_R,SubNetwork=eNODEb,MeContext=0024ML,ManagedElement=1,vsDataEquipment=1,vsDataAntennaUnitGroup=1,vsDataRfBranch=2",true,"SubNetwork=ONRM_RootMo_R,SubNetwork=eNODEb,MeContext=0024ML,ManagedElement=1,vsDataENodeBFunction=1,vsDataSectorCarrier=0024MLA",Band3: full on all;Band4: partial on all;Band9: full on all;Band10: partial on all;Band35: partial on all;Band66: partial on all
cm_exp_20180419_145547.xml,2018-04-19T15:13:56Z,Undefined,ONRM_RootMo_R,eNODEb,0024ML,1,2,1,,"SubNetwork=ONRM_RootMo_R,SubNetwork=eNODEb,MeContext=0024ML,ManagedElement=1,vsDataEquipment=1,vsDataAntennaUnitGroup=2,vsDataRfBranch=1;SubNetwork=ONRM_RootMo_R,SubNetwork=eNODEb,MeContext=0024ML,ManagedElement=1,vsDataEquipment=1,vsDataAntennaUnitGroup=2,vsDataRfBranch=2",true,"SubNetwork=ONRM_RootMo_R,SubNetwork=eNODEb,MeContext=0024ML,ManagedElement=1,vsDataENodeBFunction=1,vsDataSectorCarrier=0024MLB",Band3: full on all;Band4: partial on all;Band9: full on all;Band10: partial on all;Band35: partial on all;Band66: partial on all
cm_exp_20180419_145547.xml,2018-04-19T15:13:56Z,Undefined,ONRM_RootMo_R,eNODEb,0024ML,1,3,1,,"SubNetwork=ONRM_RootMo_R,SubNetwork=eNODEb,MeContext=0024ML,ManagedElement=1,vsDataEquipment=1,vsDataAntennaUnitGroup=3,vsDataRfBranch=1;SubNetwork=ONRM_RootMo_R,SubNetwork=eNODEb,MeContext=0024ML,ManagedElement=1,vsDataEquipment=1,vsDataAntennaUnitGroup=3,vsDataRfBranch=2",true,"SubNetwork=ONRM_RootMo_R,SubNetwork=eNODEb,MeContext=0024ML,ManagedElement=1,vsDataENodeBFunction=1,vsDataSectorCarrier=0024MLC",Band3: full on all;Band4: partial on all;Band9: full on all;Band10: partial on all;Band35: partial on all;Band66: partial on all
cm_exp_20180419_145624.xml,2018-04-19T15:13:56Z,Undefined,ONRM_RootMo_R,eNODEb,0074ML,1,1,1,,"SubNetwork=ONRM_RootMo_R,SubNetwork=eNODEb,MeContext=0074ML,ManagedElement=1,vsDataEquipment=1,vsDataAntennaUnitGroup=1,vsDataRfBranch=1;SubNetwork=ONRM_RootMo_R,SubNetwork=eNODEb,MeContext=0074ML,ManagedElement=1,vsDataEquipment=1,vsDataAntennaUnitGroup=1,vsDataRfBranch=2",true,"SubNetwork=ONRM_RootMo_R,SubNetwork=eNODEb,MeContext=0074ML,ManagedElement=1,vsDataENodeBFunction=1,vsDataSectorCarrier=0074MLA",Band3: full on all;Band4: partial on all;Band9: full on all;Band10: partial on all;Band35: partial on all;Band66: partial on all
cm_exp_20180419_145624.xml,2018-04-19T15:13:56Z,Undefined,ONRM_RootMo_R,eNODEb,0074ML,1,2,1,,"SubNetwork=ONRM_RootMo_R,SubNetwork=eNODEb,MeContext=0074ML,ManagedElement=1,vsDataEquipment=1,vsDataAntennaUnitGroup=2,vsDataRfBranch=1;SubNetwork=ONRM_RootMo_R,SubNetwork=eNODEb,MeContext=0074ML,ManagedElement=1,vsDataEquipment=1,vsDataAntennaUnitGroup=2,vsDataRfBranch=2",true,"SubNetwork=ONRM_RootMo_R,SubNetwork=eNODEb,MeContext=0074ML,ManagedElement=1,vsDataENodeBFunction=1,vsDataSectorCarrier=0074MLB",Band3: full on all;Band4: partial on all;Band9: full on all;Band10: partial on all;Band35: partial on all;Band66: partial on all
cm_exp_20180419_145624.xml,2018-04-19T15:13:56Z,Undefined,ONRM_RootMo_R,eNODEb,0074ML,1,3,1,,"SubNetwork=ONRM_RootMo_R,SubNetwork=eNODEb,MeContext=0074ML,ManagedElement=1,vsDataEquipment=1,vsDataAntennaUnitGroup=3,vsDataRfBranch=1;SubNetwork=ONRM_RootMo_R,SubNetwork=eNODEb,MeContext=0074ML,ManagedElement=1,vsDataEquipment=1,vsDataAntennaUnitGroup=3,vsDataRfBranch=2",true,"SubNetwork=ONRM_RootMo_R,SubNetwork=eNODEb,MeContext=0074ML,ManagedElement=1,vsDataENodeBFunction=1,vsDataSectorCarrier=0074MLC",Band3: full on all;Band4: partial on all;Band9: full on all;Band10: partial on all;Band35: partial on all;Band66: partial on all
cm_exp_20180419_145649.xml,2018-04-19T15:13:56Z,Undefined,ONRM_RootMo_R,eNODEb,0082ML,1,1,1,,"SubNetwork=ONRM_RootMo_R,SubNetwork=eNODEb,MeContext=0082ML,ManagedElement=1,vsDataEquipment=1,vsDataAntennaUnitGroup=1,vsDataRfBranch=1;SubNetwork=ONRM_RootMo_R,SubNetwork=eNODEb,MeContext=0082ML,ManagedElement=1,vsDataEquipment=1,vsDataAntennaUnitGroup=1,vsDataRfBranch=2",true,"SubNetwork=ONRM_RootMo_R,SubNetwork=eNODEb,MeContext=0082ML,ManagedElement=1,vsDataENodeBFunction=1,vsDataSectorCarrier=0082MLA",Band3: full on all;Band4: partial on all;Band9: full on all;Band10: partial on all;Band35: partial on all;Band66: partial on all
cm_exp_20180419_145649.xml,2018-04-19T15:13:56Z,Undefined,ONRM_RootMo_R,eNODEb,0082ML,1,2,1,,"SubNetwork=ONRM_RootMo_R,SubNetwork=eNODEb,MeContext=0082ML,ManagedElement=1,vsDataEquipment=1,vsDataAntennaUnitGroup=2,vsDataRfBranch=1;SubNetwork=ONRM_RootMo_R,SubNetwork=eNODEb,MeContext=0082ML,ManagedElement=1,vsDataEquipment=1,vsDataAntennaUnitGroup=2,vsDataRfBranch=2",true,"SubNetwork=ONRM_RootMo_R,SubNetwork=eNODEb,MeContext=0082ML,ManagedElement=1,vsDataENodeBFunction=1,vsDataSectorCarrier=0082MLB",Band3: full on all;Band4: partial on all;Band9: full on all;Band10: partial on all;Band35: partial on all;Band66: partial on all
cm_exp_20180419_145649.xml,2018-04-19T15:13:56Z,Undefined,ONRM_RootMo_R,eNODEb,0082ML,1,3,1,,"SubNetwork=ONRM_RootMo_R,SubNetwork=eNODEb,MeContext=0082ML,ManagedElement=1,vsDataEquipment=1,vsDataAntennaUnitGroup=3,vsDataRfBranch=1;SubNetwork=ONRM_RootMo_R,SubNetwork=eNODEb,MeContext=0082ML,ManagedElement=1,vsDataEquipment=1,vsDataAntennaUnitGroup=3,vsDataRfBranch=2",true,"SubNetwork=ONRM_RootMo_R,SubNetwork=eNODEb,MeContext=0082ML,ManagedElement=1,vsDataENodeBFunction=1,vsDataSectorCarrier=0082MLC",Band3: full on all;Band4: partial on all;Band9: full on all;Band10: partial on all;Band35: partial on all;Band66: partial on all
cm_exp_20180419_145711.xml,2018-04-19T15:13:56Z,Undefined,ONRM_RootMo_R,eNODEb,0091ML,1,1,1,,"SubNetwork=ONRM_RootMo_R,SubNetwork=eNODEb,MeContext=0091ML,ManagedElement=1,vsDataEquipment=1,vsDataAntennaUnitGroup=1,vsDataRfBranch=1;SubNetwork=ONRM_RootMo_R,SubNetwork=eNODEb,MeContext=0091ML,ManagedElement=1,vsDataEquipment=1,vsDataAntennaUnitGroup=1,vsDataRfBranch=2",true,"SubNetwork=ONRM_RootMo_R,SubNetwork=eNODEb,MeContext=0091ML,ManagedElement=1,vsDataENodeBFunction=1,vsDataSectorCarrier=0091MLA",Band3: full on all;Band4: partial on all;Band9: full on all;Band10: partial on all;Band35: partial on all;Band66: partial on all
cm_exp_20180419_145711.xml,2018-04-19T15:13:56Z,Undefined,ONRM_RootMo_R,eNODEb,0091ML,1,2,1,,"SubNetwork=ONRM_RootMo_R,SubNetwork=eNODEb,MeContext=0091ML,ManagedElement=1,vsDataEquipment=1,vsDataAntennaUnitGroup=2,vsDataRfBranch=1;SubNetwork=ONRM_RootMo_R,SubNetwork=eNODEb,MeContext=0091ML,ManagedElement=1,vsDataEquipment=1,vsDataAntennaUnitGroup=2,vsDataRfBranch=2",true,"SubNetwork=ONRM_RootMo_R,SubNetwork=eNODEb,MeContext=0091ML,ManagedElement=1,vsDataENodeBFunction=1,vsDataSectorCarrier=0091MLB",Band3: full on all;Band4: partial on all;Band9: full on all;Band10: partial on all;Band35: partial on all;Band66: partial on all
cm_exp_20180419_145711.xml,2018-04-19T15:13:56Z,Undefined,ONRM_RootMo_R,eNODEb,0091ML,1,3,1,,"SubNetwork=ONRM_RootMo_R,SubNetwork=eNODEb,MeContext=0091ML,ManagedElement=1,vsDataEquipment=1,vsDataAntennaUnitGroup=3,vsDataRfBranch=1;SubNetwork=ONRM_RootMo_R,SubNetwork=eNODEb,MeContext=0091ML,ManagedElement=1,vsDataEquipment=1,vsDataAntennaUnitGroup=3,vsDataRfBranch=2",true,"SubNetwork=ONRM_RootMo_R,SubNetwork=eNODEb,MeContext=0091ML,ManagedElement=1,vsDataENodeBFunction=1,vsDataSectorCarrier=0091MLC",Band3: full on all;Band4: partial on all;Band9: full on all;Band10: partial on all;Band35: partial on all;Band66: partial on all
cm_exp_20180419_145733.xml,2018-04-19T15:13:56Z,Undefined,ONRM_RootMo_R,eNODEb,0099ML,1,1,1,,"SubNetwork=ONRM_RootMo_R,SubNetwork=eNODEb,MeContext=0099ML,ManagedElement=1,vsDataEquipment=1,vsDataAntennaUnitGroup=1,vsDataRfBranch=1;SubNetwork=ONRM_RootMo_R,SubNetwork=eNODEb,MeContext=0099ML,ManagedElement=1,vsDataEquipment=1,vsDataAntennaUnitGroup=1,vsDataRfBranch=2",false,"SubNetwork=ONRM_RootMo_R,SubNetwork=eNODEb,MeContext=0099ML,ManagedElement=1,vsDataENodeBFunction=1,vsDataSectorCarrier=0099MLA",
cm_exp_20180419_145733.xml,2018-04-19T15:13:56Z,Undefined,ONRM_RootMo_R,eNODEb,0099ML,1,2,1,,"SubNetwork=ONRM_RootMo_R,SubNetwork=eNODEb,MeContext=0099ML,ManagedElement=1,vsDataEquipment=1,vsDataAntennaUnitGroup=2,vsDataRfBranch=1;SubNetwork=ONRM_RootMo_R,SubNetwork=eNODEb,MeContext=0099ML,ManagedElement=1,vsDataEquipment=1,vsDataAntennaUnitGroup=2,vsDataRfBranch=2",false,"SubNetwork=ONRM_RootMo_R,SubNetwork=eNODEb,MeContext=0099ML,ManagedElement=1,vsDataENodeBFunction=1,vsDataSectorCarrier=0099MLB",
cm_exp_20180419_145733.xml,2018-04-19T15:13:56Z,Undefined,ONRM_RootMo_R,eNODEb,0099ML,1,3,1,,"SubNetwork=ONRM_RootMo_R,SubNetwork=eNODEb,MeContext=0099ML,ManagedElement=1,vsDataEquipment=1,vsDataAntennaUnitGroup=3,vsDataRfBranch=1;SubNetwork=ONRM_RootMo_R,SubNetwork=eNODEb,MeContext=0099ML,ManagedElement=1,vsDataEquipment=1,vsDataAntennaUnitGroup=3,vsDataRfBranch=2",false,"SubNetwork=ONRM_RootMo_R,SubNetwork=eNODEb,MeContext=0099ML,ManagedElement=1,vsDataENodeBFunction=1,vsDataSectorCarrier=0099MLC",
cm_exp_20180419_145810.xml,2018-04-19T15:13:56Z,Undefined,ONRM_RootMo_R,eNODEb,0106ML,1,1,1,,"SubNetwork=ONRM_RootMo_R,SubNetwork=eNODEb,MeContext=0106ML,ManagedElement=1,vsDataEquipment=1,vsDataAntennaUnitGroup=1,vsDataRfBranch=1;SubNetwork=ONRM_RootMo_R,SubNetwork=eNODEb,MeContext=0106ML,ManagedElement=1,vsDataEquipment=1,vsDataAntennaUnitGroup=1,vsDataRfBranch=2",true,"SubNetwork=ONRM_RootMo_R,SubNetwork=eNODEb,MeContext=0106ML,ManagedElement=1,vsDataENodeBFunction=1,vsDataSectorCarrier=0106MLA",Band3: full on all;Band4: partial on all;Band9: full on all;Band10: partial on all;Band35: partial on all;Band66: partial on all
cm_exp_20180419_145810.xml,2018-04-19T15:13:56Z,Undefined,ONRM_RootMo_R,eNODEb,0106ML,1,2,1,,"SubNetwork=ONRM_RootMo_R,SubNetwork=eNODEb,MeContext=0106ML,ManagedElement=1,vsDataEquipment=1,vsDataAntennaUnitGroup=2,vsDataRfBranch=1;SubNetwork=ONRM_RootMo_R,SubNetwork=eNODEb,MeContext=0106ML,ManagedElement=1,vsDataEquipment=1,vsDataAntennaUnitGroup=2,vsDataRfBranch=2",true,"SubNetwork=ONRM_RootMo_R,SubNetwork=eNODEb,MeContext=0106ML,ManagedElement=1,vsDataENodeBFunction=1,vsDataSectorCarrier=0106MLB",Band3: full on all;Band4: partial on all;Band9: full on all;Band10: partial on all;Band35: partial on all;Band66: partial on all
cm_exp_20180419_145810.xml,2018-04-19T15:13:56Z,Undefined,ONRM_RootMo_R,eNODEb,0106ML,1,3,1,,"SubNetwork=ONRM_RootMo_R,SubNetwork=eNODEb,MeContext=0106ML,ManagedElement=1,vsDataEquipment=1,vsDataAntennaUnitGroup=3,vsDataRfBranch=1;SubNetwork=ONRM_RootMo_R,SubNetwork=eNODEb,MeContext=0106ML,ManagedElement=1,vsDataEquipment=1,vsDataAntennaUnitGroup=3,vsDataRfBranch=2",true,"SubNetwork=ONRM_RootMo_R,SubNetwork=eNODEb,MeContext=0106ML,ManagedElement=1,vsDataENodeBFunction=1,vsDataSectorCarrier=0106MLC",Band3: full on all;Band4: partial on all;Band9: full on all;Band10: partial on all;Band35: partial on all;Band66: partial on all
cm_exp_20180419_145835.xml,2018-04-19T15:13:56Z,Undefined,ONRM_RootMo_R,eNODEb,0119ML,1,1,1,,"SubNetwork=ONRM_RootMo_R,SubNetwork=eNODEb,MeContext=0119ML,ManagedElement=1,vsDataEquipment=1,vsDataAntennaUnitGroup=1,vsDataRfBranch=1;SubNetwork=ONRM_RootMo_R,SubNetwork=eNODEb,MeContext=0119ML,ManagedElement=1,vsDataEquipment=1,vsDataAntennaUnitGroup=1,vsDataRfBranch=2",true,"SubNetwork=ONRM_RootMo_R,SubNetwork=eNODEb,MeContext=0119ML,ManagedElement=1,vsDataENodeBFunction=1,vsDataSectorCarrier=0119MLA",Band3: full on all;Band4: partial on all;Band9: full on all;Band10: partial on all;Band35: partial on all;Band66: partial on all
cm_exp_20180419_145835.xml,2018-04-19T15:13:56Z,Undefined,ONRM_RootMo_R,eNODEb,0119ML,1,2,1,,"SubNetwork=ONRM_RootMo_R,SubNetwork=eNODEb,MeContext=0119ML,ManagedElement=1,vsDataEquipment=1,vsDataAntennaUnitGroup=2,vsDataRfBranch=1;SubNetwork=ONRM_RootMo_R,SubNetwork=eNODEb,MeContext=0119ML,ManagedElement=1,vsDataEquipment=1,vsDataAntennaUnitGroup=2,vsDataRfBranch=2",true,"SubNetwork=ONRM_RootMo_R,SubNetwork=eNODEb,MeContext=0119ML,ManagedElement=1,vsDataENodeBFunction=1,vsDataSectorCarrier=0119MLB",Band3: full on all;Band4: partial on all;Band9: full on all;Band10: partial on all;Band35: partial on all;Band66: partial on all
cm_exp_20180419_145835.xml,2018-04-19T15:13:56Z,Undefined,ONRM_RootMo_R,eNODEb,0119ML,1,3,1,,"SubNetwork=ONRM_RootMo_R,SubNetwork=eNODEb,MeContext=0119ML,ManagedElement=1,vsDataEquipment=1,vsDataAntennaUnitGroup=3,vsDataRfBranch=1;SubNetwork=ONRM_RootMo_R,SubNetwork=eNODEb,MeContext=0119ML,ManagedElement=1,vsDataEquipment=1,vsDataAntennaUnitGroup=3,vsDataRfBranch=2",true,"SubNetwork=ONRM_RootMo_R,SubNetwork=eNODEb,MeContext=0119ML,ManagedElement=1,vsDataENodeBFunction=1,vsDataSectorCarrier=0119MLC",Band3: full on all;Band4: partial on all;Band9: full on all;Band10: partial on all;Band35: partial on all;Band66: partial on all
cm_exp_20180419_145940.xml,2018-04-19T15:13:56Z,Undefined,ONRM_RootMo_R,eNODEb,0138ML,1,1,1,,"SubNetwork=ONRM_RootMo_R,SubNetwork=eNODEb,MeContext=0138ML,ManagedElement=1,vsDataEquipment=1,vsDataAntennaUnitGroup=1,vsDataRfBranch=1;SubNetwork=ONRM_RootMo_R,SubNetwork=eNODEb,MeContext=0138ML,ManagedElement=1,vsDataEquipment=1,vsDataAntennaUnitGroup=1,vsDataRfBranch=2",true,"SubNetwork=ONRM_RootMo_R,SubNetwork=eNODEb,MeContext=0138ML,ManagedElement=1,vsDataENodeBFunction=1,vsDataSectorCarrier=0138MLA",
cm_exp_20180419_145940.xml,2018-04-19T15:13:56Z,Undefined,ONRM_RootMo_R,eNODEb,0138ML,1,2,1,,"SubNetwork=ONRM_RootMo_R,SubNetwork=eNODEb,MeContext=0138ML,ManagedElement=1,vsDataEquipment=1,vsDataAntennaUnitGroup=2,vsDataRfBranch=1;SubNetwork=ONRM_RootMo_R,SubNetwork=eNODEb,MeContext=0138ML,ManagedElement=1,vsDataEquipment=1,vsDataAntennaUnitGroup=2,vsDataRfBranch=2",true,"SubNetwork=ONRM_RootMo_R,SubNetwork=eNODEb,MeContext=0138ML,ManagedElement=1,vsDataENodeBFunction=1,vsDataSectorCarrier=0138MLB",
cm_exp_20180419_145940.xml,2018-04-19T15:13:56Z,Undefined,ONRM_RootMo_R,eNODEb,0138ML,1,3,1,,"SubNetwork=ONRM_RootMo_R,SubNetwork=eNODEb,MeContext=0138ML,ManagedElement=1,vsDataEquipment=1,vsDataAntennaUnitGroup=3,vsDataRfBranch=1;SubNetwork=ONRM_RootMo_R,SubNetwork=eNODEb,MeContext=0138ML,ManagedElement=1,vsDataEquipment=1,vsDataAntennaUnitGroup=3,vsDataRfBranch=2",true,"SubNetwork=ONRM_RootMo_R,SubNetwork=eNODEb,MeContext=0138ML,ManagedElement=1,vsDataENodeBFunction=1,vsDataSectorCarrier=0138MLC",
cm_exp_20180419_150007.xml,2018-04-19T15:13:56Z,Undefined,ONRM_RootMo_R,eNODEb,0150ML,1,1,1,,"SubNetwork=ONRM_RootMo_R,SubNetwork=eNODEb,MeContext=0150ML,ManagedElement=1,vsDataEquipment=1,vsDataAntennaUnitGroup=1,vsDataRfBranch=1;SubNetwork=ONRM_RootMo_R,SubNetwork=eNODEb,MeContext=0150ML,ManagedElement=1,vsDataEquipment=1,vsDataAntennaUnitGroup=1,vsDataRfBranch=2",false,"SubNetwork=ONRM_RootMo_R,SubNetwork=eNODEb,MeContext=0150ML,ManagedElement=1,vsDataENodeBFunction=1,vsDataSectorCarrier=0150MLA",Band3: full on all;Band4: partial on all;Band9: full on all;Band10: partial on all;Band35: partial on all;Band66: partial on all
cm_exp_20180419_150007.xml,2018-04-19T15:13:56Z,Undefined,ONRM_RootMo_R,eNODEb,0150ML,1,2,1,,"SubNetwork=ONRM_RootMo_R,SubNetwork=eNODEb,MeContext=0150ML,ManagedElement=1,vsDataEquipment=1,vsDataAntennaUnitGroup=2,vsDataRfBranch=1;SubNetwork=ONRM_RootMo_R,SubNetwork=eNODEb,MeContext=0150ML,ManagedElement=1,vsDataEquipment=1,vsDataAntennaUnitGroup=2,vsDataRfBranch=2",false,"SubNetwork=ONRM_RootMo_R,SubNetwork=eNODEb,MeContext=0150ML,ManagedElement=1,vsDataENodeBFunction=1,vsDataSectorCarrier=0150MLB",Band3: full on all;Band4: partial on all;Band9: full on all;Band10: partial on all;Band35: partial on all;Band66: partial on all
cm_exp_20180419_150007.xml,2018-04-19T15:13:56Z,Undefined,ONRM_RootMo_R,eNODEb,0150ML,1,3,1,,"SubNetwork=ONRM_RootMo_R,SubNetwork=eNODEb,MeContext=0150ML,ManagedElement=1,vsDataEquipment=1,vsDataAntennaUnitGroup=3,vsDataRfBranch=1;SubNetwork=ONRM_RootMo_R,SubNetwork=eNODEb,MeContext=0150ML,ManagedElement=1,vsDataEquipment=1,vsDataAntennaUnitGroup=3,vsDataRfBranch=2",false,"SubNetwork=ONRM_RootMo_R,SubNetwork=eNODEb,MeContext=0150ML,ManagedElement=1,vsDataENodeBFunction=1,vsDataSectorCarrier=0150MLC",Band3: full on all;Band4: partial on all;Band9: full on all;Band10: partial on all;Band35: partial on all;Band66: partial on all
cm_exp_20180419_150024.xml,2018-04-19T15:13:56Z,Undefined,ONRM_RootMo_R,eNODEb,0154ML,1,1,1,,"SubNetwork=ONRM_RootMo_R,SubNetwork=eNODEb,MeContext=0154ML,ManagedElement=1,vsDataEquipment=1,vsDataAntennaUnitGroup=1,vsDataRfBranch=1;SubNetwork=ONRM_RootMo_R,SubNetwork=eNODEb,MeContext=0154ML,ManagedElement=1,vsDataEquipment=1,vsDataAntennaUnitGroup=1,vsDataRfBranch=2",true,"SubNetwork=ONRM_RootMo_R,SubNetwork=eNODEb,MeContext=0154ML,ManagedElement=1,vsDataENodeBFunction=1,vsDataSectorCarrier=0154MLA",Band3: full on all;Band4: partial on all;Band9: full on all;Band10: partial on all;Band35: partial on all;Band66: partial on all
cm_exp_20180419_150024.xml,2018-04-19T15:13:56Z,Undefined,ONRM_RootMo_R,eNODEb,0154ML,1,2,1,,"SubNetwork=ONRM_RootMo_R,SubNetwork=eNODEb,MeContext=0154ML,ManagedElement=1,vsDataEquipment=1,vsDataAntennaUnitGroup=2,vsDataRfBranch=1;SubNetwork=ONRM_RootMo_R,SubNetwork=eNODEb,MeContext=0154ML,ManagedElement=1,vsDataEquipment=1,vsDataAntennaUnitGroup=2,vsDataRfBranch=2",true,"SubNetwork=ONRM_RootMo_R,SubNetwork=eNODEb,MeContext=0154ML,ManagedElement=1,vsDataENodeBFunction=1,vsDataSectorCarrier=0154MLB",Band3: full on all;Band4: partial on all;Band9: full on all;Band10: partial on all;Band35: partial on all;Band66: partial on all
cm_exp_20180419_150024.xml,2018-04-19T15:13:56Z,Undefined,ONRM_RootMo_R,eNODEb,0154ML,1,3,1,,"SubNetwork=ONRM_RootMo_R,SubNetwork=eNODEb,MeContext=0154ML,ManagedElement=1,vsDataEquipment=1,vsDataAntennaUnitGroup=3,vsDataRfBranch=1;SubNetwork=ONRM_RootMo_R,SubNetwork=eNODEb,MeContext=0154ML,ManagedElement=1,vsDataEquipment=1,vsDataAntennaUnitGroup=3,vsDataRfBranch=2",true,"SubNetwork=ONRM_RootMo_R,SubNetwork=eNODEb,MeContext=0154ML,ManagedElement=1,vsDataENodeBFunction=1,vsDataSectorCarrier=0154MLC",Band3: full on all;Band4: partial on all;Band9: full on all;Band10: partial on all;Band35: partial on all;Band66: partial on all
cm_exp_20180419_150054.xml,2018-04-19T15:13:56Z,Undefined,ONRM_RootMo_R,eNODEb,0196ML,1,1,1,,"SubNetwork=ONRM_RootMo_R,SubNetwork=eNODEb,MeContext=0196ML,ManagedElement=1,vsDataEquipment=1,vsDataAntennaUnitGroup=1,vsDataRfBranch=1;SubNetwork=ONRM_RootMo_R,SubNetwork=eNODEb,MeContext=0196ML,ManagedElement=1,vsDataEquipment=1,vsDataAntennaUnitGroup=1,vsDataRfBranch=2",true,"SubNetwork=ONRM_RootMo_R,SubNetwork=eNODEb,MeContext=0196ML,ManagedElement=1,vsDataENodeBFunction=1,vsDataSectorCarrier=0196MLA",Band3: full on all;Band4: partial on all;Band9: full on all;Band10: partial on all;Band35: partial on all;Band66: partial on all
cm_exp_20180419_150054.xml,2018-04-19T15:13:56Z,Undefined,ONRM_RootMo_R,eNODEb,0196ML,1,2,1,,"SubNetwork=ONRM_RootMo_R,SubNetwork=eNODEb,MeContext=0196ML,ManagedElement=1,vsDataEquipment=1,vsDataAntennaUnitGroup=2,vsDataRfBranch=1;SubNetwork=ONRM_RootMo_R,SubNetwork=eNODEb,MeContext=0196ML,ManagedElement=1,vsDataEquipment=1,vsDataAntennaUnitGroup=2,vsDataRfBranch=2",true,"SubNetwork=ONRM_RootMo_R,SubNetwork=eNODEb,MeContext=0196ML,ManagedElement=1,vsDataENodeBFunction=1,vsDataSectorCarrier=0196MLB",Band3: full on all;Band4: partial on all;Band9: full on all;Band10: partial on all;Band35: partial on all;Band66: partial on all
cm_exp_20180419_150054.xml,2018-04-19T15:13:56Z,Undefined,ONRM_RootMo_R,eNODEb,0196ML,1,3,1,,"SubNetwork=ONRM_RootMo_R,SubNetwork=eNODEb,MeContext=0196ML,ManagedElement=1,vsDataEquipment=1,vsDataAntennaUnitGroup=3,vsDataRfBranch=1;SubNetwork=ONRM_RootMo_R,SubNetwork=eNODEb,MeContext=0196ML,ManagedElement=1,vsDataEquipment=1,vsDataAntennaUnitGroup=3,vsDataRfBranch=2",true,"SubNetwork=ONRM_RootMo_R,SubNetwork=eNODEb,MeContext=0196ML,ManagedElement=1,vsDataENodeBFunction=1,vsDataSectorCarrier=0196MLC",Band3: full on all;Band4: partial on all;Band9: full on all;Band10: partial on all;Band35: partial on all;Band66: partial on all
cm_exp_20180419_150110.xml,2018-04-19T15:13:56Z,Undefined,ONRM_RootMo_R,eNODEb,0198ML,1,1,1,,"SubNetwork=ONRM_RootMo_R,SubNetwork=eNODEb,MeContext=0198ML,ManagedElement=1,vsDataEquipment=1,vsDataAntennaUnitGroup=1,vsDataRfBranch=1;SubNetwork=ONRM_RootMo_R,SubNetwork=eNODEb,MeContext=0198ML,ManagedElement=1,vsDataEquipment=1,vsDataAntennaUnitGroup=1,vsDataRfBranch=2",true,"SubNetwork=ONRM_RootMo_R,SubNetwork=eNODEb,MeContext=0198ML,ManagedElement=1,vsDataENodeBFunction=1,vsDataSectorCarrier=0198MLA",Band3: full on all;Band4: partial on all;Band9: full on all;Band10: partial on all;Band35: partial on all;Band66: partial on all
cm_exp_20180419_150110.xml,2018-04-19T15:13:56Z,Undefined,ONRM_RootMo_R,eNODEb,0198ML,1,2,1,,"SubNetwork=ONRM_RootMo_R,SubNetwork=eNODEb,MeContext=0198ML,ManagedElement=1,vsDataEquipment=1,vsDataAntennaUnitGroup=2,vsDataRfBranch=1;SubNetwork=ONRM_RootMo_R,SubNetwork=eNODEb,MeContext=0198ML,ManagedElement=1,vsDataEquipment=1,vsDataAntennaUnitGroup=2,vsDataRfBranch=2",true,"SubNetwork=ONRM_RootMo_R,SubNetwork=eNODEb,MeContext=0198ML,ManagedElement=1,vsDataENodeBFunction=1,vsDataSectorCarrier=0198MLB",Band3: full on all;Band4: partial on all;Band9: full on all;Band10: partial on all;Band35: partial on all;Band66: partial on all
cm_exp_20180419_150110.xml,2018-04-19T15:13:56Z,Undefined,ONRM_RootMo_R,eNODEb,0198ML,1,3,1,,"SubNetwork=ONRM_RootMo_R,SubNetwork=eNODEb,MeContext=0198ML,ManagedElement=1,vsDataEquipment=1,vsDataAntennaUnitGroup=3,vsDataRfBranch=1;SubNetwork=ONRM_RootMo_R,SubNetwork=eNODEb,MeContext=0198ML,ManagedElement=1,vsDataEquipment=1,vsDataAntennaUnitGroup=3,vsDataRfBranch=2",true,"SubNetwork=ONRM_RootMo_R,SubNetwork=eNODEb,MeContext=0198ML,ManagedElement=1,vsDataENodeBFunction=1,vsDataSectorCarrier=0198MLC",Band3: full on all;Band4: partial on all;Band9: full on all;Band10: partial on all;Band35: partial on all;Band66: partial on all
cm_exp_20180419_150127.xml,2018-04-19T15:13:56Z,Undefined,ONRM_RootMo_R,eNODEb,0204ML,1,1,1,,"SubNetwork=ONRM_RootMo_R,SubNetwork=eNODEb,MeContext=0204ML,ManagedElement=1,vsDataEquipment=1,vsDataAntennaUnitGroup=1,vsDataRfBranch=1;SubNetwork=ONRM_RootMo_R,SubNetwork=eNODEb,MeContext=0204ML,ManagedElement=1,vsDataEquipment=1,vsDataAntennaUnitGroup=1,vsDataRfBranch=2",true,"SubNetwork=ONRM_RootMo_R,SubNetwork=eNODEb,MeContext=0204ML,ManagedElement=1,vsDataENodeBFunction=1,vsDataSectorCarrier=0204MLA",Band3: full on all;Band4: partial on all;Band9: full on all;Band10: partial on all;Band35: partial on all;Band66: partial on all
cm_exp_20180419_150127.xml,2018-04-19T15:13:56Z,Undefined,ONRM_RootMo_R,eNODEb,0204ML,1,2,1,,"SubNetwork=ONRM_RootMo_R,SubNetwork=eNODEb,MeContext=0204ML,ManagedElement=1,vsDataEquipment=1,vsDataAntennaUnitGroup=2,vsDataRfBranch=1;SubNetwork=ONRM_RootMo_R,SubNetwork=eNODEb,MeContext=0204ML,ManagedElement=1,vsDataEquipment=1,vsDataAntennaUnitGroup=2,vsDataRfBranch=2",true,"SubNetwork=ONRM_RootMo_R,SubNetwork=eNODEb,MeContext=0204ML,ManagedElement=1,vsDataENodeBFunction=1,vsDataSectorCarrier=0204MLB",Band3: full on all;Band4: partial on all;Band9: full on all;Band10: partial on all;Band35: partial on all;Band66: partial on all
cm_exp_20180419_150127.xml,2018-04-19T15:13:56Z,Undefined,ONRM_RootMo_R,eNODEb,0204ML,1,3,1,,"SubNetwork=ONRM_RootMo_R,SubNetwork=eNODEb,MeContext=0204ML,ManagedElement=1,vsDataEquipment=1,vsDataAntennaUnitGroup=3,vsDataRfBranch=1;SubNetwork=ONRM_RootMo_R,SubNetwork=eNODEb,MeContext=0204ML,ManagedElement=1,vsDataEquipment=1,vsDataAntennaUnitGroup=3,vsDataRfBranch=2",true,"SubNetwork=ONRM_RootMo_R,SubNetwork=eNODEb,MeContext=0204ML,ManagedElement=1,vsDataENodeBFunction=1,vsDataSectorCarrier=0204MLC",Band3: full on all;Band4: partial on all;Band9: full on all;Band10: partial on all;Band35: partial on all;Band66: partial on all
cm_exp_20180419_150146.xml,2018-04-19T15:13:56Z,Undefined,ONRM_RootMo_R,eNODEb,0205ML,1,1,1,,"SubNetwork=ONRM_RootMo_R,SubNetwork=eNODEb,MeContext=0205ML,ManagedElement=1,vsDataEquipment=1,vsDataAntennaUnitGroup=1,vsDataRfBranch=1;SubNetwork=ONRM_RootMo_R,SubNetwork=eNODEb,MeContext=0205ML,ManagedElement=1,vsDataEquipment=1,vsDataAntennaUnitGroup=1,vsDataRfBranch=2",false,"SubNetwork=ONRM_RootMo_R,SubNetwork=eNODEb,MeContext=0205ML,ManagedElement=1,vsDataENodeBFunction=1,vsDataSectorCarrier=0205MLA",Band3: full on all;Band4: partial on all;Band9: full on all;Band10: partial on all;Band35: partial on all;Band66: partial on all
cm_exp_20180419_150146.xml,2018-04-19T15:13:56Z,Undefined,ONRM_RootMo_R,eNODEb,0205ML,1,2,1,,"SubNetwork=ONRM_RootMo_R,SubNetwork=eNODEb,MeContext=0205ML,ManagedElement=1,vsDataEquipment=1,vsDataAntennaUnitGroup=2,vsDataRfBranch=1;SubNetwork=ONRM_RootMo_R,SubNetwork=eNODEb,MeContext=0205ML,ManagedElement=1,vsDataEquipment=1,vsDataAntennaUnitGroup=2,vsDataRfBranch=2",false,"SubNetwork=ONRM_RootMo_R,SubNetwork=eNODEb,MeContext=0205ML,ManagedElement=1,vsDataENodeBFunction=1,vsDataSectorCarrier=0205MLB",Band3: full on all;Band4: partial on all;Band9: full on all;Band10: partial on all;Band35: partial on all;Band66: partial on all
cm_exp_20180419_150146.xml,2018-04-19T15:13:56Z,Undefined,ONRM_RootMo_R,eNODEb,0205ML,1,3,1,,"SubNetwork=ONRM_RootMo_R,SubNetwork=eNODEb,MeContext=0205ML,ManagedElement=1,vsDataEquipment=1,vsDataAntennaUnitGroup=3,vsDataRfBranch=1;SubNetwork=ONRM_RootMo_R,SubNetwork=eNODEb,MeContext=0205ML,ManagedElement=1,vsDataEquipment=1,vsDataAntennaUnitGroup=3,vsDataRfBranch=2",false,"SubNetwork=ONRM_RootMo_R,SubNetwork=eNODEb,MeContext=0205ML,ManagedElement=1,vsDataENodeBFunction=1,vsDataSectorCarrier=0205MLC",Band3: full on all;Band4: partial on all;Band9: full on all;Band10: partial on all;Band35: partial on all;Band66: partial on all
cm_exp_20180419_150215.xml,2018-04-19T15:13:56Z,Undefined,ONRM_RootMo_R,eNODEb,0225ML,1,1,1,,"SubNetwork=ONRM_RootMo_R,SubNetwork=eNODEb,MeContext=0225ML,ManagedElement=1,vsDataEquipment=1,vsDataAntennaUnitGroup=1,vsDataRfBranch=1;SubNetwork=ONRM_RootMo_R,SubNetwork=eNODEb,MeContext=0225ML,ManagedElement=1,vsDataEquipment=1,vsDataAntennaUnitGroup=1,vsDataRfBranch=2",false,"SubNetwork=ONRM_RootMo_R,SubNetwork=eNODEb,MeContext=0225ML,ManagedElement=1,vsDataENodeBFunction=1,vsDataSectorCarrier=0225MLA",Band3: full on all;Band4: partial on all;Band9: full on all;Band10: partial on all;Band35: partial on all;Band66: partial on all
cm_exp_20180419_150215.xml,2018-04-19T15:13:56Z,Undefined,ONRM_RootMo_R,eNODEb,0225ML,1,2,1,,"SubNetwork=ONRM_RootMo_R,SubNetwork=eNODEb,MeContext=0225ML,ManagedElement=1,vsDataEquipment=1,vsDataAntennaUnitGroup=2,vsDataRfBranch=1;SubNetwork=ONRM_RootMo_R,SubNetwork=eNODEb,MeContext=0225ML,ManagedElement=1,vsDataEquipment=1,vsDataAntennaUnitGroup=2,vsDataRfBranch=2",false,"SubNetwork=ONRM_RootMo_R,SubNetwork=eNODEb,MeContext=0225ML,ManagedElement=1,vsDataENodeBFunction=1,vsDataSectorCarrier=0225MLB",Band3: full on all;Band4: partial on all;Band9: full on all;Band10: partial on all;Band35: partial on all;Band66: partial on all
cm_exp_20180419_150215.xml,2018-04-19T15:13:56Z,Undefined,ONRM_RootMo_R,eNODEb,0225ML,1,3,1,,"SubNetwork=ONRM_RootMo_R,SubNetwork=eNODEb,MeContext=0225ML,ManagedElement=1,vsDataEquipment=1,vsDataAntennaUnitGroup=3,vsDataRfBranch=1;SubNetwork=ONRM_RootMo_R,SubNetwork=eNODEb,MeContext=0225ML,ManagedElement=1,vsDataEquipment=1,vsDataAntennaUnitGroup=3,vsDataRfBranch=2",false,"SubNetwork=ONRM_RootMo_R,SubNetwork=eNODEb,MeContext=0225ML,ManagedElement=1,vsDataENodeBFunction=1,vsDataSectorCarrier=0225MLC",Band3: full on all;Band4: partial on all;Band9: full on all;Band10: partial on all;Band35: partial on all;Band66: partial on all
cm_exp_20180419_150249.xml,2018-04-19T15:13:56Z,Undefined,ONRM_RootMo_R,eNODEb,0230ML,1,1,1,,"SubNetwork=ONRM_RootMo_R,SubNetwork=eNODEb,MeContext=0230ML,ManagedElement=1,vsDataEquipment=1,vsDataAntennaUnitGroup=1,vsDataRfBranch=1;SubNetwork=ONRM_RootMo_R,SubNetwork=eNODEb,MeContext=0230ML,ManagedElement=1,vsDataEquipment=1,vsDataAntennaUnitGroup=1,vsDataRfBranch=2",true,"SubNetwork=ONRM_RootMo_R,SubNetwork=eNODEb,MeContext=0230ML,ManagedElement=1,vsDataENodeBFunction=1,vsDataSectorCarrier=0230MLA",Band3: full on all;Band4: partial on all;Band9: full on all;Band10: partial on all;Band35: partial on all;Band66: partial on all
cm_exp_20180419_150249.xml,2018-04-19T15:13:56Z,Undefined,ONRM_RootMo_R,eNODEb,0230ML,1,2,1,,"SubNetwork=ONRM_RootMo_R,SubNetwork=eNODEb,MeContext=0230ML,ManagedElement=1,vsDataEquipment=1,vsDataAntennaUnitGroup=2,vsDataRfBranch=1;SubNetwork=ONRM_RootMo_R,SubNetwork=eNODEb,MeContext=0230ML,ManagedElement=1,vsDataEquipment=1,vsDataAntennaUnitGroup=2,vsDataRfBranch=2",true,"SubNetwork=ONRM_RootMo_R,SubNetwork=eNODEb,MeContext=0230ML,ManagedElement=1,vsDataENodeBFunction=1,vsDataSectorCarrier=0230MLB",Band3: full on all;Band4: partial on all;Band9: full on all;Band10: partial on all;Band35: partial on all;Band66: partial on all
cm_exp_20180419_150249.xml,2018-04-19T15:13:56Z,Undefined,ONRM_RootMo_R,eNODEb,0230ML,1,3,1,,"SubNetwork=ONRM_RootMo_R,SubNetwork=eNODEb,MeContext=0230ML,ManagedElement=1,vsDataEquipment=1,vsDataAntennaUnitGroup=3,vsDataRfBranch=1;SubNetwork=ONRM_RootMo_R,SubNetwork=eNODEb,MeContext=0230ML,ManagedElement=1,vsDataEquipment=1,vsDataAntennaUnitGroup=3,vsDataRfBranch=2",true,"SubNetwork=ONRM_RootMo_R,SubNetwork=eNODEb,MeContext=0230ML,ManagedElement=1,vsDataENodeBFunction=1,vsDataSectorCarrier=0230MLC",Band3: full on all;Band4: partial on all;Band9: full on all;Band10: partial on all;Band35: partial on all;Band66: partial on all
cm_exp_20180419_150408.xml,2018-04-19T15:13:56Z,Undefined,ONRM_RootMo_R,eNODEb,0230ML,1,1,1,,"SubNetwork=ONRM_RootMo_R,SubNetwork=eNODEb,MeContext=0230ML,ManagedElement=1,vsDataEquipment=1,vsDataAntennaUnitGroup=1,vsDataRfBranch=1;SubNetwork=ONRM_RootMo_R,SubNetwork=eNODEb,MeContext=0230ML,ManagedElement=1,vsDataEquipment=1,vsDataAntennaUnitGroup=1,vsDataRfBranch=2",true,"SubNetwork=ONRM_RootMo_R,SubNetwork=eNODEb,MeContext=0230ML,ManagedElement=1,vsDataENodeBFunction=1,vsDataSectorCarrier=0230MLA",Band3: full on all;Band4: partial on all;Band9: full on all;Band10: partial on all;Band35: partial on all;Band66: partial on all
cm_exp_20180419_150408.xml,2018-04-19T15:13:56Z,Undefined,ONRM_RootMo_R,eNODEb,0230ML,1,2,1,,"SubNetwork=ONRM_RootMo_R,SubNetwork=eNODEb,MeContext=0230ML,ManagedElement=1,vsDataEquipment=1,vsDataAntennaUnitGroup=2,vsDataRfBranch=1;SubNetwork=ONRM_RootMo_R,SubNetwork=eNODEb,MeContext=0230ML,ManagedElement=1,vsDataEquipment=1,vsDataAntennaUnitGroup=2,vsDataRfBranch=2",true,"SubNetwork=ONRM_RootMo_R,SubNetwork=eNODEb,MeContext=0230ML,ManagedElement=1,vsDataENodeBFunction=1,vsDataSectorCarrier=0230MLB",Band3: full on all;Band4: partial on all;Band9: full on all;Band10: partial on all;Band35: partial on all;Band66: partial on all
cm_exp_20180419_150408.xml,2018-04-19T15:13:56Z,Undefined,ONRM_RootMo_R,eNODEb,0230ML,1,3,1,,"SubNetwork=ONRM_RootMo_R,SubNetwork=eNODEb,MeContext=0230ML,ManagedElement=1,vsDataEquipment=1,vsDataAntennaUnitGroup=3,vsDataRfBranch=1;SubNetwork=ONRM_RootMo_R,SubNetwork=eNODEb,MeContext=0230ML,ManagedElement=1,vsDataEquipment=1,vsDataAntennaUnitGroup=3,vsDataRfBranch=2",true,"SubNetwork=ONRM_RootMo_R,SubNetwork=eNODEb,MeContext=0230ML,ManagedElement=1,vsDataENodeBFunction=1,vsDataSectorCarrier=0230MLC",Band3: full on all;Band4: partial on all;Band9: full on all;Band10: partial on all;Band35: partial on all;Band66: partial on all
cm_exp_20180419_150451.xml,2018-04-19T15:13:56Z,Undefined,ONRM_RootMo_R,eNODEb,0243ML,1,1,1,,"SubNetwork=ONRM_RootMo_R,SubNetwork=eNODEb,MeContext=0243ML,ManagedElement=1,vsDataEquipment=1,vsDataAntennaUnitGroup=1,vsDataRfBranch=1;SubNetwork=ONRM_RootMo_R,SubNetwork=eNODEb,MeContext=0243ML,ManagedElement=1,vsDataEquipment=1,vsDataAntennaUnitGroup=1,vsDataRfBranch=2",true,"SubNetwork=ONRM_RootMo_R,SubNetwork=eNODEb,MeContext=0243ML,ManagedElement=1,vsDataENodeBFunction=1,vsDataSectorCarrier=0243MLA",Band3: full on all;Band4: partial on all;Band9: full on all;Band10: partial on all;Band35: partial on all;Band66: partial on all
cm_exp_20180419_150451.xml,2018-04-19T15:13:56Z,Undefined,ONRM_RootMo_R,eNODEb,0243ML,1,2,1,,"SubNetwork=ONRM_RootMo_R,SubNetwork=eNODEb,MeContext=0243ML,ManagedElement=1,vsDataEquipment=1,vsDataAntennaUnitGroup=2,vsDataRfBranch=1;SubNetwork=ONRM_RootMo_R,SubNetwork=eNODEb,MeContext=0243ML,ManagedElement=1,vsDataEquipment=1,vsDataAntennaUnitGroup=2,vsDataRfBranch=2",true,"SubNetwork=ONRM_RootMo_R,SubNetwork=eNODEb,MeContext=0243ML,ManagedElement=1,vsDataENodeBFunction=1,vsDataSectorCarrier=0243MLB",Band3: full on all;Band4: partial on all;Band9: full on all;Band10: partial on all;Band35: partial on all;Band66: partial on all
cm_exp_20180419_150451.xml,2018-04-19T15:13:56Z,Undefined,ONRM_RootMo_R,eNODEb,0243ML,1,3,1,,"SubNetwork=ONRM_RootMo_R,SubNetwork=eNODEb,MeContext=0243ML,ManagedElement=1,vsDataEquipment=1,vsDataAntennaUnitGroup=3,vsDataRfBranch=1;SubNetwork=ONRM_RootMo_R,SubNetwork=eNODEb,MeContext=0243ML,ManagedElement=1,vsDataEquipment=1,vsDataAntennaUnitGroup=3,vsDataRfBranch=2",true,"SubNetwork=ONRM_RootMo_R,SubNetwork=eNODEb,MeContext=0243ML,ManagedElement=1,vsDataENodeBFunction=1,vsDataSectorCarrier=0243MLC",
cm_exp_20180419_150511.xml,2018-04-19T15:13:56Z,Undefined,ONRM_RootMo_R,eNODEb,0250ML,1,1,1,,"SubNetwork=ONRM_RootMo_R,SubNetwork=eNODEb,MeContext=0250ML,ManagedElement=1,vsDataEquipment=1,vsDataAntennaUnitGroup=1,vsDataRfBranch=1;SubNetwork=ONRM_RootMo_R,SubNetwork=eNODEb,MeContext=0250ML,ManagedElement=1,vsDataEquipment=1,vsDataAntennaUnitGroup=1,vsDataRfBranch=2",true,"SubNetwork=ONRM_RootMo_R,SubNetwork=eNODEb,MeContext=0250ML,ManagedElement=1,vsDataENodeBFunction=1,vsDataSectorCarrier=0250MLA",Band3: full on all;Band4: partial on all;Band9: full on all;Band10: partial on all;Band35: partial on all;Band66: partial on all
cm_exp_20180419_150511.xml,2018-04-19T15:13:56Z,Undefined,ONRM_RootMo_R,eNODEb,0250ML,1,2,1,,"SubNetwork=ONRM_RootMo_R,SubNetwork=eNODEb,MeContext=0250ML,ManagedElement=1,vsDataEquipment=1,vsDataAntennaUnitGroup=2,vsDataRfBranch=1;SubNetwork=ONRM_RootMo_R,SubNetwork=eNODEb,MeContext=0250ML,ManagedElement=1,vsDataEquipment=1,vsDataAntennaUnitGroup=2,vsDataRfBranch=2",true,"SubNetwork=ONRM_RootMo_R,SubNetwork=eNODEb,MeContext=0250ML,ManagedElement=1,vsDataENodeBFunction=1,vsDataSectorCarrier=0250MLB",Band3: full on all;Band4: partial on all;Band9: full on all;Band10: partial on all;Band35: partial on all;Band66: partial on all
cm_exp_20180419_150511.xml,2018-04-19T15:13:56Z,Undefined,ONRM_RootMo_R,eNODEb,0250ML,1,3,1,,"SubNetwork=ONRM_RootMo_R,SubNetwork=eNODEb,MeContext=0250ML,ManagedElement=1,vsDataEquipment=1,vsDataAntennaUnitGroup=3,vsDataRfBranch=1;SubNetwork=ONRM_RootMo_R,SubNetwork=eNODEb,MeContext=0250ML,ManagedElement=1,vsDataEquipment=1,vsDataAntennaUnitGroup=3,vsDataRfBranch=2",true,"SubNetwork=ONRM_RootMo_R,SubNetwork=eNODEb,MeContext=0250ML,ManagedElement=1,vsDataENodeBFunction=1,vsDataSectorCarrier=0250MLC",Band3: full on all;Band4: partial on all;Band9: full on all;Band10: partial on all;Band35: partial on all;Band66: partial on all
cm_exp_20180419_150529.xml,2018-04-19T15:13:56Z,Undefined,ONRM_RootMo_R,eNODEb,0255ML,1,1,1,,"SubNetwork=ONRM_RootMo_R,SubNetwork=eNODEb,MeContext=0255ML,ManagedElement=1,vsDataEquipment=1,vsDataAntennaUnitGroup=1,vsDataRfBranch=1;SubNetwork=ONRM_RootMo_R,SubNetwork=eNODEb,MeContext=0255ML,ManagedElement=1,vsDataEquipment=1,vsDataAntennaUnitGroup=1,vsDataRfBranch=2",false,"SubNetwork=ONRM_RootMo_R,SubNetwork=eNODEb,MeContext=0255ML,ManagedElement=1,vsDataENodeBFunction=1,vsDataSectorCarrier=0255MLA",Band3: full on all;Band4: partial on all;Band9: full on all;Band10: partial on all;Band35: partial on all;Band66: partial on all
cm_exp_20180419_150529.xml,2018-04-19T15:13:56Z,Undefined,ONRM_RootMo_R,eNODEb,0255ML,1,2,1,,"SubNetwork=ONRM_RootMo_R,SubNetwork=eNODEb,MeContext=0255ML,ManagedElement=1,vsDataEquipment=1,vsDataAntennaUnitGroup=2,vsDataRfBranch=1;SubNetwork=ONRM_RootMo_R,SubNetwork=eNODEb,MeContext=0255ML,ManagedElement=1,vsDataEquipment=1,vsDataAntennaUnitGroup=2,vsDataRfBranch=2",false,"SubNetwork=ONRM_RootMo_R,SubNetwork=eNODEb,MeContext=0255ML,ManagedElement=1,vsDataENodeBFunction=1,vsDataSectorCarrier=0255MLB",Band3: full on all;Band4: partial on all;Band9: full on all;Band10: partial on all;Band35: partial on all;Band66: partial on all
cm_exp_20180419_150529.xml,2018-04-19T15:13:56Z,Undefined,ONRM_RootMo_R,eNODEb,0255ML,1,3,1,,"SubNetwork=ONRM_RootMo_R,SubNetwork=eNODEb,MeContext=0255ML,ManagedElement=1,vsDataEquipment=1,vsDataAntennaUnitGroup=3,vsDataRfBranch=1;SubNetwork=ONRM_RootMo_R,SubNetwork=eNODEb,MeContext=0255ML,ManagedElement=1,vsDataEquipment=1,vsDataAntennaUnitGroup=3,vsDataRfBranch=2",false,"SubNetwork=ONRM_RootMo_R,SubNetwork=eNODEb,MeContext=0255ML,ManagedElement=1,vsDataENodeBFunction=1,vsDataSectorCarrier=0255MLC",Band3: full on all;Band4: partial on all;Band9: full on all;Band10: partial on all;Band35: partial on all;Band66: partial on all
cm_exp_20180419_150554.xml,2018-04-19T15:13:56Z,Undefined,ONRM_RootMo_R,eNODEb,0270ML,1,1,1,,"SubNetwork=ONRM_RootMo_R,SubNetwork=eNODEb,MeContext=0270ML,ManagedElement=1,vsDataEquipment=1,vsDataAntennaUnitGroup=1,vsDataRfBranch=1;SubNetwork=ONRM_RootMo_R,SubNetwork=eNODEb,MeContext=0270ML,ManagedElement=1,vsDataEquipment=1,vsDataAntennaUnitGroup=1,vsDataRfBranch=2",true,"SubNetwork=ONRM_RootMo_R,SubNetwork=eNODEb,MeContext=0270ML,ManagedElement=1,vsDataENodeBFunction=1,vsDataSectorCarrier=0270MLA",Band3: full on all;Band4: partial on all;Band9: full on all;Band10: partial on all;Band35: partial on all;Band66: partial on all
cm_exp_20180419_150554.xml,2018-04-19T15:13:56Z,Undefined,ONRM_RootMo_R,eNODEb,0270ML,1,2,1,,"SubNetwork=ONRM_RootMo_R,SubNetwork=eNODEb,MeContext=0270ML,ManagedElement=1,vsDataEquipment=1,vsDataAntennaUnitGroup=2,vsDataRfBranch=1;SubNetwork=ONRM_RootMo_R,SubNetwork=eNODEb,MeContext=0270ML,ManagedElement=1,vsDataEquipment=1,vsDataAntennaUnitGroup=2,vsDataRfBranch=2",true,"SubNetwork=ONRM_RootMo_R,SubNetwork=eNODEb,MeContext=0270ML,ManagedElement=1,vsDataENodeBFunction=1,vsDataSectorCarrier=0270MLB",Band3: full on all;Band4: partial on all;Band9: full on all;Band10: partial on all;Band35: partial on all;Band66: partial on all
cm_exp_20180419_150554.xml,2018-04-19T15:13:56Z,Undefined,ONRM_RootMo_R,eNODEb,0270ML,1,3,1,,"SubNetwork=ONRM_RootMo_R,SubNetwork=eNODEb,MeContext=0270ML,ManagedElement=1,vsDataEquipment=1,vsDataAntennaUnitGroup=3,vsDataRfBranch=1;SubNetwork=ONRM_RootMo_R,SubNetwork=eNODEb,MeContext=0270ML,ManagedElement=1,vsDataEquipment=1,vsDataAntennaUnitGroup=3,vsDataRfBranch=2",true,"SubNetwork=ONRM_RootMo_R,SubNetwork=eNODEb,MeContext=0270ML,ManagedElement=1,vsDataENodeBFunction=1,vsDataSectorCarrier=0270MLC",Band3: full on all;Band4: partial on all;Band9: full on all;Band10: partial on all;Band35: partial on all;Band66: partial on all
cm_exp_20180419_150618.xml,2018-04-19T15:13:56Z,Undefined,ONRM_RootMo_R,eNODEb,0304ML,1,1,1,,"SubNetwork=ONRM_RootMo_R,SubNetwork=eNODEb,MeContext=0304ML,ManagedElement=1,vsDataEquipment=1,vsDataAntennaUnitGroup=1,vsDataRfBranch=1;SubNetwork=ONRM_RootMo_R,SubNetwork=eNODEb,MeContext=0304ML,ManagedElement=1,vsDataEquipment=1,vsDataAntennaUnitGroup=1,vsDataRfBranch=2",false,"SubNetwork=ONRM_RootMo_R,SubNetwork=eNODEb,MeContext=0304ML,ManagedElement=1,vsDataENodeBFunction=1,vsDataSectorCarrier=0304MLA",Band3: full on all;Band4: partial on all;Band9: full on all;Band10: partial on all;Band35: partial on all;Band66: partial on all
cm_exp_20180419_150618.xml,2018-04-19T15:13:56Z,Undefined,ONRM_RootMo_R,eNODEb,0304ML,1,2,1,,"SubNetwork=ONRM_RootMo_R,SubNetwork=eNODEb,MeContext=0304ML,ManagedElement=1,vsDataEquipment=1,vsDataAntennaUnitGroup=2,vsDataRfBranch=1;SubNetwork=ONRM_RootMo_R,SubNetwork=eNODEb,MeContext=0304ML,ManagedElement=1,vsDataEquipment=1,vsDataAntennaUnitGroup=2,vsDataRfBranch=2",false,"SubNetwork=ONRM_RootMo_R,SubNetwork=eNODEb,MeContext=0304ML,ManagedElement=1,vsDataENodeBFunction=1,vsDataSectorCarrier=0304MLB",Band3: full on all;Band4: partial on all;Band9: full on all;Band10: partial on all;Band35: partial on all;Band66: partial on all
cm_exp_20180419_150618.xml,2018-04-19T15:13:56Z,Undefined,ONRM_RootMo_R,eNODEb,0304ML,1,3,1,,"SubNetwork=ONRM_RootMo_R,SubNetwork=eNODEb,MeContext=0304ML,ManagedElement=1,vsDataEquipment=1,vsDataAntennaUnitGroup=3,vsDataRfBranch=1;SubNetwork=ONRM_RootMo_R,SubNetwork=eNODEb,MeContext=0304ML,ManagedElement=1,vsDataEquipment=1,vsDataAntennaUnitGroup=3,vsDataRfBranch=2",false,"SubNetwork=ONRM_RootMo_R,SubNetwork=eNODEb,MeContext=0304ML,ManagedElement=1,vsDataENodeBFunction=1,vsDataSectorCarrier=0304MLC",Band3: full on all;Band4: partial on all;Band9: full on all;Band10: partial on all;Band35: partial on all;Band66: partial on all
cm_exp_20180419_150643.xml,2018-04-19T15:13:56Z,Undefined,ONRM_RootMo_R,eNODEb,0312ML,1,1,1,,"SubNetwork=ONRM_RootMo_R,SubNetwork=eNODEb,MeContext=0312ML,ManagedElement=1,vsDataEquipment=1,vsDataAntennaUnitGroup=1,vsDataRfBranch=1;SubNetwork=ONRM_RootMo_R,SubNetwork=eNODEb,MeContext=0312ML,ManagedElement=1,vsDataEquipment=1,vsDataAntennaUnitGroup=1,vsDataRfBranch=2",true,"SubNetwork=ONRM_RootMo_R,SubNetwork=eNODEb,MeContext=0312ML,ManagedElement=1,vsDataENodeBFunction=1,vsDataSectorCarrier=0312MLA",Band3: full on all;Band4: partial on all;Band9: full on all;Band10: partial on all;Band35: partial on all;Band66: partial on all
cm_exp_20180419_150643.xml,2018-04-19T15:13:56Z,Undefined,ONRM_RootMo_R,eNODEb,0312ML,1,2,1,,"SubNetwork=ONRM_RootMo_R,SubNetwork=eNODEb,MeContext=0312ML,ManagedElement=1,vsDataEquipment=1,vsDataAntennaUnitGroup=2,vsDataRfBranch=1;SubNetwork=ONRM_RootMo_R,SubNetwork=eNODEb,MeContext=0312ML,ManagedElement=1,vsDataEquipment=1,vsDataAntennaUnitGroup=2,vsDataRfBranch=2",true,"SubNetwork=ONRM_RootMo_R,SubNetwork=eNODEb,MeContext=0312ML,ManagedElement=1,vsDataENodeBFunction=1,vsDataSectorCarrier=0312MLB",Band3: full on all;Band4: partial on all;Band9: full on all;Band10: partial on all;Band35: partial on all;Band66: partial on all
cm_exp_20180419_150643.xml,2018-04-19T15:13:56Z,Undefined,ONRM_RootMo_R,eNODEb,0312ML,1,3,1,,"SubNetwork=ONRM_RootMo_R,SubNetwork=eNODEb,MeContext=0312ML,ManagedElement=1,vsDataEquipment=1,vsDataAntennaUnitGroup=3,vsDataRfBranch=1;SubNetwork=ONRM_RootMo_R,SubNetwork=eNODEb,MeContext=0312ML,ManagedElement=1,vsDataEquipment=1,vsDataAntennaUnitGroup=3,vsDataRfBranch=2",true,"SubNetwork=ONRM_RootMo_R,SubNetwork=eNODEb,MeContext=0312ML,ManagedElement=1,vsDataENodeBFunction=1,vsDataSectorCarrier=0312MLC",Band3: full on all;Band4: partial on all;Band9: full on all;Band10: partial on all;Band35: partial on all;Band66: partial on all
cm_exp_20180419_150750.xml,2018-04-19T15:13:56Z,Undefined,ONRM_RootMo_R,eNODEb,0370ML,1,1,1,,"SubNetwork=ONRM_RootMo_R,SubNetwork=eNODEb,MeContext=0370ML,ManagedElement=1,vsDataEquipment=1,vsDataAntennaUnitGroup=1,vsDataRfBranch=1;SubNetwork=ONRM_RootMo_R,SubNetwork=eNODEb,MeContext=0370ML,ManagedElement=1,vsDataEquipment=1,vsDataAntennaUnitGroup=1,vsDataRfBranch=2",true,"SubNetwork=ONRM_RootMo_R,SubNetwork=eNODEb,MeContext=0370ML,ManagedElement=1,vsDataENodeBFunction=1,vsDataSectorCarrier=0370MLA",Band3: full on all;Band4: partial on all;Band9: full on all;Band10: partial on all;Band35: partial on all;Band66: partial on all
cm_exp_20180419_150750.xml,2018-04-19T15:13:56Z,Undefined,ONRM_RootMo_R,eNODEb,0370ML,1,2,1,,"SubNetwork=ONRM_RootMo_R,SubNetwork=eNODEb,MeContext=0370ML,ManagedElement=1,vsDataEquipment=1,vsDataAntennaUnitGroup=2,vsDataRfBranch=1;SubNetwork=ONRM_RootMo_R,SubNetwork=eNODEb,MeContext=0370ML,ManagedElement=1,vsDataEquipment=1,vsDataAntennaUnitGroup=2,vsDataRfBranch=2",true,"SubNetwork=ONRM_RootMo_R,SubNetwork=eNODEb,MeContext=0370ML,ManagedElement=1,vsDataENodeBFunction=1,vsDataSectorCarrier=0370MLB",Band3: full on all;Band4: partial on all;Band9: full on all;Band10: partial on all;Band35: partial on all;Band66: partial on all
cm_exp_20180419_150750.xml,2018-04-19T15:13:56Z,Undefined,ONRM_RootMo_R,eNODEb,0370ML,1,3,1,,"SubNetwork=ONRM_RootMo_R,SubNetwork=eNODEb,MeContext=0370ML,ManagedElement=1,vsDataEquipment=1,vsDataAntennaUnitGroup=3,vsDataRfBranch=1;SubNetwork=ONRM_RootMo_R,SubNetwork=eNODEb,MeContext=0370ML,ManagedElement=1,vsDataEquipment=1,vsDataAntennaUnitGroup=3,vsDataRfBranch=2",true,"SubNetwork=ONRM_RootMo_R,SubNetwork=eNODEb,MeContext=0370ML,ManagedElement=1,vsDataENodeBFunction=1,vsDataSectorCarrier=0370MLC",Band3: full on all;Band4: partial on all;Band9: full on all;Band10: partial on all;Band35: partial on all;Band66: partial on all
cm_exp_20180419_150814.xml,2018-04-19T15:13:56Z,Undefined,ONRM_RootMo_R,eNODEb,0378ML,1,1,1,,"SubNetwork=ONRM_RootMo_R,SubNetwork=eNODEb,MeContext=0378ML,ManagedElement=1,vsDataEquipment=1,vsDataAntennaUnitGroup=1,vsDataRfBranch=1;SubNetwork=ONRM_RootMo_R,SubNetwork=eNODEb,MeContext=0378ML,ManagedElement=1,vsDataEquipment=1,vsDataAntennaUnitGroup=1,vsDataRfBranch=2",false,"SubNetwork=ONRM_RootMo_R,SubNetwork=eNODEb,MeContext=0378ML,ManagedElement=1,vsDataENodeBFunction=1,vsDataSectorCarrier=0378MLA",
cm_exp_20180419_150814.xml,2018-04-19T15:13:56Z,Undefined,ONRM_RootMo_R,eNODEb,0378ML,1,2,1,,"SubNetwork=ONRM_RootMo_R,SubNetwork=eNODEb,MeContext=0378ML,ManagedElement=1,vsDataEquipment=1,vsDataAntennaUnitGroup=2,vsDataRfBranch=1;SubNetwork=ONRM_RootMo_R,SubNetwork=eNODEb,MeContext=0378ML,ManagedElement=1,vsDataEquipment=1,vsDataAntennaUnitGroup=2,vsDataRfBranch=2",false,"SubNetwork=ONRM_RootMo_R,SubNetwork=eNODEb,MeContext=0378ML,ManagedElement=1,vsDataENodeBFunction=1,vsDataSectorCarrier=0378MLB",
cm_exp_20180419_150814.xml,2018-04-19T15:13:56Z,Undefined,ONRM_RootMo_R,eNODEb,0378ML,1,3,1,,"SubNetwork=ONRM_RootMo_R,SubNetwork=eNODEb,MeContext=0378ML,ManagedElement=1,vsDataEquipment=1,vsDataAntennaUnitGroup=3,vsDataRfBranch=1;SubNetwork=ONRM_RootMo_R,SubNetwork=eNODEb,MeContext=0378ML,ManagedElement=1,vsDataEquipment=1,vsDataAntennaUnitGroup=3,vsDataRfBranch=2",false,"SubNetwork=ONRM_RootMo_R,SubNetwork=eNODEb,MeContext=0378ML,ManagedElement=1,vsDataENodeBFunction=1,vsDataSectorCarrier=0378MLC",
cm_exp_20180419_150846.xml,2018-04-19T15:13:56Z,Undefined,ONRM_RootMo_R,eNODEb,0380ML,1,1,1,,"SubNetwork=ONRM_RootMo_R,SubNetwork=eNODEb,MeContext=0380ML,ManagedElement=1,vsDataEquipment=1,vsDataAntennaUnitGroup=1,vsDataRfBranch=1;SubNetwork=ONRM_RootMo_R,SubNetwork=eNODEb,MeContext=0380ML,ManagedElement=1,vsDataEquipment=1,vsDataAntennaUnitGroup=1,vsDataRfBranch=2",true,"SubNetwork=ONRM_RootMo_R,SubNetwork=eNODEb,MeContext=0380ML,ManagedElement=1,vsDataENodeBFunction=1,vsDataSectorCarrier=0380MLA",Band3: full on RfBranch 2;Band4: partial on RfBranch 2;Band9: full on RfBranch 2;Band10: partial on RfBranch 2;Band35: partial on RfBranch 2;Band66: partial on RfBranch 2
cm_exp_20180419_150846.xml,2018-04-19T15:13:56Z,Undefined,ONRM_RootMo_R,eNODEb,0380ML,1,2,1,,"SubNetwork=ONRM_RootMo_R,SubNetwork=eNODEb,MeContext=0380ML,ManagedElement=1,vsDataEquipment=1,vsDataAntennaUnitGroup=2,vsDataRfBranch=1;SubNetwork=ONRM_RootMo_R,SubNetwork=eNODEb,MeContext=0380ML,ManagedElement=1,vsDataEquipment=1,vsDataAntennaUnitGroup=2,vsDataRfBranch=2",true,"SubNetwork=ONRM_RootMo_R,SubNetwork=eNODEb,MeContext=0380ML,ManagedElement=1,vsDataENodeBFunction=1,vsDataSectorCarrier=0380MLB",Band3: full on all;Band4: partial on all;Band9: full on all;Band10: partial on all;Band35: partial on all;Band66: partial on all
cm_exp_20180419_150846.xml,2018-04-19T15:13:56Z,Undefined,ONRM_RootMo_R,eNODEb,0380ML,1,3,1,,"SubNetwork=ONRM_RootMo_R,SubNetwork=eNODEb,MeContext=0380ML,ManagedElement=1,vsDataEquipment=1,vsDataAntennaUnitGroup=3,vsDataRfBranch=1;SubNetwork=ONRM_RootMo_R,SubNetwork=eNODEb,MeContext=0380ML,ManagedElement=1,vsDataEquipment=1,vsDataAntennaUnitGroup=3,vsDataRfBranch=2",true,"SubNetwork=ONRM_RootMo_R,SubNetwork=eNODEb,MeContext=0380ML,ManagedElement=1,vsDataENodeBFunction=1,vsDataSectorCarrier=0380MLC",Band3: full on all;Band4: partial on all;Band9: full on all;Band10: partial on all;Band35: partial on all;Band66: partial on all
cm_exp_20180419_150917.xml,2018-04-19T15:13:56Z,Undefined,ONRM_RootMo_R,eNODEb,0430ML,1,1,1,,"SubNetwork=ONRM_RootMo_R,SubNetwork=eNODEb,MeContext=0430ML,ManagedElement=1,vsDataEquipment=1,vsDataAntennaUnitGroup=1,vsDataRfBranch=1;SubNetwork=ONRM_RootMo_R,SubNetwork=eNODEb,MeContext=0430ML,ManagedElement=1,vsDataEquipment=1,vsDataAntennaUnitGroup=1,vsDataRfBranch=2",true,"SubNetwork=ONRM_RootMo_R,SubNetwork=eNODEb,MeContext=0430ML,ManagedElement=1,vsDataENodeBFunction=1,vsDataSectorCarrier=0430MLA",Band3: full on all;Band4: partial on all;Band9: full on all;Band10: partial on all;Band35: partial on all;Band66: partial on all
cm_exp_20180419_150917.xml,2018-04-19T15:13:56Z,Undefined,ONRM_RootMo_R,eNODEb,0430ML,1,2,1,,"SubNetwork=ONRM_RootMo_R,SubNetwork=eNODEb,MeContext=0430ML,ManagedElement=1,vsDataEquipment=1,vsDataAntennaUnitGroup=2,vsDataRfBranch=1;SubNetwork=ONRM_RootMo_R,SubNetwork=eNODEb,MeContext=0430ML,ManagedElement=1,vsDataEquipment=1,vsDataAntennaUnitGroup=2,vsDataRfBranch=2",true,"SubNetwork=ONRM_RootMo_R,SubNetwork=eNODEb,MeContext=0430ML,ManagedElement=1,vsDataENodeBFunction=1,vsDataSectorCarrier=0430MLB",Band3: full on all;Band4: partial on all;Band9: full on all;Band10: partial on all;Band35: partial on all;Band66: partial on all
cm_exp_20180419_150917.xml,2018-04-19T15:13:56Z,Undefined,ONRM_RootMo_R,eNODEb,0430ML,1,3,1,,"SubNetwork=ONRM_RootMo_R,SubNetwork=eNODEb,MeContext=0430ML,ManagedElement=1,vsDataEquipment=1,vsDataAntennaUnitGroup=3,vsDataRfBranch=1;SubNetwork=ONRM_RootMo_R,SubNetwork=eNODEb,MeContext=0430ML,ManagedElement=1,vsDataEquipment=1,vsDataAntennaUnitGroup=3,vsDataRfBranch=2",true,"SubNetwork=ONRM_RootMo_R,SubNetwork=eNODEb,MeContext=0430ML,ManagedElement=1,vsDataENodeBFunction=1,vsDataSectorCarrier=0430MLC",Band3: full on all;Band4: partial on all;Band9: full on all;Band10: partial on all;Band35: partial on all;Band66: partial on all
cm_exp_20180419_150943.xml,2018-04-19T15:13:56Z,Undefined,ONRM_RootMo_R,eNODEb,0445ML,1,1,1,,"SubNetwork=ONRM_RootMo_R,SubNetwork=eNODEb,MeContext=0445ML,ManagedElement=1,vsDataEquipment=1,vsDataAntennaUnitGroup=1,vsDataRfBranch=1;SubNetwork=ONRM_RootMo_R,SubNetwork=eNODEb,MeContext=0445ML,ManagedElement=1,vsDataEquipment=1,vsDataAntennaUnitGroup=1,vsDataRfBranch=2",true,"SubNetwork=ONRM_RootMo_R,SubNetwork=eNODEb,MeContext=0445ML,ManagedElement=1,vsDataENodeBFunction=1,vsDataSectorCarrier=0445MLA",Band3: full on all;Band4: partial on all;Band9: full on all;Band10: partial on all;Band35: partial on all;Band66: partial on all
cm_exp_20180419_150943.xml,2018-04-19T15:13:56Z,Undefined,ONRM_RootMo_R,eNODEb,0445ML,1,2,1,,"SubNetwork=ONRM_RootMo_R,SubNetwork=eNODEb,MeContext=0445ML,ManagedElement=1,vsDataEquipment=1,vsDataAntennaUnitGroup=2,vsDataRfBranch=1;SubNetwork=ONRM_RootMo_R,SubNetwork=eNODEb,MeContext=0445ML,ManagedElement=1,vsDataEquipment=1,vsDataAntennaUnitGroup=2,vsDataRfBranch=2",true,"SubNetwork=ONRM_RootMo_R,SubNetwork=eNODEb,MeContext=0445ML,ManagedElement=1,vsDataENodeBFunction=1,vsDataSectorCarrier=0445MLB",Band3: full on all;Band4: partial on all;Band9: full on all;Band10: partial on all;Band35: partial on all;Band66: partial on all
cm_exp_20180419_150943.xml,2018-04-19T15:13:56Z,Undefined,ONRM_RootMo_R,eNODEb,0445ML,1,3,1,,"SubNetwork=ONRM_RootMo_R,SubNetwork=eNODEb,MeContext=0445ML,ManagedElement=1,vsDataEquipment=1,vsDataAntennaUnitGroup=3,vsDataRfBranch=1;SubNetwork=ONRM_RootMo_R,SubNetwork=eNODEb,MeContext=0445ML,ManagedElement=1,vsDataEquipment=1,vsDataAntennaUnitGroup=3,vsDataRfBranch=2",true,"SubNetwork=ONRM_RootMo_R,SubNetwork=eNODEb,MeContext=0445ML,ManagedElement=1,vsDataENodeBFunction=1,vsDataSectorCarrier=0445MLC",Band3: full on all;Band4: partial on all;Band9: full on all;Band10: partial on all;Band35: partial on all;Band66: partial on all
cm_exp_20180419_151002.xml,2018-04-19T15:13:56Z,Undefined,ONRM_RootMo_R,eNODEb,0447ML,1,1,1,,"SubNetwork=ONRM_RootMo_R,SubNetwork=eNODEb,MeContext=0447ML,ManagedElement=1,vsDataEquipment=1,vsDataAntennaUnitGroup=1,vsDataRfBranch=1;SubNetwork=ONRM_RootMo_R,SubNetwork=eNODEb,MeContext=0447ML,ManagedElement=1,vsDataEquipment=1,vsDataAntennaUnitGroup=1,vsDataRfBranch=2",false,"SubNetwork=ONRM_RootMo_R,SubNetwork=eNODEb,MeContext=0447ML,ManagedElement=1,vsDataENodeBFunction=1,vsDataSectorCarrier=0447MLA",Band3: full on all;Band4: partial on all;Band9: full on all;Band10: partial on all;Band35: partial on all;Band66: partial on all
cm_exp_20180419_151002.xml,2018-04-19T15:13:56Z,Undefined,ONRM_RootMo_R,eNODEb,0447ML,1,2,1,,"SubNetwork=ONRM_RootMo_R,SubNetwork=eNODEb,MeContext=0447ML,ManagedElement=1,vsDataEquipment=1,vsDataAntennaUnitGroup=2,vsDataRfBranch=1;SubNetwork=ONRM_RootMo_R,SubNetwork=eNODEb,MeContext=0447ML,ManagedElement=1,vsDataEquipment=1,vsDataAntennaUnitGroup=2,vsDataRfBranch=2",false,"SubNetwork=ONRM_RootMo_R,SubNetwork=eNODEb,MeContext=0447ML,ManagedElement=1,vsDataENodeBFunction=1,vsDataSectorCarrier=0447MLB",Band3: full on all;Band4: partial on all;Band9: full on all;Band10: partial on all;Band35: partial on all;Band66: partial on all
cm_exp_20180419_151002.xml,2018-04-19T15:13:56Z,Undefined,ONRM_RootMo_R,eNODEb,0447ML,1,3,1,,"SubNetwork=ONRM_RootMo_R,SubNetwork=eNODEb,MeContext=0447ML,ManagedElement=1,vsDataEquipment=1,vsDataAntennaUnitGroup=3,vsDataRfBranch=1;SubNetwork=ONRM_RootMo_R,SubNetwork=eNODEb,MeContext=0447ML,ManagedElement=1,vsDataEquipment=1,vsDataAntennaUnitGroup=3,vsDataRfBranch=2",false,"SubNetwork=ONRM_RootMo_R,SubNetwork=eNODEb,MeContext=0447ML,ManagedElement=1,vsDataENodeBFunction=1,vsDataSectorCarrier=0447MLC",Band3: full on all;Band4: partial on all;Band9: full on all;Band10: partial on all;Band35: partial on all;Band66: partial on all
cm_exp_20180419_151042.xml,2018-04-19T15:13:56Z,Undefined,ONRM_RootMo_R,eNODEb,0468ML,1,1,1,,"SubNetwork=ONRM_RootMo_R,SubNetwork=eNODEb,MeContext=0468ML,ManagedElement=1,vsDataEquipment=1,vsDataAntennaUnitGroup=1,vsDataRfBranch=1;SubNetwork=ONRM_RootMo_R,SubNetwork=eNODEb,MeContext=0468ML,ManagedElement=1,vsDataEquipment=1,vsDataAntennaUnitGroup=1,vsDataRfBranch=2",true,"SubNetwork=ONRM_RootMo_R,SubNetwork=eNODEb,MeContext=0468ML,ManagedElement=1,vsDataENodeBFunction=1,vsDataSectorCarrier=0468MLA",Band3: full on RfBranch 2;Band4: partial on RfBranch 2;Band9: full on RfBranch 2;Band10: partial on RfBranch 2;Band35: partial on RfBranch 2;Band66: partial on RfBranch 2
cm_exp_20180419_151042.xml,2018-04-19T15:13:56Z,Undefined,ONRM_RootMo_R,eNODEb,0468ML,1,2,1,,"SubNetwork=ONRM_RootMo_R,SubNetwork=eNODEb,MeContext=0468ML,ManagedElement=1,vsDataEquipment=1,vsDataAntennaUnitGroup=2,vsDataRfBranch=1;SubNetwork=ONRM_RootMo_R,SubNetwork=eNODEb,MeContext=0468ML,ManagedElement=1,vsDataEquipment=1,vsDataAntennaUnitGroup=2,vsDataRfBranch=2",true,"SubNetwork=ONRM_RootMo_R,SubNetwork=eNODEb,MeContext=0468ML,ManagedElement=1,vsDataENodeBFunction=1,vsDataSectorCarrier=0468MLB",Band3: full on all;Band4: partial on all;Band9: full on all;Band10: partial on all;Band35: partial on all;Band66: partial on all
cm_exp_20180419_151042.xml,2018-04-19T15:13:56Z,Undefined,ONRM_RootMo_R,eNODEb,0468ML,1,3,1,,"SubNetwork=ONRM_RootMo_R,SubNetwork=eNODEb,MeContext=0468ML,ManagedElement=1,vsDataEquipment=1,vsDataAntennaUnitGroup=3,vsDataRfBranch=1;SubNetwork=ONRM_RootMo_R,SubNetwork=eNODEb,MeContext=0468ML,ManagedElement=1,vsDataEquipment=1,vsDataAntennaUnitGroup=3,vsDataRfBranch=2",true,"SubNetwork=ONRM_RootMo_R,SubNetwork=eNODEb,MeContext=0468ML,ManagedElement=1,vsDataENodeBFunction=1,vsDataSectorCarrier=0468MLC",Band3: full on all;Band4: partial on all;Band9: full on all;Band10: partial on all;Band35: partial on all;Band66: partial on all
cm_exp_20180419_151106.xml,2018-04-19T15:13:56Z,Undefined,ONRM_RootMo_R,eNODEb,0474ML,1,S1,1,0474ML,"SubNetwork=ONRM_RootMo_R,SubNetwork=eNODEb,MeContext=0474ML,ManagedElement=1,vsDataEquipment=1,vsDataAntennaUnitGroup=1,vsDataRfBranch=1;SubNetwork=ONRM_RootMo_R,SubNetwork=eNODEb,MeContext=0474ML,ManagedElement=1,vsDataEquipment=1,vsDataAntennaUnitGroup=1,vsDataRfBranch=2",false,"SubNetwork=ONRM_RootMo_R,SubNetwork=eNODEb,MeContext=0474ML,ManagedElement=1,vsDataENodeBFunction=1,vsDataSectorCarrier=0474MLA",Band3: full on all;Band4: partial on all;Band9: full on all;Band10: partial on all;Band35: partial on all;Band66: partial on all
cm_exp_20180419_151106.xml,2018-04-19T15:13:56Z,Undefined,ONRM_RootMo_R,eNODEb,0474ML,1,S2,1,0474ML,"SubNetwork=ONRM_RootMo_R,SubNetwork=eNODEb,MeContext=0474ML,ManagedElement=1,vsDataEquipment=1,vsDataAntennaUnitGroup=2,vsDataRfBranch=1;SubNetwork=ONRM_RootMo_R,SubNetwork=eNODEb,MeContext=0474ML,ManagedElement=1,vsDataEquipment=1,vsDataAntennaUnitGroup=2,vsDataRfBranch=2",false,"SubNetwork=ONRM_RootMo_R,SubNetwork=eNODEb,MeContext=0474ML,ManagedElement=1,vsDataENodeBFunction=1,vsDataSectorCarrier=0474MLB",Band3: full on all;Band4: partial on all;Band9: full on all;Band10: partial on all;Band35: partial on all;Band66: partial on all
cm_exp_20180419_151106.xml,2018-04-19T15:13:56Z,Undefined,ONRM_RootMo_R,eNODEb,0474ML,1,S3,1,0474ML,"SubNetwork=ONRM_RootMo_R,SubNetwork=eNODEb,MeContext=0474ML,ManagedElement=1,vsDataEquipment=1,vsDataAntennaUnitGroup=3,vsDataRfBranch=1;SubNetwork=ONRM_RootMo_R,SubNetwork=eNODEb,MeContext=0474ML,ManagedElement=1,vsDataEquipment=1,vsDataAntennaUnitGroup=3,vsDataRfBranch=2",false,"SubNetwork=ONRM_RootMo_R,SubNetwork=eNODEb,MeContext=0474ML,ManagedElement=1,vsDataENodeBFunction=1,vsDataSectorCarrier=0474MLC",Band3: full on all;Band4: partial on all;Band9: full on all;Band10: partial on all;Band35: partial on all;Band66: partial on all
cm_exp_20180419_151217.xml,2018-04-19T15:13:56Z,Undefined,ONRM_RootMo_R,eNODEb,0573ML,1,1,1,,"SubNetwork=ONRM_RootMo_R,SubNetwork=eNODEb,MeContext=0573ML,ManagedElement=1,vsDataEquipment=1,vsDataAntennaUnitGroup=1,vsDataRfBranch=1;SubNetwork=ONRM_RootMo_R,SubNetwork=eNODEb,MeContext=0573ML,ManagedElement=1,vsDataEquipment=1,vsDataAntennaUnitGroup=1,vsDataRfBranch=2",true,"SubNetwork=ONRM_RootMo_R,SubNetwork=eNODEb,MeContext=0573ML,ManagedElement=1,vsDataENodeBFunction=1,vsDataSectorCarrier=0573MLA",Band3: full on all;Band4: partial on all;Band9: full on all;Band10: partial on all;Band35: partial on all;Band66: partial on all
cm_exp_20180419_151217.xml,2018-04-19T15:13:56Z,Undefined,ONRM_RootMo_R,eNODEb,0573ML,1,2,1,,"SubNetwork=ONRM_RootMo_R,SubNetwork=eNODEb,MeContext=0573ML,ManagedElement=1,vsDataEquipment=1,vsDataAntennaUnitGroup=2,vsDataRfBranch=1;SubNetwork=ONRM_RootMo_R,SubNetwork=eNODEb,MeContext=0573ML,ManagedElement=1,vsDataEquipment=1,vsDataAntennaUnitGroup=2,vsDataRfBranch=2",true,"SubNetwork=ONRM_RootMo_R,SubNetwork=eNODEb,MeContext=0573ML,ManagedElement=1,vsDataENodeBFunction=1,vsDataSectorCarrier=0573MLB",Band3: full on all;Band4: partial on all;Band9: full on all;Band10: partial on all;Band35: partial on all;Band66: partial on all
cm_exp_20180419_151217.xml,2018-04-19T15:13:56Z,Undefined,ONRM_RootMo_R,eNODEb,0573ML,1,3,1,,"SubNetwork=ONRM_RootMo_R,SubNetwork=eNODEb,MeContext=0573ML,ManagedElement=1,vsDataEquipment=1,vsDataAntennaUnitGroup=3,vsDataRfBranch=1;SubNetwork=ONRM_RootMo_R,SubNetwork=eNODEb,MeContext=0573ML,ManagedElement=1,vsDataEquipment=1,vsDataAntennaUnitGroup=3,vsDataRfBranch=2",true,"SubNetwork=ONRM_RootMo_R,SubNetwork=eNODEb,MeContext=0573ML,ManagedElement=1,vsDataENodeBFunction=1,vsDataSectorCarrier=0573MLC",Band3: full on all;Band4: partial on all;Band9: full on all;Band10: partial on all;Band35: partial on all;Band66: partial on all
cm_exp_20180419_151236.xml,2018-04-19T15:13:56Z,Undefined,ONRM_RootMo_R,eNODEb,0620ML,1,1,1,,"SubNetwork=ONRM_RootMo_R,SubNetwork=eNODEb,MeContext=0620ML,ManagedElement=1,vsDataEquipment=1,vsDataAntennaUnitGroup=1,vsDataRfBranch=1;SubNetwork=ONRM_RootMo_R,SubNetwork=eNODEb,MeContext=0620ML,ManagedElement=1,vsDataEquipment=1,vsDataAntennaUnitGroup=1,vsDataRfBranch=2",true,"SubNetwork=ONRM_RootMo_R,SubNetwork=eNODEb,MeContext=0620ML,ManagedElement=1,vsDataENodeBFunction=1,vsDataSectorCarrier=0620MLA",
cm_exp_20180419_151236.xml,2018-04-19T15:13:56Z,Undefined,ONRM_RootMo_R,eNODEb,0620ML,1,2,1,,"SubNetwork=ONRM_RootMo_R,SubNetwork=eNODEb,MeContext=0620ML,ManagedElement=1,vsDataEquipment=1,vsDataAntennaUnitGroup=2,vsDataRfBranch=1;SubNetwork=ONRM_RootMo_R,SubNetwork=eNODEb,MeContext=0620ML,ManagedElement=1,vsDataEquipment=1,vsDataAntennaUnitGroup=2,vsDataRfBranch=2",true,"SubNetwork=ONRM_RootMo_R,SubNetwork=eNODEb,MeContext=0620ML,ManagedElement=1,vsDataENodeBFunction=1,vsDataSectorCarrier=0620MLB",
cm_exp_20180419_151236.xml,2018-04-19T15:13:56Z,Undefined,ONRM_RootMo_R,eNODEb,0620ML,1,3,1,,"SubNetwork=ONRM_RootMo_R,SubNetwork=eNODEb,MeContext=0620ML,ManagedElement=1,vsDataEquipment=1,vsDataAntennaUnitGroup=3,vsDataRfBranch=1;SubNetwork=ONRM_RootMo_R,SubNetwork=eNODEb,MeContext=0620ML,ManagedElement=1,vsDataEquipment=1,vsDataAntennaUnitGroup=3,vsDataRfBranch=2",true,"SubNetwork=ONRM_RootMo_R,SubNetwork=eNODEb,MeContext=0620ML,ManagedElement=1,vsDataENodeBFunction=1,vsDataSectorCarrier=0620MLC",
cm_exp_20180419_151301.xml,2018-04-19T15:13:56Z,Undefined,ONRM_RootMo_R,eNODEb,0876ML,1,1,1,,"SubNetwork=ONRM_RootMo_R,SubNetwork=eNODEb,MeContext=0876ML,ManagedElement=1,vsDataEquipment=1,vsDataAntennaUnitGroup=1,vsDataRfBranch=1;SubNetwork=ONRM_RootMo_R,SubNetwork=eNODEb,MeContext=0876ML,ManagedElement=1,vsDataEquipment=1,vsDataAntennaUnitGroup=1,vsDataRfBranch=2",true,"SubNetwork=ONRM_RootMo_R,SubNetwork=eNODEb,MeContext=0876ML,ManagedElement=1,vsDataENodeBFunction=1,vsDataSectorCarrier=0876MLA",Band3: full on all;Band4: partial on all;Band9: full on all;Band10: partial on all;Band35: partial on all;Band66: partial on all
cm_exp_20180419_151301.xml,2018-04-19T15:13:56Z,Undefined,ONRM_RootMo_R,eNODEb,0876ML,1,2,1,,"SubNetwork=ONRM_RootMo_R,SubNetwork=eNODEb,MeContext=0876ML,ManagedElement=1,vsDataEquipment=1,vsDataAntennaUnitGroup=2,vsDataRfBranch=1;SubNetwork=ONRM_RootMo_R,SubNetwork=eNODEb,MeContext=0876ML,ManagedElement=1,vsDataEquipment=1,vsDataAntennaUnitGroup=2,vsDataRfBranch=2",true,"SubNetwork=ONRM_RootMo_R,SubNetwork=eNODEb,MeContext=0876ML,ManagedElement=1,vsDataENodeBFunction=1,vsDataSectorCarrier=0876MLB",Band3: full on all;Band4: partial on all;Band9: full on all;Band10: partial on all;Band35: partial on all;Band66: partial on all
cm_exp_20180419_151301.xml,2018-04-19T15:13:56Z,Undefined,ONRM_RootMo_R,eNODEb,0876ML,1,3,1,,"SubNetwork=ONRM_RootMo_R,SubNetwork=eNODEb,MeContext=0876ML,ManagedElement=1,vsDataEquipment=1,vsDataAntennaUnitGroup=3,vsDataRfBranch=1;SubNetwork=ONRM_RootMo_R,SubNetwork=eNODEb,MeContext=0876ML,ManagedElement=1,vsDataEquipment=1,vsDataAntennaUnitGroup=3,vsDataRfBranch=2",true,"SubNetwork=ONRM_RootMo_R,SubNetwork=eNODEb,MeContext=0876ML,ManagedElement=1,vsDataENodeBFunction=1,vsDataSectorCarrier=0876MLC",Band3: full on all;Band4: partial on all;Band9: full on all;Band10: partial on all;Band35: partial on all;Band66: partial on all
cm_exp_20180419_151348.xml,2018-04-19T15:13:56Z,Undefined,ONRM_RootMo_R,eNODEb,0983ML,1,1,1,,"SubNetwork=ONRM_RootMo_R,SubNetwork=eNODEb,MeContext=0983ML,ManagedElement=1,vsDataEquipment=1,vsDataAntennaUnitGroup=1,vsDataRfBranch=1;SubNetwork=ONRM_RootMo_R,SubNetwork=eNODEb,MeContext=0983ML,ManagedElement=1,vsDataEquipment=1,vsDataAntennaUnitGroup=1,vsDataRfBranch=2",false,"SubNetwork=ONRM_RootMo_R,SubNetwork=eNODEb,MeContext=0983ML,ManagedElement=1,vsDataENodeBFunction=1,vsDataSectorCarrier=0983MLA",Band3: full on all;Band4: partial on all;Band9: full on all;Band10: partial on all;Band35: partial on all;Band66: partial on all
cm_exp_20180419_151348.xml,2018-04-19T15:13:56Z,Undefined,ONRM_RootMo_R,eNODEb,0983ML,1,2,1,,"SubNetwork=ONRM_RootMo_R,SubNetwork=eNODEb,MeContext=0983ML,ManagedElement=1,vsDataEquipment=1,vsDataAntennaUnitGroup=2,vsDataRfBranch=1;SubNetwork=ONRM_RootMo_R,SubNetwork=eNODEb,MeContext=0983ML,ManagedElement=1,vsDataEquipment=1,vsDataAntennaUnitGroup=2,vsDataRfBranch=2",false,"SubNetwork=ONRM_RootMo_R,SubNetwork=eNODEb,MeContext=0983ML,ManagedElement=1,vsDataENodeBFunction=1,vsDataSectorCarrier=0983MLB",Band3: full on all;Band4: partial on all;Band9: full on all;Band10: partial on all;Band35: partial on all;Band66: partial on all
cm_exp_20180419_151348.xml,2018-04-19T15:13:56Z,Undefined,ONRM_RootMo_R,eNODEb,0983ML,1,3,1,,"SubNetwork=ONRM_RootMo_R,SubNetwork=eNODEb,MeContext=0983ML,ManagedElement=1,vsDataEquipment=1,vsDataAntennaUnitGroup=3,vsDataRfBranch=1;SubNetwork=ONRM_RootMo_R,SubNetwork=eNODEb,MeContext=0983ML,ManagedElement=1,vsDataEquipment=1,vsDataAntennaUnitGroup=3,vsDataRfBranch=2",false,"SubNetwork=ONRM_RootMo_R,SubNetwork=eNODEb,MeContext=0983ML,ManagedElement=1,vsDataENodeBFunction=1,vsDataSectorCarrier=0983MLC",Band3: full on all;Band4: partial on all;Band9: full on all;Band10: partial on all;Band35: partial on all;Band66: partial on all
