FileName,varDateTime,configData_dnPrefix,SubNetwork_id,SubNetwork_2_id,MeContext_id,ManagedElement_id,vsDataEquipment_id,vsDataRiLink_id,riPortRef1,riPortRef2,availabilityStatus,operationalState,linkTag,transportType
cm_exp_20180419_145031.xml,2018-04-19T15:13:56Z,Undefined,ONRM_RootMo_R,eNODEb,0003ML,1,1,1,"SubNetwork=ONRM_RootMo_R,SubNetwork=eNODEb,MeContext=0003ML,ManagedElement=1,vsDataEquipment=1,vsDataSubrack=1,vsDataSlot=1,vsDataPlugInUnit=1,vsDataRiPort=A","SubNetwork=ONRM_RootMo_R,SubNetwork=eNODEb,MeContext=0003ML,ManagedElement=1,vsDataEquipment=1,vsDataAuxPlugInUnit=RRU-1,vsDataRiPort=DATA_1",0,1,0,0
cm_exp_20180419_145031.xml,2018-04-19T15:13:56Z,Undefined,ONRM_RootMo_R,eNODEb,0003ML,1,1,2,"SubNetwork=ONRM_RootMo_R,SubNetwork=eNODEb,MeContext=0003ML,ManagedElement=1,vsDataEquipment=1,vsDataSubrack=1,vsDataSlot=1,vsDataPlugInUnit=1,vsDataRiPort=B","SubNetwork=ONRM_RootMo_R,SubNetwork=eNODEb,MeContext=0003ML,ManagedElement=1,vsDataEquipment=1,vsDataAuxPlugInUnit=RRU-2,vsDataRiPort=DATA_1",0,1,0,0
cm_exp_20180419_145031.xml,2018-04-19T15:13:56Z,Undefined,ONRM_RootMo_R,eNODEb,0003ML,1,1,3,"SubNetwork=ONRM_RootMo_R,SubNetwork=eNODEb,MeContext=0003ML,ManagedElement=1,vsDataEquipment=1,vsDataSubrack=1,vsDataSlot=1,vsDataPlugInUnit=1,vsDataRiPort=C","SubNetwork=ONRM_RootMo_R,SubNetwork=eNODEb,MeContext=0003ML,ManagedElement=1,vsDataEquipment=1,vsDataAuxPlugInUnit=RRU-3,vsDataRiPort=DATA_1",0,1,0,0
cm_exp_20180419_145108.xml,2018-04-19T15:13:56Z,Undefined,ONRM_RootMo_R,eNODEb,0009ML,1,1,1,"SubNetwork=ONRM_RootMo_R,SubNetwork=eNODEb,MeContext=0009ML,ManagedElement=1,vsDataEquipment=1,vsDataSubrack=1,vsDataSlot=1,vsDataPlugInUnit=1,vsDataRiPort=A","SubNetwork=ONRM_RootMo_R,SubNetwork=eNODEb,MeContext=0009ML,ManagedElement=1,vsDataEquipment=1,vsDataAuxPlugInUnit=RU-1,vsDataRiPort=DATA_1",0,1,0,0
cm_exp_20180419_145108.xml,2018-04-19T15:13:56Z,Undefined,ONRM_RootMo_R,eNODEb,0009ML,1,1,2,"SubNetwork=ONRM_RootMo_R,SubNetwork=eNODEb,MeContext=0009ML,ManagedElement=1,vsDataEquipment=1,vsDataSubrack=1,vsDataSlot=1,vsDataPlugInUnit=1,vsDataRiPort=B","SubNetwork=ONRM_RootMo_R,SubNetwork=eNODEb,MeContext=0009ML,ManagedElement=1,vsDataEquipment=1,vsDataAuxPlugInUnit=RU-3,vsDataRiPort=DATA_1",0,1,0,0
cm_exp_20180419_145108.xml,2018-04-19T15:13:56Z,Undefined,ONRM_RootMo_R,eNODEb,0009ML,1,1,3,"SubNetwork=ONRM_RootMo_R,SubNetwork=eNODEb,MeContext=0009ML,ManagedElement=1,vsDataEquipment=1,vsDataSubrack=1,vsDataSlot=1,vsDataPlugInUnit=1,vsDataRiPort=C","SubNetwork=ONRM_RootMo_R,SubNetwork=eNODEb,MeContext=0009ML,ManagedElement=1,vsDataEquipment=1,vsDataAuxPlugInUnit=RU-5,vsDataRiPort=DATA_1",0,1,0,0
cm_exp_20180419_145108.xml,2018-04-19T15:13:56Z,Undefined,ONRM_RootMo_R,eNODEb,0009ML,1,1,4,"SubNetwork=ONRM_RootMo_R,SubNetwork=eNODEb,MeContext=0009ML,ManagedElement=1,vsDataEquipment=1,vsDataSubrack=1,vsDataSlot=1,vsDataPlugInUnit=1,vsDataRiPort=D","SubNetwork=ONRM_RootMo_R,SubNetwork=eNODEb,MeContext=0009ML,ManagedElement=1,vsDataEquipment=1,vsDataAuxPlugInUnit=RU-2,vsDataRiPort=DATA_1",0,1,0,0
cm_exp_20180419_145108.xml,2018-04-19T15:13:56Z,Undefined,ONRM_RootMo_R,eNODEb,0009ML,1,1,5,"SubNetwork=ONRM_RootMo_R,SubNetwork=eNODEb,MeContext=0009ML,ManagedElement=1,vsDataEquipment=1,vsDataSubrack=1,vsDataSlot=1,vsDataPlugInUnit=1,vsDataRiPort=E","SubNetwork=ONRM_RootMo_R,SubNetwork=eNODEb,MeContext=0009ML,ManagedElement=1,vsDataEquipment=1,vsDataAuxPlugInUnit=RU-4,vsDataRiPort=DATA_1",0,1,0,0
cm_exp_20180419_145108.xml,2018-04-19T15:13:56Z,Undefined,ONRM_RootMo_R,eNODEb,0009ML,1,1,6,"SubNetwork=ONRM_RootMo_R,SubNetwork=eNODEb,MeContext=0009ML,ManagedElement=1,vsDataEquipment=1,vsDataSubrack=1,vsDataSlot=1,vsDataPlugInUnit=1,vsDataRiPort=F","SubNetwork=ONRM_RootMo_R,SubNetwork=eNODEb,MeContext=0009ML,ManagedElement=1,vsDataEquipment=1,vsDataAuxPlugInUnit=RU-6,vsDataRiPort=DATA_1",0,1,0,0
cm_exp_20180419_145140.xml,2018-04-19T15:13:56Z,Undefined,ONRM_RootMo_R,eNODEb,0013ML,1,1,1,"SubNetwork=ONRM_RootMo_R,SubNetwork=eNODEb,MeContext=0013ML,ManagedElement=1,vsDataEquipment=1,vsDataSubrack=1,vsDataSlot=1,vsDataPlugInUnit=1,vsDataRiPort=A","SubNetwork=ONRM_RootMo_R,SubNetwork=eNODEb,MeContext=0013ML,ManagedElement=1,vsDataEquipment=1,vsDataAuxPlugInUnit=RU-1,vsDataRiPort=DATA_1",0,1,0,0
cm_exp_20180419_145140.xml,2018-04-19T15:13:56Z,Undefined,ONRM_RootMo_R,eNODEb,0013ML,1,1,2,"SubNetwork=ONRM_RootMo_R,SubNetwork=eNODEb,MeContext=0013ML,ManagedElement=1,vsDataEquipment=1,vsDataSubrack=1,vsDataSlot=1,vsDataPlugInUnit=1,vsDataRiPort=B","SubNetwork=ONRM_RootMo_R,SubNetwork=eNODEb,MeContext=0013ML,ManagedElement=1,vsDataEquipment=1,vsDataAuxPlugInUnit=RU-3,vsDataRiPort=DATA_1",0,1,0,0
cm_exp_20180419_145140.xml,2018-04-19T15:13:56Z,Undefined,ONRM_RootMo_R,eNODEb,0013ML,1,1,3,"SubNetwork=ONRM_RootMo_R,SubNetwork=eNODEb,MeContext=0013ML,ManagedElement=1,vsDataEquipment=1,vsDataSubrack=1,vsDataSlot=1,vsDataPlugInUnit=1,vsDataRiPort=C","SubNetwork=ONRM_RootMo_R,SubNetwork=eNODEb,MeContext=0013ML,ManagedElement=1,vsDataEquipment=1,vsDataAuxPlugInUnit=RU-5,vsDataRiPort=DATA_1",0,1,0,0
cm_exp_20180419_145140.xml,2018-04-19T15:13:56Z,Undefined,ONRM_RootMo_R,eNODEb,0013ML,1,1,4,"SubNetwork=ONRM_RootMo_R,SubNetwork=eNODEb,MeContext=0013ML,ManagedElement=1,vsDataEquipment=1,vsDataSubrack=1,vsDataSlot=1,vsDataPlugInUnit=1,vsDataRiPort=D","SubNetwork=ONRM_RootMo_R,SubNetwork=eNODEb,MeContext=0013ML,ManagedElement=1,vsDataEquipment=1,vsDataAuxPlugInUnit=RU-2,vsDataRiPort=DATA_1",0,1,0,0
cm_exp_20180419_145140.xml,2018-04-19T15:13:56Z,Undefined,ONRM_RootMo_R,eNODEb,0013ML,1,1,5,"SubNetwork=ONRM_RootMo_R,SubNetwork=eNODEb,MeContext=0013ML,ManagedElement=1,vsDataEquipment=1,vsDataSubrack=1,vsDataSlot=1,vsDataPlugInUnit=1,vsDataRiPort=E","SubNetwork=ONRM_RootMo_R,SubNetwork=eNODEb,MeContext=0013ML,ManagedElement=1,vsDataEquipment=1,vsDataAuxPlugInUnit=RU-4,vsDataRiPort=DATA_1",0,1,0,0
cm_exp_20180419_145140.xml,2018-04-19T15:13:56Z,Undefined,ONRM_RootMo_R,eNODEb,0013ML,1,1,6,"SubNetwork=ONRM_RootMo_R,SubNetwork=eNODEb,MeContext=0013ML,ManagedElement=1,vsDataEquipment=1,vsDataSubrack=1,vsDataSlot=1,vsDataPlugInUnit=1,vsDataRiPort=F","SubNetwork=ONRM_RootMo_R,SubNetwork=eNODEb,MeContext=0013ML,ManagedElement=1,vsDataEquipment=1,vsDataAuxPlugInUnit=RU-6,vsDataRiPort=DATA_1",0,1,0,0
cm_exp_20180419_145205.xml,2018-04-19T15:13:56Z,Undefined,ONRM_RootMo_R,eNODEb,0017ML,1,1,1,"SubNetwork=ONRM_RootMo_R,SubNetwork=eNODEb,MeContext=0017ML,ManagedElement=1,vsDataEquipment=1,vsDataSubrack=1,vsDataSlot=1,vsDataPlugInUnit=1,vsDataRiPort=A","SubNetwork=ONRM_RootMo_R,SubNetwork=eNODEb,MeContext=0017ML,ManagedElement=1,vsDataEquipment=1,vsDataAuxPlugInUnit=RRU-1,vsDataRiPort=DATA_1",0,1,0,0
cm_exp_20180419_145205.xml,2018-04-19T15:13:56Z,Undefined,ONRM_RootMo_R,eNODEb,0017ML,1,1,2,"SubNetwork=ONRM_RootMo_R,SubNetwork=eNODEb,MeContext=0017ML,ManagedElement=1,vsDataEquipment=1,vsDataSubrack=1,vsDataSlot=1,vsDataPlugInUnit=1,vsDataRiPort=B","SubNetwork=ONRM_RootMo_R,SubNetwork=eNODEb,MeContext=0017ML,ManagedElement=1,vsDataEquipment=1,vsDataAuxPlugInUnit=RRU-2,vsDataRiPort=DATA_1",0,1,0,0
cm_exp_20180419_145205.xml,2018-04-19T15:13:56Z,Undefined,ONRM_RootMo_R,eNODEb,0017ML,1,1,3,"SubNetwork=ONRM_RootMo_R,SubNetwork=eNODEb,MeContext=0017ML,ManagedElement=1,vsDataEquipment=1,vsDataSubrack=1,vsDataSlot=1,vsDataPlugInUnit=1,vsDataRiPort=C","SubNetwork=ONRM_RootMo_R,SubNetwork=eNODEb,MeContext=0017ML,ManagedElement=1,vsDataEquipment=1,vsDataAuxPlugInUnit=RRU-3,vsDataRiPort=DATA_1",0,1,0,0
cm_exp_20180419_145236.xml,2018-04-19T15:13:56Z,Undefined,ONRM_RootMo_R,eNODEb,0021ML,1,1,1,"SubNetwork=ONRM_RootMo_R,SubNetwork=eNODEb,MeContext=0021ML,ManagedElement=1,vsDataEquipment=1,vsDataSubrack=1,vsDataSlot=1,vsDataPlugInUnit=1,vsDataRiPort=A","SubNetwork=ONRM_RootMo_R,SubNetwork=eNODEb,MeContext=0021ML,ManagedElement=1,vsDataEquipment=1,vsDataAuxPlugInUnit=RRU-1,vsDataRiPort=DATA_1",0,1,0,0
cm_exp_20180419_145236.xml,2018-04-19T15:13:56Z,Undefined,ONRM_RootMo_R,eNODEb,0021ML,1,1,2,"SubNetwork=ONRM_RootMo_R,SubNetwork=eNODEb,MeContext=0021ML,ManagedElement=1,vsDataEquipment=1,vsDataSubrack=1,vsDataSlot=1,vsDataPlugInUnit=1,vsDataRiPort=B","SubNetwork=ONRM_RootMo_R,SubNetwork=eNODEb,MeContext=0021ML,ManagedElement=1,vsDataEquipment=1,vsDataAuxPlugInUnit=RRU-2,vsDataRiPort=DATA_1",0,1,0,0
cm_exp_20180419_145236.xml,2018-04-19T15:13:56Z,Undefined,ONRM_RootMo_R,eNODEb,0021ML,1,1,3,"SubNetwork=ONRM_RootMo_R,SubNetwork=eNODEb,MeContext=0021ML,ManagedElement=1,vsDataEquipment=1,vsDataSubrack=1,vsDataSlot=1,vsDataPlugInUnit=1,vsDataRiPort=C","SubNetwork=ONRM_RootMo_R,SubNetwork=eNODEb,MeContext=0021ML,ManagedElement=1,vsDataEquipment=1,vsDataAuxPlugInUnit=RRU-3,vsDataRiPort=DATA_1",0,1,0,0
cm_exp_20180419_145547.xml,2018-04-19T15:13:56Z,Undefined,ONRM_RootMo_R,eNODEb,0024ML,1,1,1,"SubNetwork=ONRM_RootMo_R,SubNetwork=eNODEb,MeContext=0024ML,ManagedElement=1,vsDataEquipment=1,vsDataSubrack=1,vsDataSlot=1,vsDataPlugInUnit=1,vsDataRiPort=A","SubNetwork=ONRM_RootMo_R,SubNetwork=eNODEb,MeContext=0024ML,ManagedElement=1,vsDataEquipment=1,vsDataAuxPlugInUnit=RU-1,vsDataRiPort=DATA_1",0,1,0,0
cm_exp_20180419_145547.xml,2018-04-19T15:13:56Z,Undefined,ONRM_RootMo_R,eNODEb,0024ML,1,1,2,"SubNetwork=ONRM_RootMo_R,SubNetwork=eNODEb,MeContext=0024ML,ManagedElement=1,vsDataEquipment=1,vsDataSubrack=1,vsDataSlot=1,vsDataPlugInUnit=1,vsDataRiPort=B","SubNetwork=ONRM_RootMo_R,SubNetwork=eNODEb,MeContext=0024ML,ManagedElement=1,vsDataEquipment=1,vsDataAuxPlugInUnit=RU-3,vsDataRiPort=DATA_1",0,1,0,0
cm_exp_20180419_145547.xml,2018-04-19T15:13:56Z,Undefined,ONRM_RootMo_R,eNODEb,0024ML,1,1,3,"SubNetwork=ONRM_RootMo_R,SubNetwork=eNODEb,MeContext=0024ML,ManagedElement=1,vsDataEquipment=1,vsDataSubrack=1,vsDataSlot=1,vsDataPlugInUnit=1,vsDataRiPort=C","SubNetwork=ONRM_RootMo_R,SubNetwork=eNODEb,MeContext=0024ML,ManagedElement=1,vsDataEquipment=1,vsDataAuxPlugInUnit=RU-5,vsDataRiPort=DATA_1",0,1,0,0
cm_exp_20180419_145547.xml,2018-04-19T15:13:56Z,Undefined,ONRM_RootMo_R,eNODEb,0024ML,1,1,4,"SubNetwork=ONRM_RootMo_R,SubNetwork=eNODEb,MeContext=0024ML,ManagedElement=1,vsDataEquipment=1,vsDataSubrack=1,vsDataSlot=1,vsDataPlugInUnit=1,vsDataRiPort=D","SubNetwork=ONRM_RootMo_R,SubNetwork=eNODEb,MeContext=0024ML,ManagedElement=1,vsDataEquipment=1,vsDataAuxPlugInUnit=RU-2,vsDataRiPort=DATA_1",0,1,0,0
cm_exp_20180419_145547.xml,2018-04-19T15:13:56Z,Undefined,ONRM_RootMo_R,eNODEb,0024ML,1,1,5,"SubNetwork=ONRM_RootMo_R,SubNetwork=eNODEb,MeContext=0024ML,ManagedElement=1,vsDataEquipment=1,vsDataSubrack=1,vsDataSlot=1,vsDataPlugInUnit=1,vsDataRiPort=E","SubNetwork=ONRM_RootMo_R,SubNetwork=eNODEb,MeContext=0024ML,ManagedElement=1,vsDataEquipment=1,vsDataAuxPlugInUnit=RU-4,vsDataRiPort=DATA_1",0,1,0,0
cm_exp_20180419_145547.xml,2018-04-19T15:13:56Z,Undefined,ONRM_RootMo_R,eNODEb,0024ML,1,1,6,"SubNetwork=ONRM_RootMo_R,SubNetwork=eNODEb,MeContext=0024ML,ManagedElement=1,vsDataEquipment=1,vsDataSubrack=1,vsDataSlot=1,vsDataPlugInUnit=1,vsDataRiPort=F","SubNetwork=ONRM_RootMo_R,SubNetwork=eNODEb,MeContext=0024ML,ManagedElement=1,vsDataEquipment=1,vsDataAuxPlugInUnit=RU-6,vsDataRiPort=DATA_1",0,1,0,0
cm_exp_20180419_145624.xml,2018-04-19T15:13:56Z,Undefined,ONRM_RootMo_R,eNODEb,0074ML,1,1,1,"SubNetwork=ONRM_RootMo_R,SubNetwork=eNODEb,MeContext=0074ML,ManagedElement=1,vsDataEquipment=1,vsDataSubrack=1,vsDataSlot=1,vsDataPlugInUnit=1,vsDataRiPort=A","SubNetwork=ONRM_RootMo_R,SubNetwork=eNODEb,MeContext=0074ML,ManagedElement=1,vsDataEquipment=1,vsDataAuxPlugInUnit=RRU-1,vsDataRiPort=DATA_1",0,1,0,0
cm_exp_20180419_145624.xml,2018-04-19T15:13:56Z,Undefined,ONRM_RootMo_R,eNODEb,0074ML,1,1,2,"SubNetwork=ONRM_RootMo_R,SubNetwork=eNODEb,MeContext=0074ML,ManagedElement=1,vsDataEquipment=1,vsDataSubrack=1,vsDataSlot=1,vsDataPlugInUnit=1,vsDataRiPort=B","SubNetwork=ONRM_RootMo_R,SubNetwork=eNODEb,MeContext=0074ML,ManagedElement=1,vsDataEquipment=1,vsDataAuxPlugInUnit=RRU-2,vsDataRiPort=DATA_1",0,1,0,0
cm_exp_20180419_145624.xml,2018-04-19T15:13:56Z,Undefined,ONRM_RootMo_R,eNODEb,0074ML,1,1,3,"SubNetwork=ONRM_RootMo_R,SubNetwork=eNODEb,MeContext=0074ML,ManagedElement=1,vsDataEquipment=1,vsDataSubrack=1,vsDataSlot=1,vsDataPlugInUnit=1,vsDataRiPort=C","SubNetwork=ONRM_RootMo_R,SubNetwork=eNODEb,MeContext=0074ML,ManagedElement=1,vsDataEquipment=1,vsDataAuxPlugInUnit=RRU-3,vsDataRiPort=DATA_1",0,1,0,0
cm_exp_20180419_145649.xml,2018-04-19T15:13:56Z,Undefined,ONRM_RootMo_R,eNODEb,0082ML,1,1,1,"SubNetwork=ONRM_RootMo_R,SubNetwork=eNODEb,MeContext=0082ML,ManagedElement=1,vsDataEquipment=1,vsDataSubrack=1,vsDataSlot=1,vsDataPlugInUnit=1,vsDataRiPort=A","SubNetwork=ONRM_RootMo_R,SubNetwork=eNODEb,MeContext=0082ML,ManagedElement=1,vsDataEquipment=1,vsDataAuxPlugInUnit=RU-1,vsDataRiPort=DATA_1",0,1,0,0
cm_exp_20180419_145649.xml,2018-04-19T15:13:56Z,Undefined,ONRM_RootMo_R,eNODEb,0082ML,1,1,2,"SubNetwork=ONRM_RootMo_R,SubNetwork=eNODEb,MeContext=0082ML,ManagedElement=1,vsDataEquipment=1,vsDataSubrack=1,vsDataSlot=1,vsDataPlugInUnit=1,vsDataRiPort=B","SubNetwork=ONRM_RootMo_R,SubNetwork=eNODEb,MeContext=0082ML,ManagedElement=1,vsDataEquipment=1,vsDataAuxPlugInUnit=RU-3,vsDataRiPort=DATA_1",0,1,0,0
cm_exp_20180419_145649.xml,2018-04-19T15:13:56Z,Undefined,ONRM_RootMo_R,eNODEb,0082ML,1,1,3,"SubNetwork=ONRM_RootMo_R,SubNetwork=eNODEb,MeContext=0082ML,ManagedElement=1,vsDataEquipment=1,vsDataSubrack=1,vsDataSlot=1,vsDataPlugInUnit=1,vsDataRiPort=C","SubNetwork=ONRM_RootMo_R,SubNetwork=eNODEb,MeContext=0082ML,ManagedElement=1,vsDataEquipment=1,vsDataAuxPlugInUnit=RU-5,vsDataRiPort=DATA_1",0,1,0,0
cm_exp_20180419_145649.xml,2018-04-19T15:13:56Z,Undefined,ONRM_RootMo_R,eNODEb,0082ML,1,1,4,"SubNetwork=ONRM_RootMo_R,SubNetwork=eNODEb,MeContext=0082ML,ManagedElement=1,vsDataEquipment=1,vsDataSubrack=1,vsDataSlot=1,vsDataPlugInUnit=1,vsDataRiPort=D","SubNetwork=ONRM_RootMo_R,SubNetwork=eNODEb,MeContext=0082ML,ManagedElement=1,vsDataEquipment=1,vsDataAuxPlugInUnit=RU-2,vsDataRiPort=DATA_1",0,1,0,0
cm_exp_20180419_145649.xml,2018-04-19T15:13:56Z,Undefined,ONRM_RootMo_R,eNODEb,0082ML,1,1,5,"SubNetwork=ONRM_RootMo_R,SubNetwork=eNODEb,MeContext=0082ML,ManagedElement=1,vsDataEquipment=1,vsDataSubrack=1,vsDataSlot=1,vsDataPlugInUnit=1,vsDataRiPort=E","SubNetwork=ONRM_RootMo_R,SubNetwork=eNODEb,MeContext=0082ML,ManagedElement=1,vsDataEquipment=1,vsDataAuxPlugInUnit=RU-4,vsDataRiPort=DATA_1",0,1,0,0
cm_exp_20180419_145649.xml,2018-04-19T15:13:56Z,Undefined,ONRM_RootMo_R,eNODEb,0082ML,1,1,6,"SubNetwork=ONRM_RootMo_R,SubNetwork=eNODEb,MeContext=0082ML,ManagedElement=1,vsDataEquipment=1,vsDataSubrack=1,vsDataSlot=1,vsDataPlugInUnit=1,vsDataRiPort=F","SubNetwork=ONRM_RootMo_R,SubNetwork=eNODEb,MeContext=0082ML,ManagedElement=1,vsDataEquipment=1,vsDataAuxPlugInUnit=RU-6,vsDataRiPort=DATA_1",0,1,0,0
cm_exp_20180419_145711.xml,2018-04-19T15:13:56Z,Undefined,ONRM_RootMo_R,eNODEb,0091ML,1,1,1,"SubNetwork=ONRM_RootMo_R,SubNetwork=eNODEb,MeContext=0091ML,ManagedElement=1,vsDataEquipment=1,vsDataSubrack=1,vsDataSlot=1,vsDataPlugInUnit=1,vsDataRiPort=A","SubNetwork=ONRM_RootMo_R,SubNetwork=eNODEb,MeContext=0091ML,ManagedElement=1,vsDataEquipment=1,vsDataAuxPlugInUnit=RRU-1,vsDataRiPort=DATA_1",0,1,0,0
cm_exp_20180419_145711.xml,2018-04-19T15:13:56Z,Undefined,ONRM_RootMo_R,eNODEb,0091ML,1,1,2,"SubNetwork=ONRM_RootMo_R,SubNetwork=eNODEb,MeContext=0091ML,ManagedElement=1,vsDataEquipment=1,vsDataSubrack=1,vsDataSlot=1,vsDataPlugInUnit=1,vsDataRiPort=B","SubNetwork=ONRM_RootMo_R,SubNetwork=eNODEb,MeContext=0091ML,ManagedElement=1,vsDataEquipment=1,vsDataAuxPlugInUnit=RRU-2,vsDataRiPort=DATA_1",0,1,0,0
cm_exp_20180419_145711.xml,2018-04-19T15:13:56Z,Undefined,ONRM_RootMo_R,eNODEb,0091ML,1,1,3,"SubNetwork=ONRM_RootMo_R,SubNetwork=eNODEb,MeContext=0091ML,ManagedElement=1,vsDataEquipment=1,vsDataSubrack=1,vsDataSlot=1,vsDataPlugInUnit=1,vsDataRiPort=C","SubNetwork=ONRM_RootMo_R,SubNetwork=eNODEb,MeContext=0091ML,ManagedElement=1,vsDataEquipment=1,vsDataAuxPlugInUnit=RRU-3,vsDataRiPort=DATA_1",0,1,0,0
cm_exp_20180419_145733.xml,2018-04-19T15:13:56Z,Undefined,ONRM_RootMo_R,eNODEb,0099ML,1,1,1,"SubNetwork=ONRM_RootMo_R,SubNetwork=eNODEb,MeContext=0099ML,ManagedElement=1,vsDataEquipment=1,vsDataSubrack=1,vsDataSlot=1,vsDataPlugInUnit=1,vsDataRiPort=A","SubNetwork=ONRM_RootMo_R,SubNetwork=eNODEb,MeContext=0099ML,ManagedElement=1,vsDataEquipment=1,vsDataAuxPlugInUnit=RRU-1,vsDataRiPort=DATA_1",0,1,0,0
cm_exp_20180419_145733.xml,2018-04-19T15:13:56Z,Undefined,ONRM_RootMo_R,eNODEb,0099ML,1,1,2,"SubNetwork=ONRM_RootMo_R,SubNetwork=eNODEb,MeContext=0099ML,ManagedElement=1,vsDataEquipment=1,vsDataSubrack=1,vsDataSlot=1,vsDataPlugInUnit=1,vsDataRiPort=B","SubNetwork=ONRM_RootMo_R,SubNetwork=eNODEb,MeContext=0099ML,ManagedElement=1,vsDataEquipment=1,vsDataAuxPlugInUnit=RRU-2,vsDataRiPort=DATA_1",0,1,0,0
cm_exp_20180419_145733.xml,2018-04-19T15:13:56Z,Undefined,ONRM_RootMo_R,eNODEb,0099ML,1,1,3,"SubNetwork=ONRM_RootMo_R,SubNetwork=eNODEb,MeContext=0099ML,ManagedElement=1,vsDataEquipment=1,vsDataSubrack=1,vsDataSlot=1,vsDataPlugInUnit=1,vsDataRiPort=C","SubNetwork=ONRM_RootMo_R,SubNetwork=eNODEb,MeContext=0099ML,ManagedElement=1,vsDataEquipment=1,vsDataAuxPlugInUnit=RRU-3,vsDataRiPort=DATA_1",0,1,0,0
cm_exp_20180419_145810.xml,2018-04-19T15:13:56Z,Undefined,ONRM_RootMo_R,eNODEb,0106ML,1,1,1,"SubNetwork=ONRM_RootMo_R,SubNetwork=eNODEb,MeContext=0106ML,ManagedElement=1,vsDataEquipment=1,vsDataSubrack=1,vsDataSlot=1,vsDataPlugInUnit=1,vsDataRiPort=A","SubNetwork=ONRM_RootMo_R,SubNetwork=eNODEb,MeContext=0106ML,ManagedElement=1,vsDataEquipment=1,vsDataAuxPlugInUnit=RU-1,vsDataRiPort=DATA_1",0,1,0,0
cm_exp_20180419_145810.xml,2018-04-19T15:13:56Z,Undefined,ONRM_RootMo_R,eNODEb,0106ML,1,1,2,"SubNetwork=ONRM_RootMo_R,SubNetwork=eNODEb,MeContext=0106ML,ManagedElement=1,vsDataEquipment=1,vsDataSubrack=1,vsDataSlot=1,vsDataPlugInUnit=1,vsDataRiPort=B","SubNetwork=ONRM_RootMo_R,SubNetwork=eNODEb,MeContext=0106ML,ManagedElement=1,vsDataEquipment=1,vsDataAuxPlugInUnit=RU-3,vsDataRiPort=DATA_1",0,1,0,0
cm_exp_20180419_145810.xml,2018-04-19T15:13:56Z,Undefined,ONRM_RootMo_R,eNODEb,0106ML,1,1,3,"SubNetwork=ONRM_RootMo_R,SubNetwork=eNODEb,MeContext=0106ML,ManagedElement=1,vsDataEquipment=1,vsDataSubrack=1,vsDataSlot=1,vsDataPlugInUnit=1,vsDataRiPort=C","SubNetwork=ONRM_RootMo_R,SubNetwork=eNODEb,MeContext=0106ML,ManagedElement=1,vsDataEquipment=1,vsDataAuxPlugInUnit=RU-5,vsDataRiPort=DATA_1",0,1,0,0
cm_exp_20180419_145810.xml,2018-04-19T15:13:56Z,Undefined,ONRM_RootMo_R,eNODEb,0106ML,1,1,4,"SubNetwork=ONRM_RootMo_R,SubNetwork=eNODEb,MeContext=0106ML,ManagedElement=1,vsDataEquipment=1,vsDataSubrack=1,vsDataSlot=1,vsDataPlugInUnit=1,vsDataRiPort=D","SubNetwork=ONRM_RootMo_R,SubNetwork=eNODEb,MeContext=0106ML,ManagedElement=1,vsDataEquipment=1,vsDataAuxPlugInUnit=RU-2,vsDataRiPort=DATA_1",0,1,0,0
cm_exp_20180419_145810.xml,2018-04-19T15:13:56Z,Undefined,ONRM_RootMo_R,eNODEb,0106ML,1,1,5,"SubNetwork=ONRM_RootMo_R,SubNetwork=eNODEb,MeContext=0106ML,ManagedElement=1,vsDataEquipment=1,vsDataSubrack=1,vsDataSlot=1,vsDataPlugInUnit=1,vsDataRiPort=E","SubNetwork=ONRM_RootMo_R,SubNetwork=eNODEb,MeContext=0106ML,ManagedElement=1,vsDataEquipment=1,vsDataAuxPlugInUnit=RU-4,vsDataRiPort=DATA_1",0,1,0,0
cm_exp_20180419_145810.xml,2018-04-19T15:13:56Z,Undefined,ONRM_RootMo_R,eNODEb,0106ML,1,1,6,"SubNetwork=ONRM_RootMo_R,SubNetwork=eNODEb,MeContext=0106ML,ManagedElement=1,vsDataEquipment=1,vsDataSubrack=1,vsDataSlot=1,vsDataPlugInUnit=1,vsDataRiPort=F","SubNetwork=ONRM_RootMo_R,SubNetwork=eNODEb,MeContext=0106ML,ManagedElement=1,vsDataEquipment=1,vsDataAuxPlugInUnit=RU-6,vsDataRiPort=DATA_1",0,1,0,0
cm_exp_20180419_145835.xml,2018-04-19T15:13:56Z,Undefined,ONRM_RootMo_R,eNODEb,0119ML,1,1,1,"SubNetwork=ONRM_RootMo_R,SubNetwork=eNODEb,MeContext=0119ML,ManagedElement=1,vsDataEquipment=1,vsDataSubrack=1,vsDataSlot=1,vsDataPlugInUnit=1,vsDataRiPort=A","SubNetwork=ONRM_RootMo_R,SubNetwork=eNODEb,MeContext=0119ML,ManagedElement=1,vsDataEquipment=1,vsDataAuxPlugInUnit=RU-1,vsDataRiPort=DATA_1",0,1,0,0
cm_exp_20180419_145835.xml,2018-04-19T15:13:56Z,Undefined,ONRM_RootMo_R,eNODEb,0119ML,1,1,2,"SubNetwork=ONRM_RootMo_R,SubNetwork=eNODEb,MeContext=0119ML,ManagedElement=1,vsDataEquipment=1,vsDataSubrack=1,vsDataSlot=1,vsDataPlugInUnit=1,vsDataRiPort=B","SubNetwork=ONRM_RootMo_R,SubNetwork=eNODEb,MeContext=0119ML,ManagedElement=1,vsDataEquipment=1,vsDataAuxPlugInUnit=RU-3,vsDataRiPort=DATA_1",0,1,0,0
cm_exp_20180419_145835.xml,2018-04-19T15:13:56Z,Undefined,ONRM_RootMo_R,eNODEb,0119ML,1,1,3,"SubNetwork=ONRM_RootMo_R,SubNetwork=eNODEb,MeContext=0119ML,ManagedElement=1,vsDataEquipment=1,vsDataSubrack=1,vsDataSlot=1,vsDataPlugInUnit=1,vsDataRiPort=C","SubNetwork=ONRM_RootMo_R,SubNetwork=eNODEb,MeContext=0119ML,ManagedElement=1,vsDataEquipment=1,vsDataAuxPlugInUnit=RU-5,vsDataRiPort=DATA_1",0,1,0,0
cm_exp_20180419_145835.xml,2018-04-19T15:13:56Z,Undefined,ONRM_RootMo_R,eNODEb,0119ML,1,1,4,"SubNetwork=ONRM_RootMo_R,SubNetwork=eNODEb,MeContext=0119ML,ManagedElement=1,vsDataEquipment=1,vsDataSubrack=1,vsDataSlot=1,vsDataPlugInUnit=1,vsDataRiPort=D","SubNetwork=ONRM_RootMo_R,SubNetwork=eNODEb,MeContext=0119ML,ManagedElement=1,vsDataEquipment=1,vsDataAuxPlugInUnit=RU-2,vsDataRiPort=DATA_1",0,1,0,0
cm_exp_20180419_145835.xml,2018-04-19T15:13:56Z,Undefined,ONRM_RootMo_R,eNODEb,0119ML,1,1,5,"SubNetwork=ONRM_RootMo_R,SubNetwork=eNODEb,MeContext=0119ML,ManagedElement=1,vsDataEquipment=1,vsDataSubrack=1,vsDataSlot=1,vsDataPlugInUnit=1,vsDataRiPort=E","SubNetwork=ONRM_RootMo_R,SubNetwork=eNODEb,MeContext=0119ML,ManagedElement=1,vsDataEquipment=1,vsDataAuxPlugInUnit=RU-4,vsDataRiPort=DATA_1",0,1,0,0
cm_exp_20180419_145835.xml,2018-04-19T15:13:56Z,Undefined,ONRM_RootMo_R,eNODEb,0119ML,1,1,6,"SubNetwork=ONRM_RootMo_R,SubNetwork=eNODEb,MeContext=0119ML,ManagedElement=1,vsDataEquipment=1,vsDataSubrack=1,vsDataSlot=1,vsDataPlugInUnit=1,vsDataRiPort=F","SubNetwork=ONRM_RootMo_R,SubNetwork=eNODEb,MeContext=0119ML,ManagedElement=1,vsDataEquipment=1,vsDataAuxPlugInUnit=RU-6,vsDataRiPort=DATA_1",0,1,0,0
cm_exp_20180419_145940.xml,2018-04-19T15:13:56Z,Undefined,ONRM_RootMo_R,eNODEb,0138ML,1,1,1,"SubNetwork=ONRM_RootMo_R,SubNetwork=eNODEb,MeContext=0138ML,ManagedElement=1,vsDataEquipment=1,vsDataSubrack=1,vsDataSlot=1,vsDataPlugInUnit=1,vsDataRiPort=A","SubNetwork=ONRM_RootMo_R,SubNetwork=eNODEb,MeContext=0138ML,ManagedElement=1,vsDataEquipment=1,vsDataAuxPlugInUnit=RRU-1,vsDataRiPort=DATA_1",0,1,0,0
cm_exp_20180419_145940.xml,2018-04-19T15:13:56Z,Undefined,ONRM_RootMo_R,eNODEb,0138ML,1,1,2,"SubNetwork=ONRM_RootMo_R,SubNetwork=eNODEb,MeContext=0138ML,ManagedElement=1,vsDataEquipment=1,vsDataSubrack=1,vsDataSlot=1,vsDataPlugInUnit=1,vsDataRiPort=B","SubNetwork=ONRM_RootMo_R,SubNetwork=eNODEb,MeContext=0138ML,ManagedElement=1,vsDataEquipment=1,vsDataAuxPlugInUnit=RRU-2,vsDataRiPort=DATA_1",0,1,0,0
cm_exp_20180419_145940.xml,2018-04-19T15:13:56Z,Undefined,ONRM_RootMo_R,eNODEb,0138ML,1,1,3,"SubNetwork=ONRM_RootMo_R,SubNetwork=eNODEb,MeContext=0138ML,ManagedElement=1,vsDataEquipment=1,vsDataSubrack=1,vsDataSlot=1,vsDataPlugInUnit=1,vsDataRiPort=C","SubNetwork=ONRM_RootMo_R,SubNetwork=eNODEb,MeContext=0138ML,ManagedElement=1,vsDataEquipment=1,vsDataAuxPlugInUnit=RRU-3,vsDataRiPort=DATA_1",0,1,0,0
cm_exp_20180419_150007.xml,2018-04-19T15:13:56Z,Undefined,ONRM_RootMo_R,eNODEb,0150ML,1,1,1,"SubNetwork=ONRM_RootMo_R,SubNetwork=eNODEb,MeContext=0150ML,ManagedElement=1,vsDataEquipment=1,vsDataSubrack=1,vsDataSlot=1,vsDataPlugInUnit=1,vsDataRiPort=A","SubNetwork=ONRM_RootMo_R,SubNetwork=eNODEb,MeContext=0150ML,ManagedElement=1,vsDataEquipment=1,vsDataAuxPlugInUnit=RRU-1,vsDataRiPort=DATA_1",0,1,0,0
cm_exp_20180419_150007.xml,2018-04-19T15:13:56Z,Undefined,ONRM_RootMo_R,eNODEb,0150ML,1,1,2,"SubNetwork=ONRM_RootMo_R,SubNetwork=eNODEb,MeContext=0150ML,ManagedElement=1,vsDataEquipment=1,vsDataSubrack=1,vsDataSlot=1,vsDataPlugInUnit=1,vsDataRiPort=B","SubNetwork=ONRM_RootMo_R,SubNetwork=eNODEb,MeContext=0150ML,ManagedElement=1,vsDataEquipment=1,vsDataAuxPlugInUnit=RRU-2,vsDataRiPort=DATA_1",0,1,0,0
cm_exp_20180419_150007.xml,2018-04-19T15:13:56Z,Undefined,ONRM_RootMo_R,eNODEb,0150ML,1,1,3,"SubNetwork=ONRM_RootMo_R,SubNetwork=eNODEb,MeContext=0150ML,ManagedElement=1,vsDataEquipment=1,vsDataSubrack=1,vsDataSlot=1,vsDataPlugInUnit=1,vsDataRiPort=C","SubNetwork=ONRM_RootMo_R,SubNetwork=eNODEb,MeContext=0150ML,ManagedElement=1,vsDataEquipment=1,vsDataAuxPlugInUnit=RRU-3,vsDataRiPort=DATA_1",0,1,0,0
cm_exp_20180419_150024.xml,2018-04-19T15:13:56Z,Undefined,ONRM_RootMo_R,eNODEb,0154ML,1,1,1,"SubNetwork=ONRM_RootMo_R,SubNetwork=eNODEb,MeContext=0154ML,ManagedElement=1,vsDataEquipment=1,vsDataSubrack=1,vsDataSlot=1,vsDataPlugInUnit=1,vsDataRiPort=A","SubNetwork=ONRM_RootMo_R,SubNetwork=eNODEb,MeContext=0154ML,ManagedElement=1,vsDataEquipment=1,vsDataAuxPlugInUnit=RRU-1,vsDataRiPort=DATA_1",0,1,0,0
cm_exp_20180419_150024.xml,2018-04-19T15:13:56Z,Undefined,ONRM_RootMo_R,eNODEb,0154ML,1,1,2,"SubNetwork=ONRM_RootMo_R,SubNetwork=eNODEb,MeContext=0154ML,ManagedElement=1,vsDataEquipment=1,vsDataSubrack=1,vsDataSlot=1,vsDataPlugInUnit=1,vsDataRiPort=B","SubNetwork=ONRM_RootMo_R,SubNetwork=eNODEb,MeContext=0154ML,ManagedElement=1,vsDataEquipment=1,vsDataAuxPlugInUnit=RRU-2,vsDataRiPort=DATA_1",0,1,0,0
cm_exp_20180419_150024.xml,2018-04-19T15:13:56Z,Undefined,ONRM_RootMo_R,eNODEb,0154ML,1,1,3,"SubNetwork=ONRM_RootMo_R,SubNetwork=eNODEb,MeContext=0154ML,ManagedElement=1,vsDataEquipment=1,vsDataSubrack=1,vsDataSlot=1,vsDataPlugInUnit=1,vsDataRiPort=C","SubNetwork=ONRM_RootMo_R,SubNetwork=eNODEb,MeContext=0154ML,ManagedElement=1,vsDataEquipment=1,vsDataAuxPlugInUnit=RRU-3,vsDataRiPort=DATA_1",0,1,0,0
cm_exp_20180419_150054.xml,2018-04-19T15:13:56Z,Undefined,ONRM_RootMo_R,eNODEb,0196ML,1,1,1,"SubNetwork=ONRM_RootMo_R,SubNetwork=eNODEb,MeContext=0196ML,ManagedElement=1,vsDataEquipment=1,vsDataSubrack=1,vsDataSlot=1,vsDataPlugInUnit=1,vsDataRiPort=A","SubNetwork=ONRM_RootMo_R,SubNetwork=eNODEb,MeContext=0196ML,ManagedElement=1,vsDataEquipment=1,vsDataAuxPlugInUnit=RU-1,vsDataRiPort=DATA_1",0,1,0,0
cm_exp_20180419_150054.xml,2018-04-19T15:13:56Z,Undefined,ONRM_RootMo_R,eNODEb,0196ML,1,1,2,"SubNetwork=ONRM_RootMo_R,SubNetwork=eNODEb,MeContext=0196ML,ManagedElement=1,vsDataEquipment=1,vsDataSubrack=1,vsDataSlot=1,vsDataPlugInUnit=1,vsDataRiPort=B","SubNetwork=ONRM_RootMo_R,SubNetwork=eNODEb,MeContext=0196ML,ManagedElement=1,vsDataEquipment=1,vsDataAuxPlugInUnit=RU-3,vsDataRiPort=DATA_1",0,1,0,0
cm_exp_20180419_150054.xml,2018-04-19T15:13:56Z,Undefined,ONRM_RootMo_R,eNODEb,0196ML,1,1,3,"SubNetwork=ONRM_RootMo_R,SubNetwork=eNODEb,MeContext=0196ML,ManagedElement=1,vsDataEquipment=1,vsDataSubrack=1,vsDataSlot=1,vsDataPlugInUnit=1,vsDataRiPort=C","SubNetwork=ONRM_RootMo_R,SubNetwork=eNODEb,MeContext=0196ML,ManagedElement=1,vsDataEquipment=1,vsDataAuxPlugInUnit=RU-5,vsDataRiPort=DATA_1",0,1,0,0
cm_exp_20180419_150054.xml,2018-04-19T15:13:56Z,Undefined,ONRM_RootMo_R,eNODEb,0196ML,1,1,4,"SubNetwork=ONRM_RootMo_R,SubNetwork=eNODEb,MeContext=0196ML,ManagedElement=1,vsDataEquipment=1,vsDataSubrack=1,vsDataSlot=1,vsDataPlugInUnit=1,vsDataRiPort=D","SubNetwork=ONRM_RootMo_R,SubNetwork=eNODEb,MeContext=0196ML,ManagedElement=1,vsDataEquipment=1,vsDataAuxPlugInUnit=RU-2,vsDataRiPort=DATA_1",0,1,0,0
cm_exp_20180419_150054.xml,2018-04-19T15:13:56Z,Undefined,ONRM_RootMo_R,eNODEb,0196ML,1,1,5,"SubNetwork=ONRM_RootMo_R,SubNetwork=eNODEb,MeContext=0196ML,ManagedElement=1,vsDataEquipment=1,vsDataSubrack=1,vsDataSlot=1,vsDataPlugInUnit=1,vsDataRiPort=E","SubNetwork=ONRM_RootMo_R,SubNetwork=eNODEb,MeContext=0196ML,ManagedElement=1,vsDataEquipment=1,vsDataAuxPlugInUnit=RU-4,vsDataRiPort=DATA_1",0,1,0,0
cm_exp_20180419_150054.xml,2018-04-19T15:13:56Z,Undefined,ONRM_RootMo_R,eNODEb,0196ML,1,1,6,"SubNetwork=ONRM_RootMo_R,SubNetwork=eNODEb,MeContext=0196ML,ManagedElement=1,vsDataEquipment=1,vsDataSubrack=1,vsDataSlot=1,vsDataPlugInUnit=1,vsDataRiPort=F","SubNetwork=ONRM_RootMo_R,SubNetwork=eNODEb,MeContext=0196ML,ManagedElement=1,vsDataEquipment=1,vsDataAuxPlugInUnit=RU-6,vsDataRiPort=DATA_1",0,1,0,0
cm_exp_20180419_150110.xml,2018-04-19T15:13:56Z,Undefined,ONRM_RootMo_R,eNODEb,0198ML,1,1,1,"SubNetwork=ONRM_RootMo_R,SubNetwork=eNODEb,MeContext=0198ML,ManagedElement=1,vsDataEquipment=1,vsDataSubrack=1,vsDataSlot=1,vsDataPlugInUnit=1,vsDataRiPort=A","SubNetwork=ONRM_RootMo_R,SubNetwork=eNODEb,MeContext=0198ML,ManagedElement=1,vsDataEquipment=1,vsDataAuxPlugInUnit=RRU-1,vsDataRiPort=DATA_1",0,1,0,0
cm_exp_20180419_150110.xml,2018-04-19T15:13:56Z,Undefined,ONRM_RootMo_R,eNODEb,0198ML,1,1,2,"SubNetwork=ONRM_RootMo_R,SubNetwork=eNODEb,MeContext=0198ML,ManagedElement=1,vsDataEquipment=1,vsDataSubrack=1,vsDataSlot=1,vsDataPlugInUnit=1,vsDataRiPort=B","SubNetwork=ONRM_RootMo_R,SubNetwork=eNODEb,MeContext=0198ML,ManagedElement=1,vsDataEquipment=1,vsDataAuxPlugInUnit=RRU-2,vsDataRiPort=DATA_1",0,1,0,0
cm_exp_20180419_150110.xml,2018-04-19T15:13:56Z,Undefined,ONRM_RootMo_R,eNODEb,0198ML,1,1,3,"SubNetwork=ONRM_RootMo_R,SubNetwork=eNODEb,MeContext=0198ML,ManagedElement=1,vsDataEquipment=1,vsDataSubrack=1,vsDataSlot=1,vsDataPlugInUnit=1,vsDataRiPort=C","SubNetwork=ONRM_RootMo_R,SubNetwork=eNODEb,MeContext=0198ML,ManagedElement=1,vsDataEquipment=1,vsDataAuxPlugInUnit=RRU-3,vsDataRiPort=DATA_1",0,1,0,0
cm_exp_20180419_150127.xml,2018-04-19T15:13:56Z,Undefined,ONRM_RootMo_R,eNODEb,0204ML,1,1,1,"SubNetwork=ONRM_RootMo_R,SubNetwork=eNODEb,MeContext=0204ML,ManagedElement=1,vsDataEquipment=1,vsDataSubrack=1,vsDataSlot=1,vsDataPlugInUnit=1,vsDataRiPort=A","SubNetwork=ONRM_RootMo_R,SubNetwork=eNODEb,MeContext=0204ML,ManagedElement=1,vsDataEquipment=1,vsDataAuxPlugInUnit=RRU-1,vsDataRiPort=DATA_1",0,1,0,0
cm_exp_20180419_150127.xml,2018-04-19T15:13:56Z,Undefined,ONRM_RootMo_R,eNODEb,0204ML,1,1,2,"SubNetwork=ONRM_RootMo_R,SubNetwork=eNODEb,MeContext=0204ML,ManagedElement=1,vsDataEquipment=1,vsDataSubrack=1,vsDataSlot=1,vsDataPlugInUnit=1,vsDataRiPort=B","SubNetwork=ONRM_RootMo_R,SubNetwork=eNODEb,MeContext=0204ML,ManagedElement=1,vsDataEquipment=1,vsDataAuxPlugInUnit=RRU-2,vsDataRiPort=DATA_1",0,1,0,0
cm_exp_20180419_150127.xml,2018-04-19T15:13:56Z,Undefined,ONRM_RootMo_R,eNODEb,0204ML,1,1,3,"SubNetwork=ONRM_RootMo_R,SubNetwork=eNODEb,MeContext=0204ML,ManagedElement=1,vsDataEquipment=1,vsDataSubrack=1,vsDataSlot=1,vsDataPlugInUnit=1,vsDataRiPort=C","SubNetwork=ONRM_RootMo_R,SubNetwork=eNODEb,MeContext=0204ML,ManagedElement=1,vsDataEquipment=1,vsDataAuxPlugInUnit=RRU-3,vsDataRiPort=DATA_1",0,1,0,0
cm_exp_20180419_150146.xml,2018-04-19T15:13:56Z,Undefined,ONRM_RootMo_R,eNODEb,0205ML,1,1,1,"SubNetwork=ONRM_RootMo_R,SubNetwork=eNODEb,MeContext=0205ML,ManagedElement=1,vsDataEquipment=1,vsDataSubrack=1,vsDataSlot=1,vsDataPlugInUnit=1,vsDataRiPort=A","SubNetwork=ONRM_RootMo_R,SubNetwork=eNODEb,MeContext=0205ML,ManagedElement=1,vsDataEquipment=1,vsDataAuxPlugInUnit=RRU-1,vsDataRiPort=DATA_1",0,1,0,0
cm_exp_20180419_150146.xml,2018-04-19T15:13:56Z,Undefined,ONRM_RootMo_R,eNODEb,0205ML,1,1,2,"SubNetwork=ONRM_RootMo_R,SubNetwork=eNODEb,MeContext=0205ML,ManagedElement=1,vsDataEquipment=1,vsDataSubrack=1,vsDataSlot=1,vsDataPlugInUnit=1,vsDataRiPort=B","SubNetwork=ONRM_RootMo_R,SubNetwork=eNODEb,MeContext=0205ML,ManagedElement=1,vsDataEquipment=1,vsDataAuxPlugInUnit=RRU-2,vsDataRiPort=DATA_1",0,1,0,0
cm_exp_20180419_150146.xml,2018-04-19T15:13:56Z,Undefined,ONRM_RootMo_R,eNODEb,0205ML,1,1,3,"SubNetwork=ONRM_RootMo_R,SubNetwork=eNODEb,MeContext=0205ML,ManagedElement=1,vsDataEquipment=1,vsDataSubrack=1,vsDataSlot=1,vsDataPlugInUnit=1,vsDataRiPort=C","SubNetwork=ONRM_RootMo_R,SubNetwork=eNODEb,MeContext=0205ML,ManagedElement=1,vsDataEquipment=1,vsDataAuxPlugInUnit=RRU-3,vsDataRiPort=DATA_1",0,1,0,0
cm_exp_20180419_150215.xml,2018-04-19T15:13:56Z,Undefined,ONRM_RootMo_R,eNODEb,0225ML,1,1,1,"SubNetwork=ONRM_RootMo_R,SubNetwork=eNODEb,MeContext=0225ML,ManagedElement=1,vsDataEquipment=1,vsDataSubrack=1,vsDataSlot=1,vsDataPlugInUnit=1,vsDataRiPort=A","SubNetwork=ONRM_RootMo_R,SubNetwork=eNODEb,MeContext=0225ML,ManagedElement=1,vsDataEquipment=1,vsDataAuxPlugInUnit=RRU-1,vsDataRiPort=DATA_1",0,1,0,0
cm_exp_20180419_150215.xml,2018-04-19T15:13:56Z,Undefined,ONRM_RootMo_R,eNODEb,0225ML,1,1,2,"SubNetwork=ONRM_RootMo_R,SubNetwork=eNODEb,MeContext=0225ML,ManagedElement=1,vsDataEquipment=1,vsDataSubrack=1,vsDataSlot=1,vsDataPlugInUnit=1,vsDataRiPort=B","SubNetwork=ONRM_RootMo_R,SubNetwork=eNODEb,MeContext=0225ML,ManagedElement=1,vsDataEquipment=1,vsDataAuxPlugInUnit=RRU-2,vsDataRiPort=DATA_1",0,1,0,0
cm_exp_20180419_150215.xml,2018-04-19T15:13:56Z,Undefined,ONRM_RootMo_R,eNODEb,0225ML,1,1,3,"SubNetwork=ONRM_RootMo_R,SubNetwork=eNODEb,MeContext=0225ML,ManagedElement=1,vsDataEquipment=1,vsDataSubrack=1,vsDataSlot=1,vsDataPlugInUnit=1,vsDataRiPort=C","SubNetwork=ONRM_RootMo_R,SubNetwork=eNODEb,MeContext=0225ML,ManagedElement=1,vsDataEquipment=1,vsDataAuxPlugInUnit=RRU-3,vsDataRiPort=DATA_1",0,1,0,0
cm_exp_20180419_150249.xml,2018-04-19T15:13:56Z,Undefined,ONRM_RootMo_R,eNODEb,0230ML,1,1,1,"SubNetwork=ONRM_RootMo_R,SubNetwork=eNODEb,MeContext=0230ML,ManagedElement=1,vsDataEquipment=1,vsDataSubrack=1,vsDataSlot=1,vsDataPlugInUnit=1,vsDataRiPort=A","SubNetwork=ONRM_RootMo_R,SubNetwork=eNODEb,MeContext=0230ML,ManagedElement=1,vsDataEquipment=1,vsDataAuxPlugInUnit=RRU-1,vsDataRiPort=DATA_1",0,1,0,0
cm_exp_20180419_150249.xml,2018-04-19T15:13:56Z,Undefined,ONRM_RootMo_R,eNODEb,0230ML,1,1,2,"SubNetwork=ONRM_RootMo_R,SubNetwork=eNODEb,MeContext=0230ML,ManagedElement=1,vsDataEquipment=1,vsDataSubrack=1,vsDataSlot=1,vsDataPlugInUnit=1,vsDataRiPort=B","SubNetwork=ONRM_RootMo_R,SubNetwork=eNODEb,MeContext=0230ML,ManagedElement=1,vsDataEquipment=1,vsDataAuxPlugInUnit=RRU-2,vsDataRiPort=DATA_1",0,1,0,0
cm_exp_20180419_150249.xml,2018-04-19T15:13:56Z,Undefined,ONRM_RootMo_R,eNODEb,0230ML,1,1,3,"SubNetwork=ONRM_RootMo_R,SubNetwork=eNODEb,MeContext=0230ML,ManagedElement=1,vsDataEquipment=1,vsDataSubrack=1,vsDataSlot=1,vsDataPlugInUnit=1,vsDataRiPort=C","SubNetwork=ONRM_RootMo_R,SubNetwork=eNODEb,MeContext=0230ML,ManagedElement=1,vsDataEquipment=1,vsDataAuxPlugInUnit=RRU-3,vsDataRiPort=DATA_1",0,1,0,0
cm_exp_20180419_150408.xml,2018-04-19T15:13:56Z,Undefined,ONRM_RootMo_R,eNODEb,0230ML,1,1,1,"SubNetwork=ONRM_RootMo_R,SubNetwork=eNODEb,MeContext=0230ML,ManagedElement=1,vsDataEquipment=1,vsDataSubrack=1,vsDataSlot=1,vsDataPlugInUnit=1,vsDataRiPort=A","SubNetwork=ONRM_RootMo_R,SubNetwork=eNODEb,MeContext=0230ML,ManagedElement=1,vsDataEquipment=1,vsDataAuxPlugInUnit=RRU-1,vsDataRiPort=DATA_1",0,1,0,0
cm_exp_20180419_150408.xml,2018-04-19T15:13:56Z,Undefined,ONRM_RootMo_R,eNODEb,0230ML,1,1,2,"SubNetwork=ONRM_RootMo_R,SubNetwork=eNODEb,MeContext=0230ML,ManagedElement=1,vsDataEquipment=1,vsDataSubrack=1,vsDataSlot=1,vsDataPlugInUnit=1,vsDataRiPort=B","SubNetwork=ONRM_RootMo_R,SubNetwork=eNODEb,MeContext=0230ML,ManagedElement=1,vsDataEquipment=1,vsDataAuxPlugInUnit=RRU-2,vsDataRiPort=DATA_1",0,1,0,0
cm_exp_20180419_150408.xml,2018-04-19T15:13:56Z,Undefined,ONRM_RootMo_R,eNODEb,0230ML,1,1,3,"SubNetwork=ONRM_RootMo_R,SubNetwork=eNODEb,MeContext=0230ML,ManagedElement=1,vsDataEquipment=1,vsDataSubrack=1,vsDataSlot=1,vsDataPlugInUnit=1,vsDataRiPort=C","SubNetwork=ONRM_RootMo_R,SubNetwork=eNODEb,MeContext=0230ML,ManagedElement=1,vsDataEquipment=1,vsDataAuxPlugInUnit=RRU-3,vsDataRiPort=DATA_1",0,1,0,0
cm_exp_20180419_150451.xml,2018-04-19T15:13:56Z,Undefined,ONRM_RootMo_R,eNODEb,0243ML,1,1,1,"SubNetwork=ONRM_RootMo_R,SubNetwork=eNODEb,MeContext=0243ML,ManagedElement=1,vsDataEquipment=1,vsDataSubrack=1,vsDataSlot=1,vsDataPlugInUnit=1,vsDataRiPort=A","SubNetwork=ONRM_RootMo_R,SubNetwork=eNODEb,MeContext=0243ML,ManagedElement=1,vsDataEquipment=1,vsDataAuxPlugInUnit=RRU-1,vsDataRiPort=DATA_1",0,1,0,0
cm_exp_20180419_150451.xml,2018-04-19T15:13:56Z,Undefined,ONRM_RootMo_R,eNODEb,0243ML,1,1,2,"SubNetwork=ONRM_RootMo_R,SubNetwork=eNODEb,MeContext=0243ML,ManagedElement=1,vsDataEquipment=1,vsDataSubrack=1,vsDataSlot=1,vsDataPlugInUnit=1,vsDataRiPort=B","SubNetwork=ONRM_RootMo_R,SubNetwork=eNODEb,MeContext=0243ML,ManagedElement=1,vsDataEquipment=1,vsDataAuxPlugInUnit=RRU-2,vsDataRiPort=DATA_1",0,1,0,0
cm_exp_20180419_150451.xml,2018-04-19T15:13:56Z,Undefined,ONRM_RootMo_R,eNODEb,0243ML,1,1,3,"SubNetwork=ONRM_RootMo_R,SubNetwork=eNODEb,MeContext=0243ML,ManagedElement=1,vsDataEquipment=1,vsDataSubrack=1,vsDataSlot=1,vsDataPlugInUnit=1,vsDataRiPort=C","SubNetwork=ONRM_RootMo_R,SubNetwork=eNODEb,MeContext=0243ML,ManagedElement=1,vsDataEquipment=1,vsDataAuxPlugInUnit=RRU-3,vsDataRiPort=DATA_1",0,1,0,0
cm_exp_20180419_150511.xml,2018-04-19T15:13:56Z,Undefined,ONRM_RootMo_R,eNODEb,0250ML,1,1,1,"SubNetwork=ONRM_RootMo_R,SubNetwork=eNODEb,MeContext=0250ML,ManagedElement=1,vsDataEquipment=1,vsDataSubrack=1,vsDataSlot=1,vsDataPlugInUnit=1,vsDataRiPort=A","SubNetwork=ONRM_RootMo_R,SubNetwork=eNODEb,MeContext=0250ML,ManagedElement=1,vsDataEquipment=1,vsDataAuxPlugInUnit=RU-1,vsDataRiPort=DATA_1",0,1,0,0
cm_exp_20180419_150511.xml,2018-04-19T15:13:56Z,Undefined,ONRM_RootMo_R,eNODEb,0250ML,1,1,2,"SubNetwork=ONRM_RootMo_R,SubNetwork=eNODEb,MeContext=0250ML,ManagedElement=1,vsDataEquipment=1,vsDataSubrack=1,vsDataSlot=1,vsDataPlugInUnit=1,vsDataRiPort=B","SubNetwork=ONRM_RootMo_R,SubNetwork=eNODEb,MeContext=0250ML,ManagedElement=1,vsDataEquipment=1,vsDataAuxPlugInUnit=RU-3,vsDataRiPort=DATA_1",0,1,0,0
cm_exp_20180419_150511.xml,2018-04-19T15:13:56Z,Undefined,ONRM_RootMo_R,eNODEb,0250ML,1,1,3,"SubNetwork=ONRM_RootMo_R,SubNetwork=eNODEb,MeContext=0250ML,ManagedElement=1,vsDataEquipment=1,vsDataSubrack=1,vsDataSlot=1,vsDataPlugInUnit=1,vsDataRiPort=C","SubNetwork=ONRM_RootMo_R,SubNetwork=eNODEb,MeContext=0250ML,ManagedElement=1,vsDataEquipment=1,vsDataAuxPlugInUnit=RU-5,vsDataRiPort=DATA_1",0,1,0,0
cm_exp_20180419_150511.xml,2018-04-19T15:13:56Z,Undefined,ONRM_RootMo_R,eNODEb,0250ML,1,1,4,"SubNetwork=ONRM_RootMo_R,SubNetwork=eNODEb,MeContext=0250ML,ManagedElement=1,vsDataEquipment=1,vsDataSubrack=1,vsDataSlot=1,vsDataPlugInUnit=1,vsDataRiPort=D","SubNetwork=ONRM_RootMo_R,SubNetwork=eNODEb,MeContext=0250ML,ManagedElement=1,vsDataEquipment=1,vsDataAuxPlugInUnit=RU-2,vsDataRiPort=DATA_1",0,1,0,0
cm_exp_20180419_150511.xml,2018-04-19T15:13:56Z,Undefined,ONRM_RootMo_R,eNODEb,0250ML,1,1,5,"SubNetwork=ONRM_RootMo_R,SubNetwork=eNODEb,MeContext=0250ML,ManagedElement=1,vsDataEquipment=1,vsDataSubrack=1,vsDataSlot=1,vsDataPlugInUnit=1,vsDataRiPort=E","SubNetwork=ONRM_RootMo_R,SubNetwork=eNODEb,MeContext=0250ML,ManagedElement=1,vsDataEquipment=1,vsDataAuxPlugInUnit=RU-4,vsDataRiPort=DATA_1",0,1,0,0
cm_exp_20180419_150511.xml,2018-04-19T15:13:56Z,Undefined,ONRM_RootMo_R,eNODEb,0250ML,1,1,6,"SubNetwork=ONRM_RootMo_R,SubNetwork=eNODEb,MeContext=0250ML,ManagedElement=1,vsDataEquipment=1,vsDataSubrack=1,vsDataSlot=1,vsDataPlugInUnit=1,vsDataRiPort=F","SubNetwork=ONRM_RootMo_R,SubNetwork=eNODEb,MeContext=0250ML,ManagedElement=1,vsDataEquipment=1,vsDataAuxPlugInUnit=RU-6,vsDataRiPort=DATA_1",0,1,0,0
cm_exp_20180419_150529.xml,2018-04-19T15:13:56Z,Undefined,ONRM_RootMo_R,eNODEb,0255ML,1,1,1,"SubNetwork=ONRM_RootMo_R,SubNetwork=eNODEb,MeContext=0255ML,ManagedElement=1,vsDataEquipment=1,vsDataSubrack=1,vsDataSlot=1,vsDataPlugInUnit=1,vsDataRiPort=A","SubNetwork=ONRM_RootMo_R,SubNetwork=eNODEb,MeContext=0255ML,ManagedElement=1,vsDataEquipment=1,vsDataAuxPlugInUnit=RRU-1,vsDataRiPort=DATA_1",0,1,0,0
cm_exp_20180419_150529.xml,2018-04-19T15:13:56Z,Undefined,ONRM_RootMo_R,eNODEb,0255ML,1,1,2,"SubNetwork=ONRM_RootMo_R,SubNetwork=eNODEb,MeContext=0255ML,ManagedElement=1,vsDataEquipment=1,vsDataSubrack=1,vsDataSlot=1,vsDataPlugInUnit=1,vsDataRiPort=B","SubNetwork=ONRM_RootMo_R,SubNetwork=eNODEb,MeContext=0255ML,ManagedElement=1,vsDataEquipment=1,vsDataAuxPlugInUnit=RRU-2,vsDataRiPort=DATA_1",0,1,0,0
cm_exp_20180419_150529.xml,2018-04-19T15:13:56Z,Undefined,ONRM_RootMo_R,eNODEb,0255ML,1,1,3,"SubNetwork=ONRM_RootMo_R,SubNetwork=eNODEb,MeContext=0255ML,ManagedElement=1,vsDataEquipment=1,vsDataSubrack=1,vsDataSlot=1,vsDataPlugInUnit=1,vsDataRiPort=C","SubNetwork=ONRM_RootMo_R,SubNetwork=eNODEb,MeContext=0255ML,ManagedElement=1,vsDataEquipment=1,vsDataAuxPlugInUnit=RRU-3,vsDataRiPort=DATA_1",0,1,0,0
cm_exp_20180419_150554.xml,2018-04-19T15:13:56Z,Undefined,ONRM_RootMo_R,eNODEb,0270ML,1,1,1,"SubNetwork=ONRM_RootMo_R,SubNetwork=eNODEb,MeContext=0270ML,ManagedElement=1,vsDataEquipment=1,vsDataSubrack=1,vsDataSlot=1,vsDataPlugInUnit=1,vsDataRiPort=A","SubNetwork=ONRM_RootMo_R,SubNetwork=eNODEb,MeContext=0270ML,ManagedElement=1,vsDataEquipment=1,vsDataAuxPlugInUnit=RRU-1,vsDataRiPort=DATA_1",0,1,0,0
cm_exp_20180419_150554.xml,2018-04-19T15:13:56Z,Undefined,ONRM_RootMo_R,eNODEb,0270ML,1,1,2,"SubNetwork=ONRM_RootMo_R,SubNetwork=eNODEb,MeContext=0270ML,ManagedElement=1,vsDataEquipment=1,vsDataSubrack=1,vsDataSlot=1,vsDataPlugInUnit=1,vsDataRiPort=B","SubNetwork=ONRM_RootMo_R,SubNetwork=eNODEb,MeContext=0270ML,ManagedElement=1,vsDataEquipment=1,vsDataAuxPlugInUnit=RRU-2,vsDataRiPort=DATA_1",0,1,0,0
cm_exp_20180419_150554.xml,2018-04-19T15:13:56Z,Undefined,ONRM_RootMo_R,eNODEb,0270ML,1,1,3,"SubNetwork=ONRM_RootMo_R,SubNetwork=eNODEb,MeContext=0270ML,ManagedElement=1,vsDataEquipment=1,vsDataSubrack=1,vsDataSlot=1,vsDataPlugInUnit=1,vsDataRiPort=C","SubNetwork=ONRM_RootMo_R,SubNetwork=eNODEb,MeContext=0270ML,ManagedElement=1,vsDataEquipment=1,vsDataAuxPlugInUnit=RRU-3,vsDataRiPort=DATA_1",0,1,0,0
cm_exp_20180419_150618.xml,2018-04-19T15:13:56Z,Undefined,ONRM_RootMo_R,eNODEb,0304ML,1,1,1,"SubNetwork=ONRM_RootMo_R,SubNetwork=eNODEb,MeContext=0304ML,ManagedElement=1,vsDataEquipment=1,vsDataSubrack=1,vsDataSlot=1,vsDataPlugInUnit=1,vsDataRiPort=A","SubNetwork=ONRM_RootMo_R,SubNetwork=eNODEb,MeContext=0304ML,ManagedElement=1,vsDataEquipment=1,vsDataAuxPlugInUnit=RRU-1,vsDataRiPort=DATA_1",0,1,0,0
cm_exp_20180419_150618.xml,2018-04-19T15:13:56Z,Undefined,ONRM_RootMo_R,eNODEb,0304ML,1,1,2,"SubNetwork=ONRM_RootMo_R,SubNetwork=eNODEb,MeContext=0304ML,ManagedElement=1,vsDataEquipment=1,vsDataSubrack=1,vsDataSlot=1,vsDataPlugInUnit=1,vsDataRiPort=B","SubNetwork=ONRM_RootMo_R,SubNetwork=eNODEb,MeContext=0304ML,ManagedElement=1,vsDataEquipment=1,vsDataAuxPlugInUnit=RRU-2,vsDataRiPort=DATA_1",0,1,0,0
cm_exp_20180419_150618.xml,2018-04-19T15:13:56Z,Undefined,ONRM_RootMo_R,eNODEb,0304ML,1,1,3,"SubNetwork=ONRM_RootMo_R,SubNetwork=eNODEb,MeContext=0304ML,ManagedElement=1,vsDataEquipment=1,vsDataSubrack=1,vsDataSlot=1,vsDataPlugInUnit=1,vsDataRiPort=C","SubNetwork=ONRM_RootMo_R,SubNetwork=eNODEb,MeContext=0304ML,ManagedElement=1,vsDataEquipment=1,vsDataAuxPlugInUnit=RRU-3,vsDataRiPort=DATA_1",0,1,0,0
cm_exp_20180419_150643.xml,2018-04-19T15:13:56Z,Undefined,ONRM_RootMo_R,eNODEb,0312ML,1,1,1,"SubNetwork=ONRM_RootMo_R,SubNetwork=eNODEb,MeContext=0312ML,ManagedElement=1,vsDataEquipment=1,vsDataSubrack=1,vsDataSlot=1,vsDataPlugInUnit=1,vsDataRiPort=A","SubNetwork=ONRM_RootMo_R,SubNetwork=eNODEb,MeContext=0312ML,ManagedElement=1,vsDataEquipment=1,vsDataAuxPlugInUnit=RRU-1,vsDataRiPort=DATA_1",0,1,0,0
cm_exp_20180419_150643.xml,2018-04-19T15:13:56Z,Undefined,ONRM_RootMo_R,eNODEb,0312ML,1,1,2,"SubNetwork=ONRM_RootMo_R,SubNetwork=eNODEb,MeContext=0312ML,ManagedElement=1,vsDataEquipment=1,vsDataSubrack=1,vsDataSlot=1,vsDataPlugInUnit=1,vsDataRiPort=B","SubNetwork=ONRM_RootMo_R,SubNetwork=eNODEb,MeContext=0312ML,ManagedElement=1,vsDataEquipment=1,vsDataAuxPlugInUnit=RRU-2,vsDataRiPort=DATA_1",0,1,0,0
cm_exp_20180419_150643.xml,2018-04-19T15:13:56Z,Undefined,ONRM_RootMo_R,eNODEb,0312ML,1,1,3,"SubNetwork=ONRM_RootMo_R,SubNetwork=eNODEb,MeContext=0312ML,ManagedElement=1,vsDataEquipment=1,vsDataSubrack=1,vsDataSlot=1,vsDataPlugInUnit=1,vsDataRiPort=C","SubNetwork=ONRM_RootMo_R,SubNetwork=eNODEb,MeContext=0312ML,ManagedElement=1,vsDataEquipment=1,vsDataAuxPlugInUnit=RRU-3,vsDataRiPort=DATA_1",0,1,0,0
cm_exp_20180419_150750.xml,2018-04-19T15:13:56Z,Undefined,ONRM_RootMo_R,eNODEb,0370ML,1,1,1,"SubNetwork=ONRM_RootMo_R,SubNetwork=eNODEb,MeContext=0370ML,ManagedElement=1,vsDataEquipment=1,vsDataSubrack=1,vsDataSlot=1,vsDataPlugInUnit=1,vsDataRiPort=A","SubNetwork=ONRM_RootMo_R,SubNetwork=eNODEb,MeContext=0370ML,ManagedElement=1,vsDataEquipment=1,vsDataAuxPlugInUnit=RRU-1,vsDataRiPort=DATA_1",0,1,0,0
cm_exp_20180419_150750.xml,2018-04-19T15:13:56Z,Undefined,ONRM_RootMo_R,eNODEb,0370ML,1,1,2,"SubNetwork=ONRM_RootMo_R,SubNetwork=eNODEb,MeContext=0370ML,ManagedElement=1,vsDataEquipment=1,vsDataSubrack=1,vsDataSlot=1,vsDataPlugInUnit=1,vsDataRiPort=B","SubNetwork=ONRM_RootMo_R,SubNetwork=eNODEb,MeContext=0370ML,ManagedElement=1,vsDataEquipment=1,vsDataAuxPlugInUnit=RRU-2,vsDataRiPort=DATA_1",0,1,0,0
cm_exp_20180419_150750.xml,2018-04-19T15:13:56Z,Undefined,ONRM_RootMo_R,eNODEb,0370ML,1,1,3,"SubNetwork=ONRM_RootMo_R,SubNetwork=eNODEb,MeContext=0370ML,ManagedElement=1,vsDataEquipment=1,vsDataSubrack=1,vsDataSlot=1,vsDataPlugInUnit=1,vsDataRiPort=C","SubNetwork=ONRM_RootMo_R,SubNetwork=eNODEb,MeContext=0370ML,ManagedElement=1,vsDataEquipment=1,vsDataAuxPlugInUnit=RRU-3,vsDataRiPort=DATA_1",0,1,0,0
cm_exp_20180419_150814.xml,2018-04-19T15:13:56Z,Undefined,ONRM_RootMo_R,eNODEb,0378ML,1,1,1,"SubNetwork=ONRM_RootMo_R,SubNetwork=eNODEb,MeContext=0378ML,ManagedElement=1,vsDataEquipment=1,vsDataSubrack=1,vsDataSlot=1,vsDataPlugInUnit=1,vsDataRiPort=A","SubNetwork=ONRM_RootMo_R,SubNetwork=eNODEb,MeContext=0378ML,ManagedElement=1,vsDataEquipment=1,vsDataAuxPlugInUnit=RRU-1,vsDataRiPort=DATA_1",0,1,0,0
cm_exp_20180419_150814.xml,2018-04-19T15:13:56Z,Undefined,ONRM_RootMo_R,eNODEb,0378ML,1,1,2,"SubNetwork=ONRM_RootMo_R,SubNetwork=eNODEb,MeContext=0378ML,ManagedElement=1,vsDataEquipment=1,vsDataSubrack=1,vsDataSlot=1,vsDataPlugInUnit=1,vsDataRiPort=B","SubNetwork=ONRM_RootMo_R,SubNetwork=eNODEb,MeContext=0378ML,ManagedElement=1,vsDataEquipment=1,vsDataAuxPlugInUnit=RRU-2,vsDataRiPort=DATA_1",0,1,0,0
cm_exp_20180419_150814.xml,2018-04-19T15:13:56Z,Undefined,ONRM_RootMo_R,eNODEb,0378ML,1,1,3,"SubNetwork=ONRM_RootMo_R,SubNetwork=eNODEb,MeContext=0378ML,ManagedElement=1,vsDataEquipment=1,vsDataSubrack=1,vsDataSlot=1,vsDataPlugInUnit=1,vsDataRiPort=C","SubNetwork=ONRM_RootMo_R,SubNetwork=eNODEb,MeContext=0378ML,ManagedElement=1,vsDataEquipment=1,vsDataAuxPlugInUnit=RRU-3,vsDataRiPort=DATA_1",0,1,0,0
cm_exp_20180419_150846.xml,2018-04-19T15:13:56Z,Undefined,ONRM_RootMo_R,eNODEb,0380ML,1,1,1,"SubNetwork=ONRM_RootMo_R,SubNetwork=eNODEb,MeContext=0380ML,ManagedElement=1,vsDataEquipment=1,vsDataSubrack=1,vsDataSlot=1,vsDataPlugInUnit=1,vsDataRiPort=A","SubNetwork=ONRM_RootMo_R,SubNetwork=eNODEb,MeContext=0380ML,ManagedElement=1,vsDataEquipment=1,vsDataAuxPlugInUnit=RU-1,vsDataRiPort=DATA_1",0,1,0,0
cm_exp_20180419_150846.xml,2018-04-19T15:13:56Z,Undefined,ONRM_RootMo_R,eNODEb,0380ML,1,1,2,"SubNetwork=ONRM_RootMo_R,SubNetwork=eNODEb,MeContext=0380ML,ManagedElement=1,vsDataEquipment=1,vsDataSubrack=1,vsDataSlot=1,vsDataPlugInUnit=1,vsDataRiPort=B","SubNetwork=ONRM_RootMo_R,SubNetwork=eNODEb,MeContext=0380ML,ManagedElement=1,vsDataEquipment=1,vsDataAuxPlugInUnit=RU-3,vsDataRiPort=DATA_1",0,1,0,0
cm_exp_20180419_150846.xml,2018-04-19T15:13:56Z,Undefined,ONRM_RootMo_R,eNODEb,0380ML,1,1,3,"SubNetwork=ONRM_RootMo_R,SubNetwork=eNODEb,MeContext=0380ML,ManagedElement=1,vsDataEquipment=1,vsDataSubrack=1,vsDataSlot=1,vsDataPlugInUnit=1,vsDataRiPort=C","SubNetwork=ONRM_RootMo_R,SubNetwork=eNODEb,MeContext=0380ML,ManagedElement=1,vsDataEquipment=1,vsDataAuxPlugInUnit=RU-5,vsDataRiPort=DATA_1",0,1,0,0
cm_exp_20180419_150846.xml,2018-04-19T15:13:56Z,Undefined,ONRM_RootMo_R,eNODEb,0380ML,1,1,4,"SubNetwork=ONRM_RootMo_R,SubNetwork=eNODEb,MeContext=0380ML,ManagedElement=1,vsDataEquipment=1,vsDataSubrack=1,vsDataSlot=1,vsDataPlugInUnit=1,vsDataRiPort=D","SubNetwork=ONRM_RootMo_R,SubNetwork=eNODEb,MeContext=0380ML,ManagedElement=1,vsDataEquipment=1,vsDataAuxPlugInUnit=RU-2,vsDataRiPort=DATA_1",0,1,0,0
cm_exp_20180419_150846.xml,2018-04-19T15:13:56Z,Undefined,ONRM_RootMo_R,eNODEb,0380ML,1,1,5,"SubNetwork=ONRM_RootMo_R,SubNetwork=eNODEb,MeContext=0380ML,ManagedElement=1,vsDataEquipment=1,vsDataSubrack=1,vsDataSlot=1,vsDataPlugInUnit=1,vsDataRiPort=E","SubNetwork=ONRM_RootMo_R,SubNetwork=eNODEb,MeContext=0380ML,ManagedElement=1,vsDataEquipment=1,vsDataAuxPlugInUnit=RU-4,vsDataRiPort=DATA_1",0,1,0,0
cm_exp_20180419_150846.xml,2018-04-19T15:13:56Z,Undefined,ONRM_RootMo_R,eNODEb,0380ML,1,1,6,"SubNetwork=ONRM_RootMo_R,SubNetwork=eNODEb,MeContext=0380ML,ManagedElement=1,vsDataEquipment=1,vsDataSubrack=1,vsDataSlot=1,vsDataPlugInUnit=1,vsDataRiPort=F","SubNetwork=ONRM_RootMo_R,SubNetwork=eNODEb,MeContext=0380ML,ManagedElement=1,vsDataEquipment=1,vsDataAuxPlugInUnit=RU-6,vsDataRiPort=DATA_1",0,1,0,0
cm_exp_20180419_150917.xml,2018-04-19T15:13:56Z,Undefined,ONRM_RootMo_R,eNODEb,0430ML,1,1,1,"SubNetwork=ONRM_RootMo_R,SubNetwork=eNODEb,MeContext=0430ML,ManagedElement=1,vsDataEquipment=1,vsDataSubrack=1,vsDataSlot=1,vsDataPlugInUnit=1,vsDataRiPort=A","SubNetwork=ONRM_RootMo_R,SubNetwork=eNODEb,MeContext=0430ML,ManagedElement=1,vsDataEquipment=1,vsDataAuxPlugInUnit=RRU-1,vsDataRiPort=DATA_1",0,1,0,0
cm_exp_20180419_150917.xml,2018-04-19T15:13:56Z,Undefined,ONRM_RootMo_R,eNODEb,0430ML,1,1,2,"SubNetwork=ONRM_RootMo_R,SubNetwork=eNODEb,MeContext=0430ML,ManagedElement=1,vsDataEquipment=1,vsDataSubrack=1,vsDataSlot=1,vsDataPlugInUnit=1,vsDataRiPort=B","SubNetwork=ONRM_RootMo_R,SubNetwork=eNODEb,MeContext=0430ML,ManagedElement=1,vsDataEquipment=1,vsDataAuxPlugInUnit=RRU-2,vsDataRiPort=DATA_1",0,1,0,0
cm_exp_20180419_150917.xml,2018-04-19T15:13:56Z,Undefined,ONRM_RootMo_R,eNODEb,0430ML,1,1,3,"SubNetwork=ONRM_RootMo_R,SubNetwork=eNODEb,MeContext=0430ML,ManagedElement=1,vsDataEquipment=1,vsDataSubrack=1,vsDataSlot=1,vsDataPlugInUnit=1,vsDataRiPort=C","SubNetwork=ONRM_RootMo_R,SubNetwork=eNODEb,MeContext=0430ML,ManagedElement=1,vsDataEquipment=1,vsDataAuxPlugInUnit=RRU-3,vsDataRiPort=DATA_1",0,1,0,0
cm_exp_20180419_150943.xml,2018-04-19T15:13:56Z,Undefined,ONRM_RootMo_R,eNODEb,0445ML,1,1,1,"SubNetwork=ONRM_RootMo_R,SubNetwork=eNODEb,MeContext=0445ML,ManagedElement=1,vsDataEquipment=1,vsDataSubrack=1,vsDataSlot=1,vsDataPlugInUnit=1,vsDataRiPort=A","SubNetwork=ONRM_RootMo_R,SubNetwork=eNODEb,MeContext=0445ML,ManagedElement=1,vsDataEquipment=1,vsDataAuxPlugInUnit=RU-1,vsDataRiPort=DATA_1",0,1,0,0
cm_exp_20180419_150943.xml,2018-04-19T15:13:56Z,Undefined,ONRM_RootMo_R,eNODEb,0445ML,1,1,2,"SubNetwork=ONRM_RootMo_R,SubNetwork=eNODEb,MeContext=0445ML,ManagedElement=1,vsDataEquipment=1,vsDataSubrack=1,vsDataSlot=1,vsDataPlugInUnit=1,vsDataRiPort=B","SubNetwork=ONRM_RootMo_R,SubNetwork=eNODEb,MeContext=0445ML,ManagedElement=1,vsDataEquipment=1,vsDataAuxPlugInUnit=RU-3,vsDataRiPort=DATA_1",0,1,0,0
cm_exp_20180419_150943.xml,2018-04-19T15:13:56Z,Undefined,ONRM_RootMo_R,eNODEb,0445ML,1,1,3,"SubNetwork=ONRM_RootMo_R,SubNetwork=eNODEb,MeContext=0445ML,ManagedElement=1,vsDataEquipment=1,vsDataSubrack=1,vsDataSlot=1,vsDataPlugInUnit=1,vsDataRiPort=C","SubNetwork=ONRM_RootMo_R,SubNetwork=eNODEb,MeContext=0445ML,ManagedElement=1,vsDataEquipment=1,vsDataAuxPlugInUnit=RU-5,vsDataRiPort=DATA_1",0,1,0,0
cm_exp_20180419_150943.xml,2018-04-19T15:13:56Z,Undefined,ONRM_RootMo_R,eNODEb,0445ML,1,1,4,"SubNetwork=ONRM_RootMo_R,SubNetwork=eNODEb,MeContext=0445ML,ManagedElement=1,vsDataEquipment=1,vsDataSubrack=1,vsDataSlot=1,vsDataPlugInUnit=1,vsDataRiPort=D","SubNetwork=ONRM_RootMo_R,SubNetwork=eNODEb,MeContext=0445ML,ManagedElement=1,vsDataEquipment=1,vsDataAuxPlugInUnit=RU-2,vsDataRiPort=DATA_1",0,1,0,0
cm_exp_20180419_150943.xml,2018-04-19T15:13:56Z,Undefined,ONRM_RootMo_R,eNODEb,0445ML,1,1,5,"SubNetwork=ONRM_RootMo_R,SubNetwork=eNODEb,MeContext=0445ML,ManagedElement=1,vsDataEquipment=1,vsDataSubrack=1,vsDataSlot=1,vsDataPlugInUnit=1,vsDataRiPort=E","SubNetwork=ONRM_RootMo_R,SubNetwork=eNODEb,MeContext=0445ML,ManagedElement=1,vsDataEquipment=1,vsDataAuxPlugInUnit=RU-4,vsDataRiPort=DATA_1",0,1,0,0
cm_exp_20180419_150943.xml,2018-04-19T15:13:56Z,Undefined,ONRM_RootMo_R,eNODEb,0445ML,1,1,6,"SubNetwork=ONRM_RootMo_R,SubNetwork=eNODEb,MeContext=0445ML,ManagedElement=1,vsDataEquipment=1,vsDataSubrack=1,vsDataSlot=1,vsDataPlugInUnit=1,vsDataRiPort=F","SubNetwork=ONRM_RootMo_R,SubNetwork=eNODEb,MeContext=0445ML,ManagedElement=1,vsDataEquipment=1,vsDataAuxPlugInUnit=RU-6,vsDataRiPort=DATA_1",0,1,0,0
cm_exp_20180419_151002.xml,2018-04-19T15:13:56Z,Undefined,ONRM_RootMo_R,eNODEb,0447ML,1,1,1,"SubNetwork=ONRM_RootMo_R,SubNetwork=eNODEb,MeContext=0447ML,ManagedElement=1,vsDataEquipment=1,vsDataSubrack=1,vsDataSlot=1,vsDataPlugInUnit=1,vsDataRiPort=A","SubNetwork=ONRM_RootMo_R,SubNetwork=eNODEb,MeContext=0447ML,ManagedElement=1,vsDataEquipment=1,vsDataAuxPlugInUnit=RRU-1,vsDataRiPort=DATA_1",0,1,0,0
cm_exp_20180419_151002.xml,2018-04-19T15:13:56Z,Undefined,ONRM_RootMo_R,eNODEb,0447ML,1,1,2,"SubNetwork=ONRM_RootMo_R,SubNetwork=eNODEb,MeContext=0447ML,ManagedElement=1,vsDataEquipment=1,vsDataSubrack=1,vsDataSlot=1,vsDataPlugInUnit=1,vsDataRiPort=B","SubNetwork=ONRM_RootMo_R,SubNetwork=eNODEb,MeContext=0447ML,ManagedElement=1,vsDataEquipment=1,vsDataAuxPlugInUnit=RRU-2,vsDataRiPort=DATA_1",0,1,0,0
cm_exp_20180419_151002.xml,2018-04-19T15:13:56Z,Undefined,ONRM_RootMo_R,eNODEb,0447ML,1,1,3,"SubNetwork=ONRM_RootMo_R,SubNetwork=eNODEb,MeContext=0447ML,ManagedElement=1,vsDataEquipment=1,vsDataSubrack=1,vsDataSlot=1,vsDataPlugInUnit=1,vsDataRiPort=C","SubNetwork=ONRM_RootMo_R,SubNetwork=eNODEb,MeContext=0447ML,ManagedElement=1,vsDataEquipment=1,vsDataAuxPlugInUnit=RRU-3,vsDataRiPort=DATA_1",0,1,0,0
cm_exp_20180419_151042.xml,2018-04-19T15:13:56Z,Undefined,ONRM_RootMo_R,eNODEb,0468ML,1,1,1,"SubNetwork=ONRM_RootMo_R,SubNetwork=eNODEb,MeContext=0468ML,ManagedElement=1,vsDataEquipment=1,vsDataSubrack=1,vsDataSlot=1,vsDataPlugInUnit=1,vsDataRiPort=A","SubNetwork=ONRM_RootMo_R,SubNetwork=eNODEb,MeContext=0468ML,ManagedElement=1,vsDataEquipment=1,vsDataAuxPlugInUnit=RU-1,vsDataRiPort=DATA_1",2,0,0,0
cm_exp_20180419_151042.xml,2018-04-19T15:13:56Z,Undefined,ONRM_RootMo_R,eNODEb,0468ML,1,1,2,"SubNetwork=ONRM_RootMo_R,SubNetwork=eNODEb,MeContext=0468ML,ManagedElement=1,vsDataEquipment=1,vsDataSubrack=1,vsDataSlot=1,vsDataPlugInUnit=1,vsDataRiPort=B","SubNetwork=ONRM_RootMo_R,SubNetwork=eNODEb,MeContext=0468ML,ManagedElement=1,vsDataEquipment=1,vsDataAuxPlugInUnit=RU-3,vsDataRiPort=DATA_1",0,1,0,0
cm_exp_20180419_151042.xml,2018-04-19T15:13:56Z,Undefined,ONRM_RootMo_R,eNODEb,0468ML,1,1,3,"SubNetwork=ONRM_RootMo_R,SubNetwork=eNODEb,MeContext=0468ML,ManagedElement=1,vsDataEquipment=1,vsDataSubrack=1,vsDataSlot=1,vsDataPlugInUnit=1,vsDataRiPort=C","SubNetwork=ONRM_RootMo_R,SubNetwork=eNODEb,MeContext=0468ML,ManagedElement=1,vsDataEquipment=1,vsDataAuxPlugInUnit=RU-5,vsDataRiPort=DATA_1",0,1,0,0
cm_exp_20180419_151042.xml,2018-04-19T15:13:56Z,Undefined,ONRM_RootMo_R,eNODEb,0468ML,1,1,4,"SubNetwork=ONRM_RootMo_R,SubNetwork=eNODEb,MeContext=0468ML,ManagedElement=1,vsDataEquipment=1,vsDataSubrack=1,vsDataSlot=1,vsDataPlugInUnit=1,vsDataRiPort=D","SubNetwork=ONRM_RootMo_R,SubNetwork=eNODEb,MeContext=0468ML,ManagedElement=1,vsDataEquipment=1,vsDataAuxPlugInUnit=RU-2,vsDataRiPort=DATA_1",0,1,0,0
cm_exp_20180419_151042.xml,2018-04-19T15:13:56Z,Undefined,ONRM_RootMo_R,eNODEb,0468ML,1,1,5,"SubNetwork=ONRM_RootMo_R,SubNetwork=eNODEb,MeContext=0468ML,ManagedElement=1,vsDataEquipment=1,vsDataSubrack=1,vsDataSlot=1,vsDataPlugInUnit=1,vsDataRiPort=E","SubNetwork=ONRM_RootMo_R,SubNetwork=eNODEb,MeContext=0468ML,ManagedElement=1,vsDataEquipment=1,vsDataAuxPlugInUnit=RU-4,vsDataRiPort=DATA_1",0,1,0,0
cm_exp_20180419_151042.xml,2018-04-19T15:13:56Z,Undefined,ONRM_RootMo_R,eNODEb,0468ML,1,1,6,"SubNetwork=ONRM_RootMo_R,SubNetwork=eNODEb,MeContext=0468ML,ManagedElement=1,vsDataEquipment=1,vsDataSubrack=1,vsDataSlot=1,vsDataPlugInUnit=1,vsDataRiPort=F","SubNetwork=ONRM_RootMo_R,SubNetwork=eNODEb,MeContext=0468ML,ManagedElement=1,vsDataEquipment=1,vsDataAuxPlugInUnit=RU-6,vsDataRiPort=DATA_1",0,1,0,0
cm_exp_20180419_151106.xml,2018-04-19T15:13:56Z,Undefined,ONRM_RootMo_R,eNODEb,0474ML,1,1,1,"SubNetwork=ONRM_RootMo_R,SubNetwork=eNODEb,MeContext=0474ML,ManagedElement=1,vsDataEquipment=1,vsDataSubrack=1,vsDataSlot=1,vsDataPlugInUnit=1,vsDataRiPort=A","SubNetwork=ONRM_RootMo_R,SubNetwork=eNODEb,MeContext=0474ML,ManagedElement=1,vsDataEquipment=1,vsDataRbsSubrack=1,vsDataRbsSlot=1,vsDataAuxPlugInUnit=RU-1-1,vsDataRiPort=DATA_1",0,1,0,0
cm_exp_20180419_151106.xml,2018-04-19T15:13:56Z,Undefined,ONRM_RootMo_R,eNODEb,0474ML,1,1,2,"SubNetwork=ONRM_RootMo_R,SubNetwork=eNODEb,MeContext=0474ML,ManagedElement=1,vsDataEquipment=1,vsDataSubrack=1,vsDataSlot=1,vsDataPlugInUnit=1,vsDataRiPort=B","SubNetwork=ONRM_RootMo_R,SubNetwork=eNODEb,MeContext=0474ML,ManagedElement=1,vsDataEquipment=1,vsDataRbsSubrack=1,vsDataRbsSlot=2,vsDataAuxPlugInUnit=RU-1-2,vsDataRiPort=DATA_1",0,1,0,0
cm_exp_20180419_151106.xml,2018-04-19T15:13:56Z,Undefined,ONRM_RootMo_R,eNODEb,0474ML,1,1,3,"SubNetwork=ONRM_RootMo_R,SubNetwork=eNODEb,MeContext=0474ML,ManagedElement=1,vsDataEquipment=1,vsDataSubrack=1,vsDataSlot=1,vsDataPlugInUnit=1,vsDataRiPort=C","SubNetwork=ONRM_RootMo_R,SubNetwork=eNODEb,MeContext=0474ML,ManagedElement=1,vsDataEquipment=1,vsDataRbsSubrack=1,vsDataRbsSlot=3,vsDataAuxPlugInUnit=RU-1-3,vsDataRiPort=DATA_1",0,1,0,0
cm_exp_20180419_151217.xml,2018-04-19T15:13:56Z,Undefined,ONRM_RootMo_R,eNODEb,0573ML,1,1,1,"SubNetwork=ONRM_RootMo_R,SubNetwork=eNODEb,MeContext=0573ML,ManagedElement=1,vsDataEquipment=1,vsDataSubrack=1,vsDataSlot=1,vsDataPlugInUnit=1,vsDataRiPort=A","SubNetwork=ONRM_RootMo_R,SubNetwork=eNODEb,MeContext=0573ML,ManagedElement=1,vsDataEquipment=1,vsDataAuxPlugInUnit=RRU-1,vsDataRiPort=DATA_1",0,1,0,0
cm_exp_20180419_151217.xml,2018-04-19T15:13:56Z,Undefined,ONRM_RootMo_R,eNODEb,0573ML,1,1,2,"SubNetwork=ONRM_RootMo_R,SubNetwork=eNODEb,MeContext=0573ML,ManagedElement=1,vsDataEquipment=1,vsDataSubrack=1,vsDataSlot=1,vsDataPlugInUnit=1,vsDataRiPort=B","SubNetwork=ONRM_RootMo_R,SubNetwork=eNODEb,MeContext=0573ML,ManagedElement=1,vsDataEquipment=1,vsDataAuxPlugInUnit=RRU-3,vsDataRiPort=DATA_1",0,1,0,0
cm_exp_20180419_151217.xml,2018-04-19T15:13:56Z,Undefined,ONRM_RootMo_R,eNODEb,0573ML,1,1,3,"SubNetwork=ONRM_RootMo_R,SubNetwork=eNODEb,MeContext=0573ML,ManagedElement=1,vsDataEquipment=1,vsDataSubrack=1,vsDataSlot=1,vsDataPlugInUnit=1,vsDataRiPort=C","SubNetwork=ONRM_RootMo_R,SubNetwork=eNODEb,MeContext=0573ML,ManagedElement=1,vsDataEquipment=1,vsDataAuxPlugInUnit=RRU-5,vsDataRiPort=DATA_1",0,1,0,0
cm_exp_20180419_151217.xml,2018-04-19T15:13:56Z,Undefined,ONRM_RootMo_R,eNODEb,0573ML,1,1,4,"SubNetwork=ONRM_RootMo_R,SubNetwork=eNODEb,MeContext=0573ML,ManagedElement=1,vsDataEquipment=1,vsDataSubrack=1,vsDataSlot=1,vsDataPlugInUnit=1,vsDataRiPort=D","SubNetwork=ONRM_RootMo_R,SubNetwork=eNODEb,MeContext=0573ML,ManagedElement=1,vsDataEquipment=1,vsDataAuxPlugInUnit=RRU-2,vsDataRiPort=DATA_1",0,1,0,0
cm_exp_20180419_151217.xml,2018-04-19T15:13:56Z,Undefined,ONRM_RootMo_R,eNODEb,0573ML,1,1,5,"SubNetwork=ONRM_RootMo_R,SubNetwork=eNODEb,MeContext=0573ML,ManagedElement=1,vsDataEquipment=1,vsDataSubrack=1,vsDataSlot=1,vsDataPlugInUnit=1,vsDataRiPort=E","SubNetwork=ONRM_RootMo_R,SubNetwork=eNODEb,MeContext=0573ML,ManagedElement=1,vsDataEquipment=1,vsDataAuxPlugInUnit=RRU-4,vsDataRiPort=DATA_1",0,1,0,0
cm_exp_20180419_151217.xml,2018-04-19T15:13:56Z,Undefined,ONRM_RootMo_R,eNODEb,0573ML,1,1,6,"SubNetwork=ONRM_RootMo_R,SubNetwork=eNODEb,MeContext=0573ML,ManagedElement=1,vsDataEquipment=1,vsDataSubrack=1,vsDataSlot=1,vsDataPlugInUnit=1,vsDataRiPort=F","SubNetwork=ONRM_RootMo_R,SubNetwork=eNODEb,MeContext=0573ML,ManagedElement=1,vsDataEquipment=1,vsDataAuxPlugInUnit=RRU-6,vsDataRiPort=DATA_1",0,1,0,0
cm_exp_20180419_151236.xml,2018-04-19T15:13:56Z,Undefined,ONRM_RootMo_R,eNODEb,0620ML,1,1,1,"SubNetwork=ONRM_RootMo_R,SubNetwork=eNODEb,MeContext=0620ML,ManagedElement=1,vsDataEquipment=1,vsDataSubrack=1,vsDataSlot=1,vsDataPlugInUnit=1,vsDataRiPort=A","SubNetwork=ONRM_RootMo_R,SubNetwork=eNODEb,MeContext=0620ML,ManagedElement=1,vsDataEquipment=1,vsDataAuxPlugInUnit=RRU-1,vsDataRiPort=DATA_1",0,1,0,0
cm_exp_20180419_151236.xml,2018-04-19T15:13:56Z,Undefined,ONRM_RootMo_R,eNODEb,0620ML,1,1,2,"SubNetwork=ONRM_RootMo_R,SubNetwork=eNODEb,MeContext=0620ML,ManagedElement=1,vsDataEquipment=1,vsDataSubrack=1,vsDataSlot=1,vsDataPlugInUnit=1,vsDataRiPort=B","SubNetwork=ONRM_RootMo_R,SubNetwork=eNODEb,MeContext=0620ML,ManagedElement=1,vsDataEquipment=1,vsDataAuxPlugInUnit=RRU-3,vsDataRiPort=DATA_1",0,1,0,0
cm_exp_20180419_151236.xml,2018-04-19T15:13:56Z,Undefined,ONRM_RootMo_R,eNODEb,0620ML,1,1,3,"SubNetwork=ONRM_RootMo_R,SubNetwork=eNODEb,MeContext=0620ML,ManagedElement=1,vsDataEquipment=1,vsDataSubrack=1,vsDataSlot=1,vsDataPlugInUnit=1,vsDataRiPort=C","SubNetwork=ONRM_RootMo_R,SubNetwork=eNODEb,MeContext=0620ML,ManagedElement=1,vsDataEquipment=1,vsDataAuxPlugInUnit=RRU-5,vsDataRiPort=DATA_1",0,1,0,0
cm_exp_20180419_151236.xml,2018-04-19T15:13:56Z,Undefined,ONRM_RootMo_R,eNODEb,0620ML,1,1,4,"SubNetwork=ONRM_RootMo_R,SubNetwork=eNODEb,MeContext=0620ML,ManagedElement=1,vsDataEquipment=1,vsDataSubrack=1,vsDataSlot=1,vsDataPlugInUnit=1,vsDataRiPort=D","SubNetwork=ONRM_RootMo_R,SubNetwork=eNODEb,MeContext=0620ML,ManagedElement=1,vsDataEquipment=1,vsDataAuxPlugInUnit=RRU-2,vsDataRiPort=DATA_1",0,1,0,0
cm_exp_20180419_151236.xml,2018-04-19T15:13:56Z,Undefined,ONRM_RootMo_R,eNODEb,0620ML,1,1,5,"SubNetwork=ONRM_RootMo_R,SubNetwork=eNODEb,MeContext=0620ML,ManagedElement=1,vsDataEquipment=1,vsDataSubrack=1,vsDataSlot=1,vsDataPlugInUnit=1,vsDataRiPort=E","SubNetwork=ONRM_RootMo_R,SubNetwork=eNODEb,MeContext=0620ML,ManagedElement=1,vsDataEquipment=1,vsDataAuxPlugInUnit=RRU-4,vsDataRiPort=DATA_1",0,1,0,0
cm_exp_20180419_151236.xml,2018-04-19T15:13:56Z,Undefined,ONRM_RootMo_R,eNODEb,0620ML,1,1,6,"SubNetwork=ONRM_RootMo_R,SubNetwork=eNODEb,MeContext=0620ML,ManagedElement=1,vsDataEquipment=1,vsDataSubrack=1,vsDataSlot=1,vsDataPlugInUnit=1,vsDataRiPort=F","SubNetwork=ONRM_RootMo_R,SubNetwork=eNODEb,MeContext=0620ML,ManagedElement=1,vsDataEquipment=1,vsDataAuxPlugInUnit=RRU-6,vsDataRiPort=DATA_1",0,1,0,0
cm_exp_20180419_151301.xml,2018-04-19T15:13:56Z,Undefined,ONRM_RootMo_R,eNODEb,0876ML,1,1,1,"SubNetwork=ONRM_RootMo_R,SubNetwork=eNODEb,MeContext=0876ML,ManagedElement=1,vsDataEquipment=1,vsDataSubrack=1,vsDataSlot=1,vsDataPlugInUnit=1,vsDataRiPort=A","SubNetwork=ONRM_RootMo_R,SubNetwork=eNODEb,MeContext=0876ML,ManagedElement=1,vsDataEquipment=1,vsDataAuxPlugInUnit=RRU-1,vsDataRiPort=DATA_1",0,1,0,0
cm_exp_20180419_151301.xml,2018-04-19T15:13:56Z,Undefined,ONRM_RootMo_R,eNODEb,0876ML,1,1,2,"SubNetwork=ONRM_RootMo_R,SubNetwork=eNODEb,MeContext=0876ML,ManagedElement=1,vsDataEquipment=1,vsDataSubrack=1,vsDataSlot=1,vsDataPlugInUnit=1,vsDataRiPort=B","SubNetwork=ONRM_RootMo_R,SubNetwork=eNODEb,MeContext=0876ML,ManagedElement=1,vsDataEquipment=1,vsDataAuxPlugInUnit=RRU-3,vsDataRiPort=DATA_1",0,1,0,0
cm_exp_20180419_151301.xml,2018-04-19T15:13:56Z,Undefined,ONRM_RootMo_R,eNODEb,0876ML,1,1,3,"SubNetwork=ONRM_RootMo_R,SubNetwork=eNODEb,MeContext=0876ML,ManagedElement=1,vsDataEquipment=1,vsDataSubrack=1,vsDataSlot=1,vsDataPlugInUnit=1,vsDataRiPort=C","SubNetwork=ONRM_RootMo_R,SubNetwork=eNODEb,MeContext=0876ML,ManagedElement=1,vsDataEquipment=1,vsDataAuxPlugInUnit=RRU-5,vsDataRiPort=DATA_1",0,1,0,0
cm_exp_20180419_151301.xml,2018-04-19T15:13:56Z,Undefined,ONRM_RootMo_R,eNODEb,0876ML,1,1,4,"SubNetwork=ONRM_RootMo_R,SubNetwork=eNODEb,MeContext=0876ML,ManagedElement=1,vsDataEquipment=1,vsDataSubrack=1,vsDataSlot=1,vsDataPlugInUnit=1,vsDataRiPort=D","SubNetwork=ONRM_RootMo_R,SubNetwork=eNODEb,MeContext=0876ML,ManagedElement=1,vsDataEquipment=1,vsDataAuxPlugInUnit=RRU-2,vsDataRiPort=DATA_1",0,1,0,0
cm_exp_20180419_151301.xml,2018-04-19T15:13:56Z,Undefined,ONRM_RootMo_R,eNODEb,0876ML,1,1,5,"SubNetwork=ONRM_RootMo_R,SubNetwork=eNODEb,MeContext=0876ML,ManagedElement=1,vsDataEquipment=1,vsDataSubrack=1,vsDataSlot=1,vsDataPlugInUnit=1,vsDataRiPort=E","SubNetwork=ONRM_RootMo_R,SubNetwork=eNODEb,MeContext=0876ML,ManagedElement=1,vsDataEquipment=1,vsDataAuxPlugInUnit=RRU-4,vsDataRiPort=DATA_1",0,1,0,0
cm_exp_20180419_151301.xml,2018-04-19T15:13:56Z,Undefined,ONRM_RootMo_R,eNODEb,0876ML,1,1,6,"SubNetwork=ONRM_RootMo_R,SubNetwork=eNODEb,MeContext=0876ML,ManagedElement=1,vsDataEquipment=1,vsDataSubrack=1,vsDataSlot=1,vsDataPlugInUnit=1,vsDataRiPort=F","SubNetwork=ONRM_RootMo_R,SubNetwork=eNODEb,MeContext=0876ML,ManagedElement=1,vsDataEquipment=1,vsDataAuxPlugInUnit=RRU-6,vsDataRiPort=DATA_1",0,1,0,0
cm_exp_20180419_151348.xml,2018-04-19T15:13:56Z,Undefined,ONRM_RootMo_R,eNODEb,0983ML,1,1,1,"SubNetwork=ONRM_RootMo_R,SubNetwork=eNODEb,MeContext=0983ML,ManagedElement=1,vsDataEquipment=1,vsDataSubrack=1,vsDataSlot=1,vsDataPlugInUnit=1,vsDataRiPort=A","SubNetwork=ONRM_RootMo_R,SubNetwork=eNODEb,MeContext=0983ML,ManagedElement=1,vsDataEquipment=1,vsDataAuxPlugInUnit=RRU-1,vsDataRiPort=DATA_1",0,1,0,0
cm_exp_20180419_151348.xml,2018-04-19T15:13:56Z,Undefined,ONRM_RootMo_R,eNODEb,0983ML,1,1,2,"SubNetwork=ONRM_RootMo_R,SubNetwork=eNODEb,MeContext=0983ML,ManagedElement=1,vsDataEquipment=1,vsDataSubrack=1,vsDataSlot=1,vsDataPlugInUnit=1,vsDataRiPort=B","SubNetwork=ONRM_RootMo_R,SubNetwork=eNODEb,MeContext=0983ML,ManagedElement=1,vsDataEquipment=1,vsDataAuxPlugInUnit=RRU-2,vsDataRiPort=DATA_1",0,1,0,0
cm_exp_20180419_151348.xml,2018-04-19T15:13:56Z,Undefined,ONRM_RootMo_R,eNODEb,0983ML,1,1,3,"SubNetwork=ONRM_RootMo_R,SubNetwork=eNODEb,MeContext=0983ML,ManagedElement=1,vsDataEquipment=1,vsDataSubrack=1,vsDataSlot=1,vsDataPlugInUnit=1,vsDataRiPort=C","SubNetwork=ONRM_RootMo_R,SubNetwork=eNODEb,MeContext=0983ML,ManagedElement=1,vsDataEquipment=1,vsDataAuxPlugInUnit=RRU-3,vsDataRiPort=DATA_1",0,1,0,0
