FileName,varDateTime,configData_dnPrefix,SubNetwork_id,SubNetwork_2_id,MeContext_id,ManagedElement_id,vsDataENodeBFunction_id,vsDataEUtranCellFDD_id,vsDataEUtranFreqRelation_id,eutranFreqToQciProfileRelation,blackListEntryIdleMode,cellReselectionPriority,pMax,qRxLevMin,tReselectionEutra,tReselectionEutraSfHigh,tReselectionEutraSfMedium,userLabel,allowedMeasBandwidth,presenceAntennaPort1,qOffsetFreq,threshXHigh,threshXLow,allowedPlmnList,adjacentFreq,connectedModeMobilityPrio,createdBy,lastModification,mobilityAction,timeOfCreation,timeOfLastModification,qQualMin,threshXHighQ,threshXLowQ,neighCellConfig,voicePrio,blackListEntry,interFreqMeasType,lbBnrPolicy,lbActivationThreshold,anrMeasOn,caTriggeredRedirectionActive,arpPrio,nonPlannedPhysCellIdRange,nonPlannedPciTargetIdType,nonPlannedPhysCellId,nonPlannedPciCIO,a5Thr1RsrqFreqOffset,a5Thr1RsrpFreqOffset,a5Thr2RsrpFreqOffset,a5Thr2RsrqFreqOffset,candNeighborRel,atoAllowed,cellSleepCovCellMeasOn,hybridCsgPhysCellId,hybridCsgPhysCellIdRange,csgPhysCellId,interFreqMeasTypeUlSinr,csgPhysCellIdRange,csgCellTargetIdType,amoAllowed
cm_exp_20180419_145031.xml,2018-04-19T15:13:56Z,Undefined,ONRM_RootMo_R,eNODEb,0003ML,1,1,0003MLA,1627,,,7,1000,-124,2,50,75,,50,false,0,4,0,,"SubNetwork=ONRM_RootMo_R,FreqManagement=1,EUtranFrequency=1627",7,2,2,1,2015-10-28 10:42:37,2016-11-10 13:40:26,-22,2,0,1,0,,0,1,0,true,true,0,1,0,1000,0,0,0,0,0,,false,true,1000,1,1000,0,1,0,true
cm_exp_20180419_145031.xml,2018-04-19T15:13:56Z,Undefined,ONRM_RootMo_R,eNODEb,0003ML,1,1,0003MLB,1627,,,7,1000,-124,2,50,75,,50,false,0,4,0,,"SubNetwork=ONRM_RootMo_R,FreqManagement=1,EUtranFrequency=1627",7,2,2,1,2015-10-28 10:42:37,2016-11-10 13:40:26,-22,2,0,1,0,,0,1,0,true,true,0,1,0,1000,0,0,0,0,0,,false,true,1000,1,1000,0,1,0,true
cm_exp_20180419_145031.xml,2018-04-19T15:13:56Z,Undefined,ONRM_RootMo_R,eNODEb,0003ML,1,1,0003MLC,1627,,,7,1000,-124,2,50,75,,50,false,0,4,0,,"SubNetwork=ONRM_RootMo_R,FreqManagement=1,EUtranFrequency=1627",7,2,2,1,2015-10-28 10:42:38,2016-11-10 13:40:26,-22,2,0,1,0,,0,1,0,true,true,0,1,0,1000,0,0,0,0,0,,false,true,1000,1,1000,0,1,0,true
cm_exp_20180419_145108.xml,2018-04-19T15:13:56Z,Undefined,ONRM_RootMo_R,eNODEb,0009ML,1,1,0009MLA,1627,,,7,1000,-124,2,50,75,,50,false,0,4,0,,"SubNetwork=ONRM_RootMo_R,FreqManagement=1,EUtranFrequency=1627",7,2,2,1,2016-06-13 15:31:12,2016-11-10 13:40:27,-22,2,0,1,0,,0,1,0,true,true,0,1,0,1000,0,0,0,0,0,,false,true,1000,1,1000,0,1,0,true
cm_exp_20180419_145108.xml,2018-04-19T15:13:56Z,Undefined,ONRM_RootMo_R,eNODEb,0009ML,1,1,0009MLB,1627,,,7,1000,-124,2,50,75,,50,false,0,4,0,,"SubNetwork=ONRM_RootMo_R,FreqManagement=1,EUtranFrequency=1627",7,2,2,1,2016-06-13 15:31:13,2016-11-10 13:40:27,-22,2,0,1,0,,0,1,0,true,true,0,1,0,1000,0,0,0,0,0,,false,true,1000,1,1000,0,1,0,true
cm_exp_20180419_145108.xml,2018-04-19T15:13:56Z,Undefined,ONRM_RootMo_R,eNODEb,0009ML,1,1,0009MLC,1627,,,7,1000,-124,2,50,75,,50,false,0,4,0,,"SubNetwork=ONRM_RootMo_R,FreqManagement=1,EUtranFrequency=1627",7,2,2,1,2016-06-13 15:31:14,2016-11-10 13:40:27,-22,2,0,1,0,,0,1,0,true,true,0,1,0,1000,0,0,0,0,0,,false,true,1000,1,1000,0,1,0,true
cm_exp_20180419_145140.xml,2018-04-19T15:13:56Z,Undefined,ONRM_RootMo_R,eNODEb,0013ML,1,1,0013MLA,1627,,,7,1000,-124,2,50,75,,50,false,0,4,0,,"SubNetwork=ONRM_RootMo_R,FreqManagement=1,EUtranFrequency=1627",7,2,2,1,2015-01-15 11:04:35,2016-11-10 13:40:25,-22,2,0,1,0,,0,1,0,true,true,0,1,0,1000,0,0,0,0,0,,false,true,1000,1,1000,0,1,0,true
cm_exp_20180419_145140.xml,2018-04-19T15:13:56Z,Undefined,ONRM_RootMo_R,eNODEb,0013ML,1,1,0013MLB,1627,,,7,1000,-124,2,50,75,,50,false,0,4,0,,"SubNetwork=ONRM_RootMo_R,FreqManagement=1,EUtranFrequency=1627",7,2,2,1,2015-01-15 11:04:37,2016-11-10 13:40:25,-22,2,0,1,0,,0,1,0,true,true,0,1,0,1000,0,0,0,0,0,,false,true,1000,1,1000,0,1,0,true
cm_exp_20180419_145140.xml,2018-04-19T15:13:56Z,Undefined,ONRM_RootMo_R,eNODEb,0013ML,1,1,0013MLC,1627,,,7,1000,-124,2,50,75,,50,false,0,4,0,,"SubNetwork=ONRM_RootMo_R,FreqManagement=1,EUtranFrequency=1627",7,2,2,1,2015-01-15 11:04:39,2016-11-10 13:40:25,-22,2,0,1,0,,0,1,0,true,true,0,1,0,1000,0,0,0,0,0,,false,true,1000,1,1000,0,1,0,true
cm_exp_20180419_145205.xml,2018-04-19T15:13:56Z,Undefined,ONRM_RootMo_R,eNODEb,0017ML,1,1,0017MLA,1627,,,7,1000,-124,2,50,75,,50,false,0,4,0,,"SubNetwork=ONRM_RootMo_R,FreqManagement=1,EUtranFrequency=1627",7,2,2,1,2016-05-10 14:05:08,2016-11-10 13:40:26,-22,2,0,1,0,,0,1,0,true,true,0,1,0,1000,0,0,0,0,0,,false,true,1000,1,1000,0,1,0,true
cm_exp_20180419_145205.xml,2018-04-19T15:13:56Z,Undefined,ONRM_RootMo_R,eNODEb,0017ML,1,1,0017MLB,1627,,,7,1000,-124,2,50,75,,50,false,0,4,0,,"SubNetwork=ONRM_RootMo_R,FreqManagement=1,EUtranFrequency=1627",7,2,2,1,2016-05-10 14:05:09,2016-11-10 13:40:26,-22,2,0,1,0,,0,1,0,true,true,0,1,0,1000,0,0,0,0,0,,false,true,1000,1,1000,0,1,0,true
cm_exp_20180419_145205.xml,2018-04-19T15:13:56Z,Undefined,ONRM_RootMo_R,eNODEb,0017ML,1,1,0017MLC,1627,,,7,1000,-124,2,50,75,,50,false,0,4,0,,"SubNetwork=ONRM_RootMo_R,FreqManagement=1,EUtranFrequency=1627",7,2,2,1,2016-05-10 14:05:10,2016-11-10 13:40:26,-22,2,0,1,0,,0,1,0,true,true,0,1,0,1000,0,0,0,0,0,,false,true,1000,1,1000,0,1,0,true
cm_exp_20180419_145236.xml,2018-04-19T15:13:56Z,Undefined,ONRM_RootMo_R,eNODEb,0021ML,1,1,0021MLA,1627,,,7,1000,-124,2,100,100,,50,false,0,4,0,,"SubNetwork=ONRM_RootMo_R,FreqManagement=1,EUtranFrequency=1627",7,2,2,1,2016-07-08 12:48:11,2018-02-14 11:35:40,-22,2,0,1,0,,0,1,0,true,true,0,1,0,1000,0,0,0,0,0,,false,true,1000,1,1000,0,1,0,true
cm_exp_20180419_145236.xml,2018-04-19T15:13:56Z,Undefined,ONRM_RootMo_R,eNODEb,0021ML,1,1,0021MLB,1627,,,7,1000,-124,2,100,100,,50,false,0,4,0,,"SubNetwork=ONRM_RootMo_R,FreqManagement=1,EUtranFrequency=1627",7,2,2,1,2016-07-08 12:48:13,2018-02-14 11:35:40,-22,2,0,1,0,,0,1,0,true,true,0,1,0,1000,0,0,0,0,0,,false,true,1000,1,1000,0,1,0,true
cm_exp_20180419_145236.xml,2018-04-19T15:13:56Z,Undefined,ONRM_RootMo_R,eNODEb,0021ML,1,1,0021MLC,1627,,,7,1000,-124,2,100,100,,50,false,0,4,0,,"SubNetwork=ONRM_RootMo_R,FreqManagement=1,EUtranFrequency=1627",7,2,2,1,2016-07-08 12:48:15,2018-02-14 11:35:40,-22,2,0,1,0,,0,1,0,true,true,0,1,0,1000,0,0,0,0,0,,false,true,1000,1,1000,0,1,0,true
cm_exp_20180419_145547.xml,2018-04-19T15:13:56Z,Undefined,ONRM_RootMo_R,eNODEb,0024ML,1,1,0024MLA,1627,,,7,1000,-124,2,50,75,,50,false,0,4,0,,"SubNetwork=ONRM_RootMo_R,FreqManagement=1,EUtranFrequency=1627",7,2,2,1,2015-10-07 13:54:07,2016-11-10 13:40:59,-22,2,0,1,0,,0,1,0,true,true,0,1,0,1000,0,0,0,0,0,,false,true,1000,1,1000,0,1,0,true
cm_exp_20180419_145547.xml,2018-04-19T15:13:56Z,Undefined,ONRM_RootMo_R,eNODEb,0024ML,1,1,0024MLB,1627,,,7,1000,-124,2,50,75,,50,false,0,4,0,,"SubNetwork=ONRM_RootMo_R,FreqManagement=1,EUtranFrequency=1627",7,2,2,1,2015-10-07 13:54:09,2016-11-10 13:40:59,-22,2,0,1,0,,0,1,0,true,true,0,1,0,1000,0,0,0,0,0,,false,true,1000,1,1000,0,1,0,true
cm_exp_20180419_145547.xml,2018-04-19T15:13:56Z,Undefined,ONRM_RootMo_R,eNODEb,0024ML,1,1,0024MLC,1627,,,7,1000,-124,2,50,75,,50,false,0,4,0,,"SubNetwork=ONRM_RootMo_R,FreqManagement=1,EUtranFrequency=1627",7,2,2,1,2015-10-07 13:54:10,2016-11-10 13:40:59,-22,2,0,1,0,,0,1,0,true,true,0,1,0,1000,0,0,0,0,0,,false,true,1000,1,1000,0,1,0,true
cm_exp_20180419_145624.xml,2018-04-19T15:13:56Z,Undefined,ONRM_RootMo_R,eNODEb,0074ML,1,1,0074MLA,1627,,,7,1000,-124,2,50,75,,50,false,0,4,0,,"SubNetwork=ONRM_RootMo_R,FreqManagement=1,EUtranFrequency=1627",7,2,2,1,2016-07-20 10:11:44,2016-11-10 13:42:33,-22,2,0,1,0,,0,1,0,true,true,0,1,0,1000,0,0,0,0,0,,false,true,1000,1,1000,0,1,0,true
cm_exp_20180419_145624.xml,2018-04-19T15:13:56Z,Undefined,ONRM_RootMo_R,eNODEb,0074ML,1,1,0074MLB,1627,,,7,1000,-124,2,50,75,,50,false,0,4,0,,"SubNetwork=ONRM_RootMo_R,FreqManagement=1,EUtranFrequency=1627",7,2,2,1,2016-07-20 10:11:45,2016-11-10 13:42:33,-22,2,0,1,0,,0,1,0,true,true,0,1,0,1000,0,0,0,0,0,,false,true,1000,1,1000,0,1,0,true
cm_exp_20180419_145624.xml,2018-04-19T15:13:56Z,Undefined,ONRM_RootMo_R,eNODEb,0074ML,1,1,0074MLC,1627,,,7,1000,-124,2,50,75,,50,false,0,4,0,,"SubNetwork=ONRM_RootMo_R,FreqManagement=1,EUtranFrequency=1627",7,2,2,1,2016-07-20 10:11:46,2016-11-10 13:42:33,-22,2,0,1,0,,0,1,0,true,true,0,1,0,1000,0,0,0,0,0,,false,true,1000,1,1000,0,1,0,true
cm_exp_20180419_145649.xml,2018-04-19T15:13:56Z,Undefined,ONRM_RootMo_R,eNODEb,0082ML,1,1,0082MLA,1627,,,7,1000,-124,2,50,75,,50,false,0,4,0,,"SubNetwork=ONRM_RootMo_R,FreqManagement=1,EUtranFrequency=1627",7,2,2,1,2015-10-12 16:27:30,2016-11-10 13:42:40,-22,2,0,1,0,,0,1,0,true,true,0,1,0,1000,0,0,0,0,0,,false,true,1000,1,1000,0,1,0,true
cm_exp_20180419_145649.xml,2018-04-19T15:13:56Z,Undefined,ONRM_RootMo_R,eNODEb,0082ML,1,1,0082MLB,1627,,,7,1000,-124,2,50,75,,50,false,0,4,0,,"SubNetwork=ONRM_RootMo_R,FreqManagement=1,EUtranFrequency=1627",7,2,2,1,2015-10-12 16:27:33,2016-11-10 13:42:40,-22,2,0,1,0,,0,1,0,true,true,0,1,0,1000,0,0,0,0,0,,false,true,1000,1,1000,0,1,0,true
cm_exp_20180419_145649.xml,2018-04-19T15:13:56Z,Undefined,ONRM_RootMo_R,eNODEb,0082ML,1,1,0082MLC,1627,,,7,1000,-124,2,50,75,,50,false,0,4,0,,"SubNetwork=ONRM_RootMo_R,FreqManagement=1,EUtranFrequency=1627",7,2,2,1,2015-10-12 16:27:36,2016-11-10 13:42:40,-22,2,0,1,0,,0,1,0,true,true,0,1,0,1000,0,0,0,0,0,,false,true,1000,1,1000,0,1,0,true
cm_exp_20180419_145711.xml,2018-04-19T15:13:56Z,Undefined,ONRM_RootMo_R,eNODEb,0091ML,1,1,0091MLA,1627,,,7,1000,-124,2,50,75,,50,false,0,4,0,,"SubNetwork=ONRM_RootMo_R,FreqManagement=1,EUtranFrequency=1627",7,2,2,1,2015-10-28 13:00:49,2016-11-10 13:42:55,-22,2,0,1,0,,0,1,0,true,true,0,1,0,1000,0,0,0,0,0,,false,true,1000,1,1000,0,1,0,true
cm_exp_20180419_145711.xml,2018-04-19T15:13:56Z,Undefined,ONRM_RootMo_R,eNODEb,0091ML,1,1,0091MLB,1627,,,7,1000,-124,2,50,75,,50,false,0,4,0,,"SubNetwork=ONRM_RootMo_R,FreqManagement=1,EUtranFrequency=1627",7,2,2,1,2015-10-28 13:00:49,2016-11-10 13:42:55,-22,2,0,1,0,,0,1,0,true,true,0,1,0,1000,0,0,0,0,0,,false,true,1000,1,1000,0,1,0,true
cm_exp_20180419_145711.xml,2018-04-19T15:13:56Z,Undefined,ONRM_RootMo_R,eNODEb,0091ML,1,1,0091MLC,1627,,,7,1000,-124,2,50,75,,50,false,0,4,0,,"SubNetwork=ONRM_RootMo_R,FreqManagement=1,EUtranFrequency=1627",7,2,2,1,2015-10-28 13:00:50,2016-11-10 13:42:55,-22,2,0,1,0,,0,1,0,true,true,0,1,0,1000,0,0,0,0,0,,false,true,1000,1,1000,0,1,0,true
cm_exp_20180419_145733.xml,2018-04-19T15:13:56Z,Undefined,ONRM_RootMo_R,eNODEb,0099ML,1,1,0099MLA,1627,,,7,1000,-124,2,50,75,,50,false,0,4,0,,"SubNetwork=ONRM_RootMo_R,FreqManagement=1,EUtranFrequency=1627",7,2,2,1,2014-01-16 02:05:27,2016-11-10 12:54:58,0,2,0,1,0,,0,1,0,true,true,0,1,0,1000,0,0,0,0,0,,false,true,1000,1,1000,0,1,0,true
cm_exp_20180419_145733.xml,2018-04-19T15:13:56Z,Undefined,ONRM_RootMo_R,eNODEb,0099ML,1,1,0099MLB,1627,,,7,1000,-124,2,50,75,,50,false,0,4,0,,"SubNetwork=ONRM_RootMo_R,FreqManagement=1,EUtranFrequency=1627",7,2,2,1,2014-01-16 02:05:27,2016-11-10 12:54:58,0,2,0,1,0,,0,1,0,true,true,0,1,0,1000,0,0,0,0,0,,false,true,1000,1,1000,0,1,0,true
cm_exp_20180419_145733.xml,2018-04-19T15:13:56Z,Undefined,ONRM_RootMo_R,eNODEb,0099ML,1,1,0099MLC,1627,,,7,1000,-124,2,50,75,,50,false,0,4,0,,"SubNetwork=ONRM_RootMo_R,FreqManagement=1,EUtranFrequency=1627",7,2,2,1,2014-01-16 02:05:28,2016-11-10 12:54:58,0,2,0,1,0,,0,1,0,true,true,0,1,0,1000,0,0,0,0,0,,false,true,1000,1,1000,0,1,0,true
cm_exp_20180419_145810.xml,2018-04-19T15:13:56Z,Undefined,ONRM_RootMo_R,eNODEb,0106ML,1,1,0106MLA,1627,,,7,1000,-124,2,50,75,,50,false,0,4,0,,"SubNetwork=ONRM_RootMo_R,FreqManagement=1,EUtranFrequency=1627",7,2,2,1,2016-06-30 10:31:53,2016-11-10 13:43:17,-22,2,0,1,0,,0,1,0,true,true,0,1,0,1000,0,0,0,0,0,,false,true,1000,1,1000,0,1,0,true
cm_exp_20180419_145810.xml,2018-04-19T15:13:56Z,Undefined,ONRM_RootMo_R,eNODEb,0106ML,1,1,0106MLB,1627,,,7,1000,-124,2,50,75,,50,false,0,4,0,,"SubNetwork=ONRM_RootMo_R,FreqManagement=1,EUtranFrequency=1627",7,2,2,1,2016-06-30 10:31:54,2016-11-10 13:43:17,-22,2,0,1,0,,0,1,0,true,true,0,1,0,1000,0,0,0,0,0,,false,true,1000,1,1000,0,1,0,true
cm_exp_20180419_145810.xml,2018-04-19T15:13:56Z,Undefined,ONRM_RootMo_R,eNODEb,0106ML,1,1,0106MLC,1627,,,7,1000,-124,2,50,75,,50,false,0,4,0,,"SubNetwork=ONRM_RootMo_R,FreqManagement=1,EUtranFrequency=1627",7,2,2,1,2016-06-30 10:32:01,2016-11-10 13:43:17,-22,2,0,1,0,,0,1,0,true,true,0,1,0,1000,0,0,0,0,0,,false,true,1000,1,1000,0,1,0,true
cm_exp_20180419_145835.xml,2018-04-19T15:13:56Z,Undefined,ONRM_RootMo_R,eNODEb,0119ML,1,1,0119MLA,1627,,,7,1000,-124,2,50,75,,50,false,0,4,0,,"SubNetwork=ONRM_RootMo_R,FreqManagement=1,EUtranFrequency=1627",7,2,2,1,2015-10-31 14:31:53,2016-11-10 13:43:46,-22,2,0,1,0,,0,1,0,true,true,0,1,0,1000,0,0,0,0,0,,false,true,1000,1,1000,0,1,0,true
cm_exp_20180419_145835.xml,2018-04-19T15:13:56Z,Undefined,ONRM_RootMo_R,eNODEb,0119ML,1,1,0119MLB,1627,,,7,1000,-124,2,50,75,,50,false,0,4,0,,"SubNetwork=ONRM_RootMo_R,FreqManagement=1,EUtranFrequency=1627",7,2,2,1,2015-10-31 14:31:54,2016-11-10 13:43:46,-22,2,0,1,0,,0,1,0,true,true,0,1,0,1000,0,0,0,0,0,,false,true,1000,1,1000,0,1,0,true
cm_exp_20180419_145835.xml,2018-04-19T15:13:56Z,Undefined,ONRM_RootMo_R,eNODEb,0119ML,1,1,0119MLC,1627,,,7,1000,-124,2,50,75,,50,false,0,4,0,,"SubNetwork=ONRM_RootMo_R,FreqManagement=1,EUtranFrequency=1627",7,2,2,1,2015-10-31 14:31:54,2016-11-10 13:43:46,-22,2,0,1,0,,0,1,0,true,true,0,1,0,1000,0,0,0,0,0,,false,true,1000,1,1000,0,1,0,true
cm_exp_20180419_145940.xml,2018-04-19T15:13:56Z,Undefined,ONRM_RootMo_R,eNODEb,0138ML,1,1,0138MLA,1627,,,7,1000,-124,2,50,75,,50,false,0,4,0,,"SubNetwork=ONRM_RootMo_R,FreqManagement=1,EUtranFrequency=1627",7,2,2,1,2016-06-29 14:04:02,2016-11-10 13:44:17,-22,2,0,1,0,,0,1,0,true,true,0,1,0,1000,0,0,0,0,0,,false,true,1000,1,1000,0,1,0,true
cm_exp_20180419_145940.xml,2018-04-19T15:13:56Z,Undefined,ONRM_RootMo_R,eNODEb,0138ML,1,1,0138MLB,1627,,,7,1000,-124,2,50,75,,50,false,0,4,0,,"SubNetwork=ONRM_RootMo_R,FreqManagement=1,EUtranFrequency=1627",7,2,2,1,2016-06-29 14:04:04,2016-11-10 13:44:17,-22,2,0,1,0,,0,1,0,true,true,0,1,0,1000,0,0,0,0,0,,false,true,1000,1,1000,0,1,0,true
cm_exp_20180419_145940.xml,2018-04-19T15:13:56Z,Undefined,ONRM_RootMo_R,eNODEb,0138ML,1,1,0138MLC,1627,,,7,1000,-124,2,50,75,,50,false,0,4,0,,"SubNetwork=ONRM_RootMo_R,FreqManagement=1,EUtranFrequency=1627",7,2,2,1,2016-06-29 14:04:06,2016-11-10 13:44:17,-22,2,0,1,0,,0,1,0,true,true,0,1,0,1000,0,0,0,0,0,,false,true,1000,1,1000,0,1,0,true
cm_exp_20180419_150007.xml,2018-04-19T15:13:56Z,Undefined,ONRM_RootMo_R,eNODEb,0150ML,1,1,0150MLA,1627,,,7,1000,-124,2,50,75,,50,false,0,4,0,,"SubNetwork=ONRM_RootMo_R,FreqManagement=1,EUtranFrequency=1627",7,2,2,1,2016-07-11 09:01:05,2016-11-10 13:44:36,-22,2,0,1,0,,0,1,0,true,true,0,1,0,1000,0,0,0,0,0,,false,true,1000,1,1000,0,1,0,true
cm_exp_20180419_150007.xml,2018-04-19T15:13:56Z,Undefined,ONRM_RootMo_R,eNODEb,0150ML,1,1,0150MLB,1627,,,7,1000,-124,2,50,75,,50,false,0,4,0,,"SubNetwork=ONRM_RootMo_R,FreqManagement=1,EUtranFrequency=1627",7,2,2,1,2016-07-11 09:01:08,2016-11-10 13:44:36,-22,2,0,1,0,,0,1,0,true,true,0,1,0,1000,0,0,0,0,0,,false,true,1000,1,1000,0,1,0,true
cm_exp_20180419_150007.xml,2018-04-19T15:13:56Z,Undefined,ONRM_RootMo_R,eNODEb,0150ML,1,1,0150MLC,1627,,,7,1000,-124,2,50,75,,50,false,0,4,0,,"SubNetwork=ONRM_RootMo_R,FreqManagement=1,EUtranFrequency=1627",7,2,2,1,2016-07-11 09:01:10,2016-11-10 13:44:36,-22,2,0,1,0,,0,1,0,true,true,0,1,0,1000,0,0,0,0,0,,false,true,1000,1,1000,0,1,0,true
cm_exp_20180419_150024.xml,2018-04-19T15:13:56Z,Undefined,ONRM_RootMo_R,eNODEb,0154ML,1,1,0154MLA,1627,,,7,1000,-124,2,50,75,,50,false,0,4,0,,"SubNetwork=ONRM_RootMo_R,FreqManagement=1,EUtranFrequency=1627",7,2,2,1,2016-07-07 15:06:42,2016-11-10 13:44:41,-22,2,0,1,0,,0,1,0,true,true,0,1,0,1000,0,0,0,0,0,,false,true,1000,1,1000,0,1,0,true
cm_exp_20180419_150024.xml,2018-04-19T15:13:56Z,Undefined,ONRM_RootMo_R,eNODEb,0154ML,1,1,0154MLB,1627,,,7,1000,-124,2,50,75,,50,false,0,4,0,,"SubNetwork=ONRM_RootMo_R,FreqManagement=1,EUtranFrequency=1627",7,2,2,1,2016-07-07 15:06:45,2016-11-10 13:44:41,-22,2,0,1,0,,0,1,0,true,true,0,1,0,1000,0,0,0,0,0,,false,true,1000,1,1000,0,1,0,true
cm_exp_20180419_150024.xml,2018-04-19T15:13:56Z,Undefined,ONRM_RootMo_R,eNODEb,0154ML,1,1,0154MLC,1627,,,7,1000,-124,2,50,75,,50,false,0,4,0,,"SubNetwork=ONRM_RootMo_R,FreqManagement=1,EUtranFrequency=1627",7,2,2,1,2016-07-07 15:06:47,2016-11-10 13:44:41,-22,2,0,1,0,,0,1,0,true,true,0,1,0,1000,0,0,0,0,0,,false,true,1000,1,1000,0,1,0,true
cm_exp_20180419_150054.xml,2018-04-19T15:13:56Z,Undefined,ONRM_RootMo_R,eNODEb,0196ML,1,1,0196MLA,1627,,,7,1000,-124,2,50,75,,50,false,0,4,0,,"SubNetwork=ONRM_RootMo_R,FreqManagement=1,EUtranFrequency=1627",7,2,2,1,2016-05-12 17:30:12,2016-11-10 13:45:08,-22,2,0,1,0,,0,1,0,true,true,0,1,0,1000,0,0,0,0,0,,false,true,1000,1,1000,0,1,0,true
cm_exp_20180419_150054.xml,2018-04-19T15:13:56Z,Undefined,ONRM_RootMo_R,eNODEb,0196ML,1,1,0196MLB,1627,,,7,1000,-124,2,50,75,,50,false,0,4,0,,"SubNetwork=ONRM_RootMo_R,FreqManagement=1,EUtranFrequency=1627",7,2,2,1,2016-05-12 17:30:13,2016-11-10 13:45:08,-22,2,0,1,0,,0,1,0,true,true,0,1,0,1000,0,0,0,0,0,,false,true,1000,1,1000,0,1,0,true
cm_exp_20180419_150054.xml,2018-04-19T15:13:56Z,Undefined,ONRM_RootMo_R,eNODEb,0196ML,1,1,0196MLC,1627,,,7,1000,-124,2,50,75,,50,false,0,4,0,,"SubNetwork=ONRM_RootMo_R,FreqManagement=1,EUtranFrequency=1627",7,2,2,1,2016-05-12 17:30:14,2016-11-10 13:45:08,-22,2,0,1,0,,0,1,0,true,true,0,1,0,1000,0,0,0,0,0,,false,true,1000,1,1000,0,1,0,true
cm_exp_20180419_150110.xml,2018-04-19T15:13:56Z,Undefined,ONRM_RootMo_R,eNODEb,0198ML,1,1,0198MLA,1627,,,7,1000,-124,2,50,75,,50,false,0,4,0,,"SubNetwork=ONRM_RootMo_R,FreqManagement=1,EUtranFrequency=1627",7,2,2,1,2016-06-20 15:21:26,2016-11-10 13:45:15,-22,2,0,1,0,,0,1,0,true,true,0,1,0,1000,0,0,0,0,0,,false,true,1000,1,1000,0,1,0,true
cm_exp_20180419_150110.xml,2018-04-19T15:13:56Z,Undefined,ONRM_RootMo_R,eNODEb,0198ML,1,1,0198MLB,1627,,,7,1000,-124,2,50,75,,50,false,0,4,0,,"SubNetwork=ONRM_RootMo_R,FreqManagement=1,EUtranFrequency=1627",7,2,2,1,2016-06-20 15:21:28,2016-11-10 13:45:15,-22,2,0,1,0,,0,1,0,true,true,0,1,0,1000,0,0,0,0,0,,false,true,1000,1,1000,0,1,0,true
cm_exp_20180419_150110.xml,2018-04-19T15:13:56Z,Undefined,ONRM_RootMo_R,eNODEb,0198ML,1,1,0198MLC,1627,,,7,1000,-124,2,50,75,,50,false,0,4,0,,"SubNetwork=ONRM_RootMo_R,FreqManagement=1,EUtranFrequency=1627",7,2,2,1,2016-06-20 15:21:30,2016-11-10 13:45:15,-22,2,0,1,0,,0,1,0,true,true,0,1,0,1000,0,0,0,0,0,,false,true,1000,1,1000,0,1,0,true
cm_exp_20180419_150127.xml,2018-04-19T15:13:56Z,Undefined,ONRM_RootMo_R,eNODEb,0204ML,1,1,0204MLA,1627,,,7,1000,-124,2,50,75,,50,false,0,4,0,,"SubNetwork=ONRM_RootMo_R,FreqManagement=1,EUtranFrequency=1627",7,2,2,1,2016-06-24 07:21:41,2016-11-10 13:45:24,-22,2,0,1,0,,0,1,0,true,true,0,1,0,1000,0,0,0,0,0,,false,true,1000,1,1000,0,1,0,true
cm_exp_20180419_150127.xml,2018-04-19T15:13:56Z,Undefined,ONRM_RootMo_R,eNODEb,0204ML,1,1,0204MLB,1627,,,7,1000,-124,2,50,75,,50,false,0,4,0,,"SubNetwork=ONRM_RootMo_R,FreqManagement=1,EUtranFrequency=1627",7,2,2,1,2016-06-24 07:21:44,2016-11-10 13:45:24,-22,2,0,1,0,,0,1,0,true,true,0,1,0,1000,0,0,0,0,0,,false,true,1000,1,1000,0,1,0,true
cm_exp_20180419_150127.xml,2018-04-19T15:13:56Z,Undefined,ONRM_RootMo_R,eNODEb,0204ML,1,1,0204MLC,1627,,,7,1000,-124,2,50,75,,50,false,0,4,0,,"SubNetwork=ONRM_RootMo_R,FreqManagement=1,EUtranFrequency=1627",7,2,2,1,2016-06-24 07:21:46,2016-11-10 13:45:24,-22,2,0,1,0,,0,1,0,true,true,0,1,0,1000,0,0,0,0,0,,false,true,1000,1,1000,0,1,0,true
cm_exp_20180419_150146.xml,2018-04-19T15:13:56Z,Undefined,ONRM_RootMo_R,eNODEb,0205ML,1,1,0205MLA,1627,,,7,1000,-124,2,50,75,,50,false,0,4,0,,"SubNetwork=ONRM_RootMo_R,FreqManagement=1,EUtranFrequency=1627",7,2,2,1,2016-06-28 13:21:36,2016-11-10 13:45:23,-22,2,0,1,0,,0,1,0,true,true,0,1,0,1000,0,0,0,0,0,,false,true,1000,1,1000,0,1,0,true
cm_exp_20180419_150146.xml,2018-04-19T15:13:56Z,Undefined,ONRM_RootMo_R,eNODEb,0205ML,1,1,0205MLB,1627,,,7,1000,-124,2,50,75,,50,false,0,4,0,,"SubNetwork=ONRM_RootMo_R,FreqManagement=1,EUtranFrequency=1627",7,2,2,1,2016-06-28 13:21:37,2016-11-10 13:45:23,-22,2,0,1,0,,0,1,0,true,true,0,1,0,1000,0,0,0,0,0,,false,true,1000,1,1000,0,1,0,true
cm_exp_20180419_150146.xml,2018-04-19T15:13:56Z,Undefined,ONRM_RootMo_R,eNODEb,0205ML,1,1,0205MLC,1627,,,7,1000,-124,2,50,75,,50,false,0,4,0,,"SubNetwork=ONRM_RootMo_R,FreqManagement=1,EUtranFrequency=1627",7,2,2,1,2016-06-28 13:21:38,2016-11-10 13:45:23,-22,2,0,1,0,,0,1,0,true,true,0,1,0,1000,0,0,0,0,0,,false,true,1000,1,1000,0,1,0,true
cm_exp_20180419_150215.xml,2018-04-19T15:13:56Z,Undefined,ONRM_RootMo_R,eNODEb,0225ML,1,1,0225MLA,1627,,,7,1000,-124,2,50,75,,50,false,0,4,0,,"SubNetwork=ONRM_RootMo_R,FreqManagement=1,EUtranFrequency=1627",7,2,2,1,2016-07-07 14:51:09,2016-11-10 13:45:56,-22,2,0,1,0,,0,1,0,true,true,0,1,0,1000,0,0,0,0,0,,false,true,1000,1,1000,0,1,0,true
cm_exp_20180419_150215.xml,2018-04-19T15:13:56Z,Undefined,ONRM_RootMo_R,eNODEb,0225ML,1,1,0225MLB,1627,,,7,1000,-124,2,50,75,,50,false,0,4,0,,"SubNetwork=ONRM_RootMo_R,FreqManagement=1,EUtranFrequency=1627",7,2,2,1,2016-07-07 14:51:11,2016-11-10 13:45:56,-22,2,0,1,0,,0,1,0,true,true,0,1,0,1000,0,0,0,0,0,,false,true,1000,1,1000,0,1,0,true
cm_exp_20180419_150215.xml,2018-04-19T15:13:56Z,Undefined,ONRM_RootMo_R,eNODEb,0225ML,1,1,0225MLC,1627,,,7,1000,-124,2,50,75,,50,false,0,4,0,,"SubNetwork=ONRM_RootMo_R,FreqManagement=1,EUtranFrequency=1627",7,2,2,1,2016-07-07 14:51:13,2016-11-10 13:45:56,-22,2,0,1,0,,0,1,0,true,true,0,1,0,1000,0,0,0,0,0,,false,true,1000,1,1000,0,1,0,true
cm_exp_20180419_150249.xml,2018-04-19T15:13:56Z,Undefined,ONRM_RootMo_R,eNODEb,0230ML,1,1,0230MLA,1627,,,7,1000,-124,2,50,75,,50,false,0,4,0,,"SubNetwork=ONRM_RootMo_R,FreqManagement=1,EUtranFrequency=1627",7,2,2,1,2016-06-24 14:06:17,2016-11-10 13:46:12,0,2,0,1,0,,0,1,0,true,true,0,1,0,1000,0,0,0,0,0,,false,true,1000,1,1000,0,1,0,true
cm_exp_20180419_150249.xml,2018-04-19T15:13:56Z,Undefined,ONRM_RootMo_R,eNODEb,0230ML,1,1,0230MLB,1627,,,7,1000,-124,2,50,75,,50,false,0,4,0,,"SubNetwork=ONRM_RootMo_R,FreqManagement=1,EUtranFrequency=1627",7,2,2,1,2016-06-24 14:06:17,2016-11-10 13:46:12,0,2,0,1,0,,0,1,0,true,true,0,1,0,1000,0,0,0,0,0,,false,true,1000,1,1000,0,1,0,true
cm_exp_20180419_150249.xml,2018-04-19T15:13:56Z,Undefined,ONRM_RootMo_R,eNODEb,0230ML,1,1,0230MLC,1627,,,7,1000,-124,2,50,75,,50,false,0,4,0,,"SubNetwork=ONRM_RootMo_R,FreqManagement=1,EUtranFrequency=1627",7,2,2,1,2016-06-24 14:06:18,2016-11-10 13:46:12,0,2,0,1,0,,0,1,0,true,true,0,1,0,1000,0,0,0,0,0,,false,true,1000,1,1000,0,1,0,true
cm_exp_20180419_150408.xml,2018-04-19T15:13:56Z,Undefined,ONRM_RootMo_R,eNODEb,0230ML,1,1,0230MLA,1627,,,7,1000,-124,2,50,75,,50,false,0,4,0,,"SubNetwork=ONRM_RootMo_R,FreqManagement=1,EUtranFrequency=1627",7,2,2,1,2016-06-24 14:06:17,2016-11-10 13:46:12,0,2,0,1,0,,0,1,0,true,true,0,1,0,1000,0,0,0,0,0,,false,true,1000,1,1000,0,1,0,true
cm_exp_20180419_150408.xml,2018-04-19T15:13:56Z,Undefined,ONRM_RootMo_R,eNODEb,0230ML,1,1,0230MLB,1627,,,7,1000,-124,2,50,75,,50,false,0,4,0,,"SubNetwork=ONRM_RootMo_R,FreqManagement=1,EUtranFrequency=1627",7,2,2,1,2016-06-24 14:06:17,2016-11-10 13:46:12,0,2,0,1,0,,0,1,0,true,true,0,1,0,1000,0,0,0,0,0,,false,true,1000,1,1000,0,1,0,true
cm_exp_20180419_150408.xml,2018-04-19T15:13:56Z,Undefined,ONRM_RootMo_R,eNODEb,0230ML,1,1,0230MLC,1627,,,7,1000,-124,2,50,75,,50,false,0,4,0,,"SubNetwork=ONRM_RootMo_R,FreqManagement=1,EUtranFrequency=1627",7,2,2,1,2016-06-24 14:06:18,2016-11-10 13:46:12,0,2,0,1,0,,0,1,0,true,true,0,1,0,1000,0,0,0,0,0,,false,true,1000,1,1000,0,1,0,true
cm_exp_20180419_150451.xml,2018-04-19T15:13:56Z,Undefined,ONRM_RootMo_R,eNODEb,0243ML,1,1,0243MLA,1627,,,7,1000,-124,2,50,75,,50,false,0,4,0,,"SubNetwork=ONRM_RootMo_R,FreqManagement=1,EUtranFrequency=1627",7,2,2,1,2016-06-20 15:05:29,2016-11-10 13:46:28,-22,2,0,1,0,,0,1,0,true,true,0,1,0,1000,0,0,0,0,0,,false,true,1000,1,1000,0,1,0,true
cm_exp_20180419_150451.xml,2018-04-19T15:13:56Z,Undefined,ONRM_RootMo_R,eNODEb,0243ML,1,1,0243MLB,1627,,,7,1000,-124,2,50,75,,50,false,0,4,0,,"SubNetwork=ONRM_RootMo_R,FreqManagement=1,EUtranFrequency=1627",7,2,2,1,2016-06-20 15:05:31,2016-11-10 13:46:28,-22,2,0,1,0,,0,1,0,true,true,0,1,0,1000,0,0,0,0,0,,false,true,1000,1,1000,0,1,0,true
cm_exp_20180419_150451.xml,2018-04-19T15:13:56Z,Undefined,ONRM_RootMo_R,eNODEb,0243ML,1,1,0243MLC,1627,,,7,1000,-124,2,50,75,,50,false,0,4,0,,"SubNetwork=ONRM_RootMo_R,FreqManagement=1,EUtranFrequency=1627",7,2,2,1,2016-06-20 15:05:33,2016-11-10 13:46:28,-22,2,0,1,0,,0,1,0,true,true,0,1,0,1000,0,0,0,0,0,,false,true,1000,1,1000,0,1,0,true
cm_exp_20180419_150511.xml,2018-04-19T15:13:56Z,Undefined,ONRM_RootMo_R,eNODEb,0250ML,1,1,0250MLA,1627,,,7,1000,-124,2,50,75,,50,false,0,4,0,,"SubNetwork=ONRM_RootMo_R,FreqManagement=1,EUtranFrequency=1627",7,2,2,1,2016-06-30 10:40:16,2018-02-14 20:26:24,-22,2,0,1,0,,0,1,0,true,true,0,1,0,1000,0,0,0,0,0,,false,true,1000,1,1000,0,1,0,true
cm_exp_20180419_150511.xml,2018-04-19T15:13:56Z,Undefined,ONRM_RootMo_R,eNODEb,0250ML,1,1,0250MLB,1627,,,7,1000,-124,2,50,75,,50,false,0,4,0,,"SubNetwork=ONRM_RootMo_R,FreqManagement=1,EUtranFrequency=1627",7,2,2,1,2016-06-30 10:40:17,2018-02-14 20:26:24,-22,2,0,1,0,,0,1,0,true,true,0,1,0,1000,0,0,0,0,0,,false,true,1000,1,1000,0,1,0,true
cm_exp_20180419_150511.xml,2018-04-19T15:13:56Z,Undefined,ONRM_RootMo_R,eNODEb,0250ML,1,1,0250MLC,1627,,,7,1000,-124,2,50,75,,50,false,0,4,0,,"SubNetwork=ONRM_RootMo_R,FreqManagement=1,EUtranFrequency=1627",7,2,2,1,2016-06-30 10:40:18,2018-02-14 20:26:24,-22,2,0,1,0,,0,1,0,true,true,0,1,0,1000,0,0,0,0,0,,false,true,1000,1,1000,0,1,0,true
cm_exp_20180419_150529.xml,2018-04-19T15:13:56Z,Undefined,ONRM_RootMo_R,eNODEb,0255ML,1,1,0255MLA,1627,,,7,1000,-124,2,50,75,,50,false,0,4,0,,"SubNetwork=ONRM_RootMo_R,FreqManagement=1,EUtranFrequency=1627",7,2,2,1,2016-07-12 14:15:21,2016-11-10 13:46:58,-22,2,0,1,0,,0,1,0,true,true,0,1,0,1000,0,0,0,0,0,,false,true,1000,1,1000,0,1,0,true
cm_exp_20180419_150529.xml,2018-04-19T15:13:56Z,Undefined,ONRM_RootMo_R,eNODEb,0255ML,1,1,0255MLB,1627,,,7,1000,-124,2,50,75,,50,false,0,4,0,,"SubNetwork=ONRM_RootMo_R,FreqManagement=1,EUtranFrequency=1627",7,2,2,1,2016-07-12 14:15:23,2016-11-10 13:46:58,-22,2,0,1,0,,0,1,0,true,true,0,1,0,1000,0,0,0,0,0,,false,true,1000,1,1000,0,1,0,true
cm_exp_20180419_150529.xml,2018-04-19T15:13:56Z,Undefined,ONRM_RootMo_R,eNODEb,0255ML,1,1,0255MLC,1627,,,7,1000,-124,2,50,75,,50,false,0,4,0,,"SubNetwork=ONRM_RootMo_R,FreqManagement=1,EUtranFrequency=1627",7,2,2,1,2016-07-12 14:15:25,2016-11-10 13:46:58,-22,2,0,1,0,,0,1,0,true,true,0,1,0,1000,0,0,0,0,0,,false,true,1000,1,1000,0,1,0,true
cm_exp_20180419_150554.xml,2018-04-19T15:13:56Z,Undefined,ONRM_RootMo_R,eNODEb,0270ML,1,1,0270MLA,1627,,,7,1000,-124,2,100,100,,50,false,0,4,0,,"SubNetwork=ONRM_RootMo_R,FreqManagement=1,EUtranFrequency=1627",7,2,2,1,2016-07-08 10:42:51,2016-08-04 09:57:01,0,2,0,1,0,,0,1,0,true,true,0,1,0,1000,0,0,0,0,0,,false,true,1000,1,1000,0,1,0,true
cm_exp_20180419_150554.xml,2018-04-19T15:13:56Z,Undefined,ONRM_RootMo_R,eNODEb,0270ML,1,1,0270MLB,1627,,,7,1000,-124,2,100,100,,50,false,0,4,0,,"SubNetwork=ONRM_RootMo_R,FreqManagement=1,EUtranFrequency=1627",7,2,2,1,2016-07-08 10:42:53,2016-08-04 09:57:01,0,2,0,1,0,,0,1,0,true,true,0,1,0,1000,0,0,0,0,0,,false,true,1000,1,1000,0,1,0,true
cm_exp_20180419_150554.xml,2018-04-19T15:13:56Z,Undefined,ONRM_RootMo_R,eNODEb,0270ML,1,1,0270MLC,1627,,,7,1000,-124,2,100,100,,50,false,0,4,0,,"SubNetwork=ONRM_RootMo_R,FreqManagement=1,EUtranFrequency=1627",7,2,2,1,2016-07-08 10:42:55,2016-08-04 09:57:01,0,2,0,1,0,,0,1,0,true,true,0,1,0,1000,0,0,0,0,0,,false,true,1000,1,1000,0,1,0,true
cm_exp_20180419_150618.xml,2018-04-19T15:13:56Z,Undefined,ONRM_RootMo_R,eNODEb,0304ML,1,1,0304MLA,1627,,,7,1000,-124,2,50,75,,50,false,0,4,0,,"SubNetwork=ONRM_RootMo_R,FreqManagement=1,EUtranFrequency=1627",7,2,2,1,2016-06-15 13:12:56,2016-11-10 13:48:13,-22,2,0,1,0,,0,1,0,true,true,0,1,0,1000,0,0,0,0,0,,false,true,1000,1,1000,0,1,0,true
cm_exp_20180419_150618.xml,2018-04-19T15:13:56Z,Undefined,ONRM_RootMo_R,eNODEb,0304ML,1,1,0304MLB,1627,,,7,1000,-124,2,50,75,,50,false,0,4,0,,"SubNetwork=ONRM_RootMo_R,FreqManagement=1,EUtranFrequency=1627",7,2,2,1,2016-06-15 13:12:57,2016-11-10 13:48:13,-22,2,0,1,0,,0,1,0,true,true,0,1,0,1000,0,0,0,0,0,,false,true,1000,1,1000,0,1,0,true
cm_exp_20180419_150618.xml,2018-04-19T15:13:56Z,Undefined,ONRM_RootMo_R,eNODEb,0304ML,1,1,0304MLC,1627,,,7,1000,-124,2,50,75,,50,false,0,4,0,,"SubNetwork=ONRM_RootMo_R,FreqManagement=1,EUtranFrequency=1627",7,2,2,1,2016-06-15 13:12:58,2016-11-10 13:48:13,-22,2,0,1,0,,0,1,0,true,true,0,1,0,1000,0,0,0,0,0,,false,true,1000,1,1000,0,1,0,true
cm_exp_20180419_150643.xml,2018-04-19T15:13:56Z,Undefined,ONRM_RootMo_R,eNODEb,0312ML,1,1,0312MLA,1627,,,7,1000,-124,2,50,75,,50,false,0,4,0,,"SubNetwork=ONRM_RootMo_R,FreqManagement=1,EUtranFrequency=1627",7,2,2,1,2015-10-26 15:28:21,2016-11-10 13:48:33,-22,2,0,1,0,,0,1,0,true,true,0,1,0,1000,0,0,0,0,0,,false,true,1000,1,1000,0,1,0,true
cm_exp_20180419_150643.xml,2018-04-19T15:13:56Z,Undefined,ONRM_RootMo_R,eNODEb,0312ML,1,1,0312MLB,1627,,,7,1000,-124,2,50,75,,50,false,0,4,0,,"SubNetwork=ONRM_RootMo_R,FreqManagement=1,EUtranFrequency=1627",7,2,2,1,2015-10-26 15:28:21,2016-11-10 13:48:33,-22,2,0,1,0,,0,1,0,true,true,0,1,0,1000,0,0,0,0,0,,false,true,1000,1,1000,0,1,0,true
cm_exp_20180419_150643.xml,2018-04-19T15:13:56Z,Undefined,ONRM_RootMo_R,eNODEb,0312ML,1,1,0312MLC,1627,,,7,1000,-124,2,50,75,,50,false,0,4,0,,"SubNetwork=ONRM_RootMo_R,FreqManagement=1,EUtranFrequency=1627",7,2,2,1,2015-10-26 15:28:22,2016-11-10 13:48:33,-22,2,0,1,0,,0,1,0,true,true,0,1,0,1000,0,0,0,0,0,,false,true,1000,1,1000,0,1,0,true
cm_exp_20180419_150750.xml,2018-04-19T15:13:56Z,Undefined,ONRM_RootMo_R,eNODEb,0370ML,1,1,0370MLA,1627,,,7,1000,-124,2,50,75,,50,false,0,4,0,,"SubNetwork=ONRM_RootMo_R,FreqManagement=1,EUtranFrequency=1627",7,2,2,1,2016-06-20 12:38:57,2016-11-10 13:50:07,-22,2,0,1,0,,0,1,0,true,true,0,1,0,1000,0,0,0,0,0,,false,true,1000,1,1000,0,1,0,true
cm_exp_20180419_150750.xml,2018-04-19T15:13:56Z,Undefined,ONRM_RootMo_R,eNODEb,0370ML,1,1,0370MLB,1627,,,7,1000,-124,2,50,75,,50,false,0,4,0,,"SubNetwork=ONRM_RootMo_R,FreqManagement=1,EUtranFrequency=1627",7,2,2,1,2016-06-20 12:38:59,2016-11-10 13:50:07,-22,2,0,1,0,,0,1,0,true,true,0,1,0,1000,0,0,0,0,0,,false,true,1000,1,1000,0,1,0,true
cm_exp_20180419_150750.xml,2018-04-19T15:13:56Z,Undefined,ONRM_RootMo_R,eNODEb,0370ML,1,1,0370MLC,1627,,,7,1000,-124,2,50,75,,50,false,0,4,0,,"SubNetwork=ONRM_RootMo_R,FreqManagement=1,EUtranFrequency=1627",7,2,2,1,2016-06-20 12:39:01,2016-11-10 13:50:07,-22,2,0,1,0,,0,1,0,true,true,0,1,0,1000,0,0,0,0,0,,false,true,1000,1,1000,0,1,0,true
cm_exp_20180419_150814.xml,2018-04-19T15:13:56Z,Undefined,ONRM_RootMo_R,eNODEb,0378ML,1,1,0378MLA,1627,,,7,1000,-124,2,50,75,,50,false,0,4,0,,"SubNetwork=ONRM_RootMo_R,FreqManagement=1,EUtranFrequency=1627",7,2,2,1,2016-07-08 13:06:15,2016-11-10 13:50:14,-22,2,0,1,0,,0,1,0,true,true,0,1,0,1000,0,0,0,0,0,,false,true,1000,1,1000,0,1,0,true
cm_exp_20180419_150814.xml,2018-04-19T15:13:56Z,Undefined,ONRM_RootMo_R,eNODEb,0378ML,1,1,0378MLB,1627,,,7,1000,-124,2,50,75,,50,false,0,4,0,,"SubNetwork=ONRM_RootMo_R,FreqManagement=1,EUtranFrequency=1627",7,2,2,1,2016-07-08 13:06:17,2016-11-10 13:50:14,-22,2,0,1,0,,0,1,0,true,true,0,1,0,1000,0,0,0,0,0,,false,true,1000,1,1000,0,1,0,true
cm_exp_20180419_150814.xml,2018-04-19T15:13:56Z,Undefined,ONRM_RootMo_R,eNODEb,0378ML,1,1,0378MLC,1627,,,7,1000,-124,2,50,75,,50,false,0,4,0,,"SubNetwork=ONRM_RootMo_R,FreqManagement=1,EUtranFrequency=1627",7,2,2,1,2016-07-08 13:06:19,2016-11-10 13:50:14,-22,2,0,1,0,,0,1,0,true,true,0,1,0,1000,0,0,0,0,0,,false,true,1000,1,1000,0,1,0,true
cm_exp_20180419_150846.xml,2018-04-19T15:13:56Z,Undefined,ONRM_RootMo_R,eNODEb,0380ML,1,1,0380MLA,1627,,,7,1000,-140,2,50,75,,50,false,0,4,0,,"SubNetwork=ONRM_RootMo_R,FreqManagement=1,EUtranFrequency=1627",7,2,2,1,2016-01-08 22:10:21,2017-08-10 08:41:34,-22,2,0,1,0,,0,1,0,true,true,0,1,0,1000,0,0,0,0,0,,false,true,1000,1,1000,0,1,0,true
cm_exp_20180419_150846.xml,2018-04-19T15:13:56Z,Undefined,ONRM_RootMo_R,eNODEb,0380ML,1,1,0380MLB,1627,,,7,1000,-140,2,50,75,,50,false,0,4,0,,"SubNetwork=ONRM_RootMo_R,FreqManagement=1,EUtranFrequency=1627",7,2,2,1,2016-01-08 22:10:22,2017-08-10 08:41:34,-22,2,0,1,0,,0,1,0,true,true,0,1,0,1000,0,0,0,0,0,,false,true,1000,1,1000,0,1,0,true
cm_exp_20180419_150846.xml,2018-04-19T15:13:56Z,Undefined,ONRM_RootMo_R,eNODEb,0380ML,1,1,0380MLC,1627,,,7,1000,-140,2,50,75,,50,false,0,4,0,,"SubNetwork=ONRM_RootMo_R,FreqManagement=1,EUtranFrequency=1627",7,2,2,1,2016-01-08 22:10:23,2017-08-10 08:41:34,-22,2,0,1,0,,0,1,0,true,true,0,1,0,1000,0,0,0,0,0,,false,true,1000,1,1000,0,1,0,true
cm_exp_20180419_150943.xml,2018-04-19T15:13:56Z,Undefined,ONRM_RootMo_R,eNODEb,0445ML,1,1,0445MLA,1627,,,7,1000,-124,2,50,75,,50,false,0,4,0,,"SubNetwork=ONRM_RootMo_R,FreqManagement=1,EUtranFrequency=1627",7,2,2,1,2016-07-12 09:44:49,2016-11-10 13:51:46,-22,2,0,1,0,,0,1,0,true,true,0,1,0,1000,0,0,0,0,0,,false,true,1000,1,1000,0,1,0,true
cm_exp_20180419_150943.xml,2018-04-19T15:13:56Z,Undefined,ONRM_RootMo_R,eNODEb,0445ML,1,1,0445MLB,1627,,,7,1000,-124,2,50,75,,50,false,0,4,0,,"SubNetwork=ONRM_RootMo_R,FreqManagement=1,EUtranFrequency=1627",7,2,2,1,2016-07-12 09:44:51,2016-11-10 13:51:46,-22,2,0,1,0,,0,1,0,true,true,0,1,0,1000,0,0,0,0,0,,false,true,1000,1,1000,0,1,0,true
cm_exp_20180419_150943.xml,2018-04-19T15:13:56Z,Undefined,ONRM_RootMo_R,eNODEb,0445ML,1,1,0445MLC,1627,,,7,1000,-124,2,50,75,,50,false,0,4,0,,"SubNetwork=ONRM_RootMo_R,FreqManagement=1,EUtranFrequency=1627",7,2,2,1,2016-07-12 09:44:53,2016-11-10 13:51:46,-22,2,0,1,0,,0,1,0,true,true,0,1,0,1000,0,0,0,0,0,,false,true,1000,1,1000,0,1,0,true
cm_exp_20180419_151002.xml,2018-04-19T15:13:56Z,Undefined,ONRM_RootMo_R,eNODEb,0447ML,1,1,0447MLA,1627,,,7,1000,-124,2,50,75,,50,false,0,4,0,,"SubNetwork=ONRM_RootMo_R,FreqManagement=1,EUtranFrequency=1627",7,2,2,1,2015-08-29 12:21:30,2016-11-10 16:12:52,-22,2,0,1,0,,0,1,0,true,true,0,1,0,1000,0,0,0,0,0,,false,true,1000,1,1000,0,1,0,true
cm_exp_20180419_151002.xml,2018-04-19T15:13:56Z,Undefined,ONRM_RootMo_R,eNODEb,0447ML,1,1,0447MLB,1627,,,7,1000,-124,2,50,75,,50,false,0,4,0,,"SubNetwork=ONRM_RootMo_R,FreqManagement=1,EUtranFrequency=1627",7,2,2,1,2015-08-29 12:21:31,2016-11-10 16:12:52,-22,2,0,1,0,,0,1,0,true,true,0,1,0,1000,0,0,0,0,0,,false,true,1000,1,1000,0,1,0,true
cm_exp_20180419_151002.xml,2018-04-19T15:13:56Z,Undefined,ONRM_RootMo_R,eNODEb,0447ML,1,1,0447MLC,1627,,,7,1000,-124,2,50,75,,50,false,0,4,0,,"SubNetwork=ONRM_RootMo_R,FreqManagement=1,EUtranFrequency=1627",7,2,2,1,2015-08-29 12:21:32,2016-11-10 16:12:53,-22,2,0,1,0,,0,1,0,true,true,0,1,0,1000,0,0,0,0,0,,false,true,1000,1,1000,0,1,0,true
cm_exp_20180419_151042.xml,2018-04-19T15:13:56Z,Undefined,ONRM_RootMo_R,eNODEb,0468ML,1,1,0468MLA,1627,,,7,1000,-124,2,50,75,,50,false,0,4,0,,"SubNetwork=ONRM_RootMo_R,FreqManagement=1,EUtranFrequency=1627",7,2,2,1,2016-07-11 08:26:39,2016-11-10 13:52:23,-22,2,0,1,0,,0,1,0,true,true,0,1,0,1000,0,0,0,0,0,,false,true,1000,1,1000,0,1,0,true
cm_exp_20180419_151042.xml,2018-04-19T15:13:56Z,Undefined,ONRM_RootMo_R,eNODEb,0468ML,1,1,0468MLB,1627,,,7,1000,-124,2,50,75,,50,false,0,4,0,,"SubNetwork=ONRM_RootMo_R,FreqManagement=1,EUtranFrequency=1627",7,2,2,1,2016-07-11 08:26:41,2016-11-10 13:52:23,-22,2,0,1,0,,0,1,0,true,true,0,1,0,1000,0,0,0,0,0,,false,true,1000,1,1000,0,1,0,true
cm_exp_20180419_151042.xml,2018-04-19T15:13:56Z,Undefined,ONRM_RootMo_R,eNODEb,0468ML,1,1,0468MLC,1627,,,7,1000,-124,2,50,75,,50,false,0,4,0,,"SubNetwork=ONRM_RootMo_R,FreqManagement=1,EUtranFrequency=1627",7,2,2,1,2016-07-11 08:26:44,2016-11-10 13:52:23,-22,2,0,1,0,,0,1,0,true,true,0,1,0,1000,0,0,0,0,0,,false,true,1000,1,1000,0,1,0,true
cm_exp_20180419_151106.xml,2018-04-19T15:13:56Z,Undefined,ONRM_RootMo_R,eNODEb,0474ML,1,1,0474MLA,1627,,,7,1000,-124,2,50,75,0474ML,50,false,0,4,0,,"SubNetwork=ONRM_RootMo_R,FreqManagement=1,EUtranFrequency=1627",7,2,2,1,2016-09-09 07:47:13,2016-11-10 13:52:23,-22,2,0,1,0,,0,1,0,true,true,0,1,0,1000,0,0,0,0,0,,false,true,1000,1,1000,0,1,0,true
cm_exp_20180419_151106.xml,2018-04-19T15:13:56Z,Undefined,ONRM_RootMo_R,eNODEb,0474ML,1,1,0474MLB,1627,,,7,1000,-124,2,50,75,0474ML,50,false,0,4,0,,"SubNetwork=ONRM_RootMo_R,FreqManagement=1,EUtranFrequency=1627",7,2,2,1,2016-09-09 07:53:20,2016-11-10 13:52:24,-22,2,0,1,0,,0,1,0,true,true,0,1,0,1000,0,0,0,0,0,,false,true,1000,1,1000,0,1,0,true
cm_exp_20180419_151106.xml,2018-04-19T15:13:56Z,Undefined,ONRM_RootMo_R,eNODEb,0474ML,1,1,0474MLC,1627,,,7,1000,-124,2,50,75,0474ML,50,false,0,4,0,,"SubNetwork=ONRM_RootMo_R,FreqManagement=1,EUtranFrequency=1627",7,2,2,1,2016-09-09 07:58:36,2016-11-10 13:52:24,-22,2,0,1,0,,0,1,0,true,true,0,1,0,1000,0,0,0,0,0,,false,true,1000,1,1000,0,1,0,true
cm_exp_20180419_151217.xml,2018-04-19T15:13:56Z,Undefined,ONRM_RootMo_R,eNODEb,0573ML,1,1,0573MLA,1627,,,7,1000,-124,2,50,75,,50,false,0,4,0,,"SubNetwork=ONRM_RootMo_R,FreqManagement=1,EUtranFrequency=1627",7,2,2,1,2016-07-22 08:38:42,2016-11-10 13:52:55,-22,2,0,1,0,,0,1,0,true,true,0,1,0,1000,0,0,0,0,0,,false,true,1000,1,1000,0,1,0,true
cm_exp_20180419_151217.xml,2018-04-19T15:13:56Z,Undefined,ONRM_RootMo_R,eNODEb,0573ML,1,1,0573MLB,1627,,,7,1000,-124,2,50,75,,50,false,0,4,0,,"SubNetwork=ONRM_RootMo_R,FreqManagement=1,EUtranFrequency=1627",7,2,2,1,2016-07-22 08:38:43,2016-11-10 13:52:55,-22,2,0,1,0,,0,1,0,true,true,0,1,0,1000,0,0,0,0,0,,false,true,1000,1,1000,0,1,0,true
cm_exp_20180419_151217.xml,2018-04-19T15:13:56Z,Undefined,ONRM_RootMo_R,eNODEb,0573ML,1,1,0573MLC,1627,,,7,1000,-124,2,50,75,,50,false,0,4,0,,"SubNetwork=ONRM_RootMo_R,FreqManagement=1,EUtranFrequency=1627",7,2,2,1,2016-07-22 08:38:44,2016-11-10 13:52:55,-22,2,0,1,0,,0,1,0,true,true,0,1,0,1000,0,0,0,0,0,,false,true,1000,1,1000,0,1,0,true
cm_exp_20180419_151236.xml,2018-04-19T15:13:56Z,Undefined,ONRM_RootMo_R,eNODEb,0620ML,1,1,0620MLA,1627,,,7,1000,-124,2,50,75,,50,false,0,4,0,,"SubNetwork=ONRM_RootMo_R,FreqManagement=1,EUtranFrequency=1627",7,2,2,1,2016-06-21 15:29:25,2016-11-10 13:53:11,-22,2,0,1,0,,0,1,0,true,true,0,1,0,1000,0,0,0,0,0,,false,true,1000,1,1000,0,1,0,true
cm_exp_20180419_151236.xml,2018-04-19T15:13:56Z,Undefined,ONRM_RootMo_R,eNODEb,0620ML,1,1,0620MLB,1627,,,7,1000,-124,2,50,75,,50,false,0,4,0,,"SubNetwork=ONRM_RootMo_R,FreqManagement=1,EUtranFrequency=1627",7,2,2,1,2016-06-21 15:29:27,2016-11-10 13:53:11,-22,2,0,1,0,,0,1,0,true,true,0,1,0,1000,0,0,0,0,0,,false,true,1000,1,1000,0,1,0,true
cm_exp_20180419_151236.xml,2018-04-19T15:13:56Z,Undefined,ONRM_RootMo_R,eNODEb,0620ML,1,1,0620MLC,1627,,,7,1000,-124,2,50,75,,50,false,0,4,0,,"SubNetwork=ONRM_RootMo_R,FreqManagement=1,EUtranFrequency=1627",7,2,2,1,2016-06-21 15:29:30,2016-11-10 13:53:11,-22,2,0,1,0,,0,1,0,true,true,0,1,0,1000,0,0,0,0,0,,false,true,1000,1,1000,0,1,0,true
cm_exp_20180419_151301.xml,2018-04-19T15:13:56Z,Undefined,ONRM_RootMo_R,eNODEb,0876ML,1,1,0876MLA,1627,,,7,1000,-124,2,50,75,,50,false,0,4,0,,"SubNetwork=ONRM_RootMo_R,FreqManagement=1,EUtranFrequency=1627",7,2,2,1,2016-06-13 14:04:17,2016-11-10 13:56:08,-22,2,0,1,0,,0,1,0,true,true,0,1,0,1000,0,0,0,0,0,,false,true,1000,1,1000,0,1,0,true
cm_exp_20180419_151301.xml,2018-04-19T15:13:56Z,Undefined,ONRM_RootMo_R,eNODEb,0876ML,1,1,0876MLB,1627,,,7,1000,-124,2,50,75,,50,false,0,4,0,,"SubNetwork=ONRM_RootMo_R,FreqManagement=1,EUtranFrequency=1627",7,2,2,1,2016-06-13 14:04:18,2016-11-10 13:56:08,-22,2,0,1,0,,0,1,0,true,true,0,1,0,1000,0,0,0,0,0,,false,true,1000,1,1000,0,1,0,true
cm_exp_20180419_151301.xml,2018-04-19T15:13:56Z,Undefined,ONRM_RootMo_R,eNODEb,0876ML,1,1,0876MLC,1627,,,7,1000,-124,2,50,75,,50,false,0,4,0,,"SubNetwork=ONRM_RootMo_R,FreqManagement=1,EUtranFrequency=1627",7,2,2,1,2016-06-13 14:04:18,2016-11-10 13:56:08,-22,2,0,1,0,,0,1,0,true,true,0,1,0,1000,0,0,0,0,0,,false,true,1000,1,1000,0,1,0,true
cm_exp_20180419_151348.xml,2018-04-19T15:13:56Z,Undefined,ONRM_RootMo_R,eNODEb,0983ML,1,1,0983MLA,1627,,,7,1000,-140,2,100,100,,50,false,0,4,0,,"SubNetwork=ONRM_RootMo_R,FreqManagement=1,EUtranFrequency=1627",7,2,2,1,2017-12-06 11:24:35,2018-02-14 20:35:56,0,2,0,1,0,,0,1,0,true,true,0,1,0,1000,0,0,0,0,0,,false,true,1000,1,1000,0,1,0,true
cm_exp_20180419_151348.xml,2018-04-19T15:13:56Z,Undefined,ONRM_RootMo_R,eNODEb,0983ML,1,1,0983MLB,1627,,,7,1000,-140,2,100,100,,50,false,0,4,0,,"SubNetwork=ONRM_RootMo_R,FreqManagement=1,EUtranFrequency=1627",7,2,2,1,2017-12-06 11:24:39,2018-02-14 20:35:57,0,2,0,1,0,,0,1,0,true,true,0,1,0,1000,0,0,0,0,0,,false,true,1000,1,1000,0,1,0,true
cm_exp_20180419_151348.xml,2018-04-19T15:13:56Z,Undefined,ONRM_RootMo_R,eNODEb,0983ML,1,1,0983MLC,1627,,,7,1000,-140,2,100,100,,50,false,0,4,0,,"SubNetwork=ONRM_RootMo_R,FreqManagement=1,EUtranFrequency=1627",7,2,2,1,2017-12-06 11:24:42,2018-02-14 20:35:57,0,2,0,1,0,,0,1,0,true,true,0,1,0,1000,0,0,0,0,0,,false,true,1000,1,1000,0,1,0,true
