FileName,varDateTime,configData_dnPrefix,SubNetwork_id,SubNetwork_2_id,MeContext_id,ManagedElement_id,vsDataENodeBFunction_id,userLabel,sctpRef,dnsLookupTimer,dscpLabel,nodePCIProfileID,dnsLookupOnTai,eNBId,eNodeBPlmnId_mcc,eNodeBPlmnId_mnc,eNodeBPlmnId_mncLength,s1RetryTimer,x2BlackList,x2retryTimerMaxAuto,x2retryTimerStart,x2WhiteList,ulSchedulerDynamicBWAllocationEnabled,timeAndPhaseSynchCritical,nnsfMode,x2IpAddrViaS1Active,rrcConnReestActive,zzzTemporary1,zzzTemporary2,zzzTemporary3,zzzTemporary4,zzzTemporary5,zzzTemporary6,zzzTemporary7,zzzTemporary8,zzzTemporary9,zzzTemporary10,zzzTemporary11,zzzTemporary12,timePhaseMaxDeviation,x2SetupTwoWayRelations,licCapDistrMethod,s1HODirDataPathAvail,maxRandc,minRandc,randUpdateInterval,zzzTemporary13,zzzTemporary15,zzzTemporary16,zzzTemporary17,upIpAddressRef,mfbiSupport,plmnBorderNode,pwsPersistentStorage,csfbMeasFromIdleMode,forcedSiTunnelingActive,zzzTemporary21,zzzTemporary22,zzzTemporary25,zzzTemporary26,zzzTemporary23,zzzTemporary24,zzzTemporary18,initPreschedulingEnable,tOutgoingHoExecCdma1xRtt,biasThpWifiMobility,releaseInactiveUesMpLoadLevel,dnsSelectionS1X2Ref,tS1HoCancelTimer,combCellSectorSelectThreshRx,combCellSectorSelectThreshTx,releaseInactiveUesInactTime,timePhaseMaxDeviationMbms,timePhaseMaxDeviationOtdoa,timePhaseMaxDeviationTdd,timePhaseMaxDeviationSib16,timeAndPhaseSynchAlignment,timePhaseMaxDeviationCdma2000,licUlBbPercentileConf,licUlPrbPercentileConf,licDlPrbPercentileConf,mtRreWithoutNeighborActive,licDlBbPercentileConf,licConnectedUsersPercentileConf,ulMaxWaitingTimeGlobal,softLockRwRWaitTimerInternal,enabledUlTrigMeas,dlMaxWaitingTimeGlobal,tddVoipDrxProfileId,zzzTemporary29,mfbiSupportPolicy,zzzTemporary28,measuringEcgiWithAgActive,checkEmergencySoftLock,softLockRwRWaitTimerOperator,zzzTemporary30,zzzTemporary31,zzzTemporary32,zzzTemporary33,zzzTemporary34,tRelocOverall,alignTtiBundWUlTrigSinr,bbVlanPortRef,useBandPrioritiesInSCellEval,prioritizeAdditionalBands,caAwareMfbiIntraCellHo,zzzTemporary40,zzzTemporary38,zzzTemporary39,zzzTemporary35,zzzTemporary36,zzzTemporary37,gtpuErrorIndicationDscp,s1GtpuEchoFailureAction,s1GtpuEchoEnable,x2GtpuEchoDscp,x2GtpuEchoEnable,s1GtpuEchoDscp
cm_exp_20180419_145031.xml,2018-04-19T15:13:56Z,Undefined,ONRM_RootMo_R,eNODEb,0003ML,1,1,,"SubNetwork=ONRM_RootMo_R,SubNetwork=eNODEb,MeContext=0003ML,ManagedElement=1,vsDataTransportNetwork=1,vsDataSctp=1",0,24,,1,40003,648,4,2,30,,1440,30,,true,false,1,true,true,,,,,,,,,-2000000000,-2000000000,-2000000000,-2000000000,100,true,0,false,255,1,200,-2000000000,-2000000000,-2000000000,-2000000000,"SubNetwork=ONRM_RootMo_R,SubNetwork=eNODEb,MeContext=0003ML,ManagedElement=1,vsDataIpSystem=1,vsDataIpAccessHostEt=1",false,false,0,true,false,-2000000000,-2000000000,-2000000000,-2000000000,-2000000000,-2000000000,-2000000000,true,5,10,2,,3,300,300,1,50,9,15,100,false,100,90,90,90,true,90,90,0,60,false,0,-1,0,false,-2000000000,false,false,60,-2000000000,-2000000000,-2000000000,-2000000000,-2000000000,5,0,,false,false,false,-2000000000,-2000000000,-2000000000,-2000000000,-2000000000,-2000000000,40,0,0,14,0,14
cm_exp_20180419_145108.xml,2018-04-19T15:13:56Z,Undefined,ONRM_RootMo_R,eNODEb,0009ML,1,1,,"SubNetwork=ONRM_RootMo_R,SubNetwork=eNODEb,MeContext=0009ML,ManagedElement=1,vsDataTransportNetwork=1,vsDataSctp=1",0,24,,1,40009,648,4,2,30,,1440,30,,true,false,1,true,true,,,,,,,,,-2000000000,-2000000000,-2000000000,-2000000000,100,true,0,false,255,1,200,-2000000000,-2000000000,-2000000000,-2000000000,"SubNetwork=ONRM_RootMo_R,SubNetwork=eNODEb,MeContext=0009ML,ManagedElement=1,vsDataIpSystem=1,vsDataIpAccessHostEt=1",false,false,0,true,false,-2000000000,-2000000000,-2000000000,-2000000000,-2000000000,-2000000000,-2000000000,true,5,10,2,,3,300,300,1,50,9,15,100,false,100,90,90,90,true,90,90,0,60,false,0,-1,0,false,-2000000000,false,false,60,-2000000000,-2000000000,-2000000000,-2000000000,-2000000000,5,0,,false,false,false,-2000000000,-2000000000,-2000000000,-2000000000,-2000000000,-2000000000,40,0,0,14,0,14
cm_exp_20180419_145140.xml,2018-04-19T15:13:56Z,Undefined,ONRM_RootMo_R,eNODEb,0013ML,1,1,,"SubNetwork=ONRM_RootMo_R,SubNetwork=eNODEb,MeContext=0013ML,ManagedElement=1,vsDataTransportNetwork=1,vsDataSctp=1",0,24,,1,40013,648,4,2,30,,1440,30,,true,false,1,true,true,,,,,,,,,-2000000000,-2000000000,-2000000000,-2000000000,100,true,0,false,255,1,200,-2000000000,-2000000000,-2000000000,-2000000000,"SubNetwork=ONRM_RootMo_R,SubNetwork=eNODEb,MeContext=0013ML,ManagedElement=1,vsDataIpSystem=1,vsDataIpAccessHostEt=1",false,false,0,true,false,-2000000000,-2000000000,-2000000000,-2000000000,-2000000000,-2000000000,-2000000000,true,5,10,2,,3,300,300,1,50,9,15,100,false,100,90,90,90,true,90,90,0,60,false,0,-1,0,false,-2000000000,false,false,60,-2000000000,-2000000000,-2000000000,-2000000000,-2000000000,5,0,,false,false,false,-2000000000,-2000000000,-2000000000,-2000000000,-2000000000,-2000000000,40,0,0,14,0,14
cm_exp_20180419_145205.xml,2018-04-19T15:13:56Z,Undefined,ONRM_RootMo_R,eNODEb,0017ML,1,1,,"SubNetwork=ONRM_RootMo_R,SubNetwork=eNODEb,MeContext=0017ML,ManagedElement=1,vsDataTransportNetwork=1,vsDataSctp=1",0,24,,1,40017,648,4,2,30,,1440,30,,true,false,1,true,true,,,,,,,,,-2000000000,-2000000000,-2000000000,-2000000000,100,true,0,false,255,1,200,-2000000000,-2000000000,-2000000000,-2000000000,"SubNetwork=ONRM_RootMo_R,SubNetwork=eNODEb,MeContext=0017ML,ManagedElement=1,vsDataIpSystem=1,vsDataIpAccessHostEt=1",false,false,0,true,false,-2000000000,-2000000000,-2000000000,-2000000000,-2000000000,-2000000000,-2000000000,true,5,10,2,,3,300,300,1,50,9,15,100,false,100,90,90,90,true,90,90,0,60,false,0,-1,0,false,-2000000000,false,false,60,-2000000000,-2000000000,-2000000000,-2000000000,-2000000000,5,0,,false,false,false,-2000000000,-2000000000,-2000000000,-2000000000,-2000000000,-2000000000,40,0,0,14,0,14
cm_exp_20180419_145236.xml,2018-04-19T15:13:56Z,Undefined,ONRM_RootMo_R,eNODEb,0021ML,1,1,,"SubNetwork=ONRM_RootMo_R,SubNetwork=eNODEb,MeContext=0021ML,ManagedElement=1,vsDataTransportNetwork=1,vsDataSctp=1",0,24,,1,40021,648,4,2,30,,1440,30,,true,false,1,true,true,,,,,,,,,-2000000000,-2000000000,-2000000000,-2000000000,100,true,0,false,255,1,200,-2000000000,-2000000000,-2000000000,-2000000000,"SubNetwork=ONRM_RootMo_R,SubNetwork=eNODEb,MeContext=0021ML,ManagedElement=1,vsDataIpSystem=1,vsDataIpAccessHostEt=1",false,false,0,true,false,-2000000000,-2000000000,-2000000000,-2000000000,-2000000000,-2000000000,-2000000000,true,5,10,2,,3,300,300,1,50,9,15,100,false,100,90,90,90,true,90,90,0,60,false,0,-1,0,false,-2000000000,false,false,60,-2000000000,-2000000000,-2000000000,-2000000000,-2000000000,5,0,,false,false,false,-2000000000,-2000000000,-2000000000,-2000000000,-2000000000,-2000000000,40,0,0,14,0,14
cm_exp_20180419_145547.xml,2018-04-19T15:13:56Z,Undefined,ONRM_RootMo_R,eNODEb,0024ML,1,1,,"SubNetwork=ONRM_RootMo_R,SubNetwork=eNODEb,MeContext=0024ML,ManagedElement=1,vsDataTransportNetwork=1,vsDataSctp=1",0,24,,1,40024,648,4,2,30,,1440,30,,true,false,1,true,true,,,,,,,,,-2000000000,-2000000000,-2000000000,-2000000000,100,true,0,false,255,1,200,-2000000000,-2000000000,-2000000000,-2000000000,"SubNetwork=ONRM_RootMo_R,SubNetwork=eNODEb,MeContext=0024ML,ManagedElement=1,vsDataIpSystem=1,vsDataIpAccessHostEt=1",false,false,0,true,false,-2000000000,-2000000000,-2000000000,-2000000000,-2000000000,-2000000000,-2000000000,true,5,10,2,,3,300,300,1,50,9,15,100,false,100,90,90,90,true,90,90,0,60,false,0,-1,0,false,-2000000000,false,false,60,-2000000000,-2000000000,-2000000000,-2000000000,-2000000000,5,0,,false,false,false,-2000000000,-2000000000,-2000000000,-2000000000,-2000000000,-2000000000,40,0,0,14,0,14
cm_exp_20180419_145624.xml,2018-04-19T15:13:56Z,Undefined,ONRM_RootMo_R,eNODEb,0074ML,1,1,,"SubNetwork=ONRM_RootMo_R,SubNetwork=eNODEb,MeContext=0074ML,ManagedElement=1,vsDataTransportNetwork=1,vsDataSctp=1",0,24,,1,40074,648,4,2,30,,1440,30,,true,false,1,true,true,,,,,,,,,-2000000000,-2000000000,-2000000000,-2000000000,100,true,0,false,255,1,200,-2000000000,-2000000000,-2000000000,-2000000000,"SubNetwork=ONRM_RootMo_R,SubNetwork=eNODEb,MeContext=0074ML,ManagedElement=1,vsDataIpSystem=1,vsDataIpAccessHostEt=1",false,false,0,true,false,-2000000000,-2000000000,-2000000000,-2000000000,-2000000000,-2000000000,-2000000000,true,5,10,2,,3,300,300,1,50,9,15,100,false,100,90,90,90,true,90,90,0,60,false,0,-1,0,false,-2000000000,false,false,60,-2000000000,-2000000000,-2000000000,-2000000000,-2000000000,5,0,,false,false,false,-2000000000,-2000000000,-2000000000,-2000000000,-2000000000,-2000000000,40,0,0,14,0,14
cm_exp_20180419_145649.xml,2018-04-19T15:13:56Z,Undefined,ONRM_RootMo_R,eNODEb,0082ML,1,1,,"SubNetwork=ONRM_RootMo_R,SubNetwork=eNODEb,MeContext=0082ML,ManagedElement=1,vsDataTransportNetwork=1,vsDataSctp=1",0,24,,1,40082,648,4,2,30,,1440,30,,true,false,1,true,true,,,,,,,,,-2000000000,-2000000000,-2000000000,-2000000000,100,true,0,false,255,1,200,-2000000000,-2000000000,-2000000000,-2000000000,"SubNetwork=ONRM_RootMo_R,SubNetwork=eNODEb,MeContext=0082ML,ManagedElement=1,vsDataIpSystem=1,vsDataIpAccessHostEt=1",false,false,0,true,false,-2000000000,-2000000000,-2000000000,-2000000000,-2000000000,-2000000000,-2000000000,true,5,10,2,,3,300,300,1,50,9,15,100,false,100,90,90,90,true,90,90,0,60,false,0,-1,0,false,-2000000000,false,false,60,-2000000000,-2000000000,-2000000000,-2000000000,-2000000000,5,0,,false,false,false,-2000000000,-2000000000,-2000000000,-2000000000,-2000000000,-2000000000,40,0,0,14,0,14
cm_exp_20180419_145711.xml,2018-04-19T15:13:56Z,Undefined,ONRM_RootMo_R,eNODEb,0091ML,1,1,,"SubNetwork=ONRM_RootMo_R,SubNetwork=eNODEb,MeContext=0091ML,ManagedElement=1,vsDataTransportNetwork=1,vsDataSctp=1",0,24,,1,40091,648,4,2,30,,1440,30,,true,false,1,true,true,,,,,,,,,-2000000000,-2000000000,-2000000000,-2000000000,100,true,0,false,255,1,200,-2000000000,-2000000000,-2000000000,-2000000000,"SubNetwork=ONRM_RootMo_R,SubNetwork=eNODEb,MeContext=0091ML,ManagedElement=1,vsDataIpSystem=1,vsDataIpAccessHostEt=1",false,false,0,true,false,-2000000000,-2000000000,-2000000000,-2000000000,-2000000000,-2000000000,-2000000000,true,5,10,2,,3,300,300,1,50,9,15,100,false,100,90,90,90,true,90,90,0,60,false,0,-1,0,false,-2000000000,false,false,60,-2000000000,-2000000000,-2000000000,-2000000000,-2000000000,5,0,,false,false,false,-2000000000,-2000000000,-2000000000,-2000000000,-2000000000,-2000000000,40,0,0,14,0,14
cm_exp_20180419_145733.xml,2018-04-19T15:13:56Z,Undefined,ONRM_RootMo_R,eNODEb,0099ML,1,1,,"SubNetwork=ONRM_RootMo_R,SubNetwork=eNODEb,MeContext=0099ML,ManagedElement=1,vsDataTransportNetwork=1,vsDataSctp=1",0,24,,1,40099,648,4,2,30,,1440,30,,true,false,1,true,true,,,,,,,,,-2000000000,-2000000000,-2000000000,-2000000000,100,true,0,false,255,1,200,-2000000000,-2000000000,-2000000000,-2000000000,"SubNetwork=ONRM_RootMo_R,SubNetwork=eNODEb,MeContext=0099ML,ManagedElement=1,vsDataIpSystem=1,vsDataIpAccessHostEt=1",false,false,0,true,false,-2000000000,-2000000000,-2000000000,-2000000000,-2000000000,-2000000000,-2000000000,true,5,10,2,,3,300,300,1,50,9,15,100,false,100,90,90,90,true,90,90,0,60,false,0,-1,0,false,-2000000000,false,false,60,-2000000000,-2000000000,-2000000000,-2000000000,-2000000000,5,0,,false,false,false,-2000000000,-2000000000,-2000000000,-2000000000,-2000000000,-2000000000,40,0,0,14,0,14
cm_exp_20180419_145810.xml,2018-04-19T15:13:56Z,Undefined,ONRM_RootMo_R,eNODEb,0106ML,1,1,,"SubNetwork=ONRM_RootMo_R,SubNetwork=eNODEb,MeContext=0106ML,ManagedElement=1,vsDataTransportNetwork=1,vsDataSctp=1",0,24,,1,40106,648,4,2,30,,1440,30,,true,false,1,true,true,,,,,,,,,-2000000000,-2000000000,-2000000000,-2000000000,100,true,0,false,255,1,200,-2000000000,-2000000000,-2000000000,-2000000000,"SubNetwork=ONRM_RootMo_R,SubNetwork=eNODEb,MeContext=0106ML,ManagedElement=1,vsDataIpSystem=1,vsDataIpAccessHostEt=1",false,false,0,true,false,-2000000000,-2000000000,-2000000000,-2000000000,-2000000000,-2000000000,-2000000000,true,5,10,2,,3,300,300,1,50,9,15,100,false,100,90,90,90,true,90,90,0,60,false,0,-1,0,false,-2000000000,false,false,60,-2000000000,-2000000000,-2000000000,-2000000000,-2000000000,5,0,,false,false,false,-2000000000,-2000000000,-2000000000,-2000000000,-2000000000,-2000000000,40,0,0,14,0,14
cm_exp_20180419_145835.xml,2018-04-19T15:13:56Z,Undefined,ONRM_RootMo_R,eNODEb,0119ML,1,1,,"SubNetwork=ONRM_RootMo_R,SubNetwork=eNODEb,MeContext=0119ML,ManagedElement=1,vsDataTransportNetwork=1,vsDataSctp=1",0,24,,1,40119,648,4,2,30,,1440,30,,true,false,1,true,true,,,,,,,,,-2000000000,-2000000000,-2000000000,-2000000000,100,true,0,false,255,1,200,-2000000000,-2000000000,-2000000000,-2000000000,"SubNetwork=ONRM_RootMo_R,SubNetwork=eNODEb,MeContext=0119ML,ManagedElement=1,vsDataIpSystem=1,vsDataIpAccessHostEt=1",false,false,0,true,false,-2000000000,-2000000000,-2000000000,-2000000000,-2000000000,-2000000000,-2000000000,true,5,10,2,,3,300,300,1,50,9,15,100,false,100,90,90,90,true,90,90,0,60,false,0,-1,0,false,-2000000000,false,false,60,-2000000000,-2000000000,-2000000000,-2000000000,-2000000000,5,0,,false,false,false,-2000000000,-2000000000,-2000000000,-2000000000,-2000000000,-2000000000,40,0,0,14,0,14
cm_exp_20180419_145940.xml,2018-04-19T15:13:56Z,Undefined,ONRM_RootMo_R,eNODEb,0138ML,1,1,,"SubNetwork=ONRM_RootMo_R,SubNetwork=eNODEb,MeContext=0138ML,ManagedElement=1,vsDataTransportNetwork=1,vsDataSctp=1",0,24,,1,40138,648,4,2,30,,1440,30,,true,false,1,true,true,,,,,,,,,-2000000000,-2000000000,-2000000000,-2000000000,100,true,0,false,255,1,200,-2000000000,-2000000000,-2000000000,-2000000000,"SubNetwork=ONRM_RootMo_R,SubNetwork=eNODEb,MeContext=0138ML,ManagedElement=1,vsDataIpSystem=1,vsDataIpAccessHostEt=1",false,false,0,true,false,-2000000000,-2000000000,-2000000000,-2000000000,-2000000000,-2000000000,-2000000000,true,5,10,2,,3,300,300,1,50,9,15,100,false,100,90,90,90,true,90,90,0,60,false,0,-1,0,false,-2000000000,false,false,60,-2000000000,-2000000000,-2000000000,-2000000000,-2000000000,5,0,,false,false,false,-2000000000,-2000000000,-2000000000,-2000000000,-2000000000,-2000000000,40,0,0,14,0,14
cm_exp_20180419_150007.xml,2018-04-19T15:13:56Z,Undefined,ONRM_RootMo_R,eNODEb,0150ML,1,1,,"SubNetwork=ONRM_RootMo_R,SubNetwork=eNODEb,MeContext=0150ML,ManagedElement=1,vsDataTransportNetwork=1,vsDataSctp=1",0,24,,1,40150,648,4,2,30,,1440,30,,true,false,1,true,true,,,,,,,,,-2000000000,-2000000000,-2000000000,-2000000000,100,true,0,false,255,1,200,-2000000000,-2000000000,-2000000000,-2000000000,"SubNetwork=ONRM_RootMo_R,SubNetwork=eNODEb,MeContext=0150ML,ManagedElement=1,vsDataIpSystem=1,vsDataIpAccessHostEt=1",false,false,0,true,false,-2000000000,-2000000000,-2000000000,-2000000000,-2000000000,-2000000000,-2000000000,true,5,10,2,,3,300,300,1,50,9,15,100,false,100,90,90,90,true,90,90,0,60,false,0,-1,0,false,-2000000000,false,false,60,-2000000000,-2000000000,-2000000000,-2000000000,-2000000000,5,0,,false,false,false,-2000000000,-2000000000,-2000000000,-2000000000,-2000000000,-2000000000,40,0,0,14,0,14
cm_exp_20180419_150024.xml,2018-04-19T15:13:56Z,Undefined,ONRM_RootMo_R,eNODEb,0154ML,1,1,,"SubNetwork=ONRM_RootMo_R,SubNetwork=eNODEb,MeContext=0154ML,ManagedElement=1,vsDataTransportNetwork=1,vsDataSctp=1",0,24,,1,40154,648,4,2,30,,1440,30,,true,false,1,true,true,,,,,,,,,-2000000000,-2000000000,-2000000000,-2000000000,100,true,0,false,255,1,200,-2000000000,-2000000000,-2000000000,-2000000000,"SubNetwork=ONRM_RootMo_R,SubNetwork=eNODEb,MeContext=0154ML,ManagedElement=1,vsDataIpSystem=1,vsDataIpAccessHostEt=1",false,false,0,true,false,-2000000000,-2000000000,-2000000000,-2000000000,-2000000000,-2000000000,-2000000000,true,5,10,2,,3,300,300,1,50,9,15,100,false,100,90,90,90,true,90,90,0,60,false,0,-1,0,false,-2000000000,false,false,60,-2000000000,-2000000000,-2000000000,-2000000000,-2000000000,5,0,,false,false,false,-2000000000,-2000000000,-2000000000,-2000000000,-2000000000,-2000000000,40,0,0,14,0,14
cm_exp_20180419_150054.xml,2018-04-19T15:13:56Z,Undefined,ONRM_RootMo_R,eNODEb,0196ML,1,1,,"SubNetwork=ONRM_RootMo_R,SubNetwork=eNODEb,MeContext=0196ML,ManagedElement=1,vsDataTransportNetwork=1,vsDataSctp=1",0,24,,1,40196,648,4,2,30,,1440,30,,true,false,1,true,true,,,,,,,,,-2000000000,-2000000000,-2000000000,-2000000000,100,true,0,false,255,1,200,-2000000000,-2000000000,-2000000000,-2000000000,"SubNetwork=ONRM_RootMo_R,SubNetwork=eNODEb,MeContext=0196ML,ManagedElement=1,vsDataIpSystem=1,vsDataIpAccessHostEt=1",false,false,0,true,false,-2000000000,-2000000000,-2000000000,-2000000000,-2000000000,-2000000000,-2000000000,true,5,10,2,,3,300,300,1,50,9,15,100,false,100,90,90,90,true,90,90,0,60,false,0,-1,0,false,-2000000000,false,false,60,-2000000000,-2000000000,-2000000000,-2000000000,-2000000000,5,0,,false,false,false,-2000000000,-2000000000,-2000000000,-2000000000,-2000000000,-2000000000,40,0,0,14,0,14
cm_exp_20180419_150110.xml,2018-04-19T15:13:56Z,Undefined,ONRM_RootMo_R,eNODEb,0198ML,1,1,,"SubNetwork=ONRM_RootMo_R,SubNetwork=eNODEb,MeContext=0198ML,ManagedElement=1,vsDataTransportNetwork=1,vsDataSctp=1",0,24,,1,40198,648,4,2,30,,1440,30,,true,false,1,true,true,,,,,,,,,-2000000000,-2000000000,-2000000000,-2000000000,100,true,0,false,255,1,200,-2000000000,-2000000000,-2000000000,-2000000000,"SubNetwork=ONRM_RootMo_R,SubNetwork=eNODEb,MeContext=0198ML,ManagedElement=1,vsDataIpSystem=1,vsDataIpAccessHostEt=1",false,false,0,true,false,-2000000000,-2000000000,-2000000000,-2000000000,-2000000000,-2000000000,-2000000000,true,5,10,2,,3,300,300,1,50,9,15,100,false,100,90,90,90,true,90,90,0,60,false,0,-1,0,false,-2000000000,false,false,60,-2000000000,-2000000000,-2000000000,-2000000000,-2000000000,5,0,,false,false,false,-2000000000,-2000000000,-2000000000,-2000000000,-2000000000,-2000000000,40,0,0,14,0,14
cm_exp_20180419_150127.xml,2018-04-19T15:13:56Z,Undefined,ONRM_RootMo_R,eNODEb,0204ML,1,1,,"SubNetwork=ONRM_RootMo_R,SubNetwork=eNODEb,MeContext=0204ML,ManagedElement=1,vsDataTransportNetwork=1,vsDataSctp=1",0,24,,1,40204,648,4,2,30,,1440,30,,true,false,1,true,true,,,,,,,,,-2000000000,-2000000000,-2000000000,-2000000000,100,true,0,false,255,1,200,-2000000000,-2000000000,-2000000000,-2000000000,"SubNetwork=ONRM_RootMo_R,SubNetwork=eNODEb,MeContext=0204ML,ManagedElement=1,vsDataIpSystem=1,vsDataIpAccessHostEt=1",false,false,0,true,false,-2000000000,-2000000000,-2000000000,-2000000000,-2000000000,-2000000000,-2000000000,true,5,10,2,,3,300,300,1,50,9,15,100,false,100,90,90,90,true,90,90,0,60,false,0,-1,0,false,-2000000000,false,false,60,-2000000000,-2000000000,-2000000000,-2000000000,-2000000000,5,0,,false,false,false,-2000000000,-2000000000,-2000000000,-2000000000,-2000000000,-2000000000,40,0,0,14,0,14
cm_exp_20180419_150146.xml,2018-04-19T15:13:56Z,Undefined,ONRM_RootMo_R,eNODEb,0205ML,1,1,,"SubNetwork=ONRM_RootMo_R,SubNetwork=eNODEb,MeContext=0205ML,ManagedElement=1,vsDataTransportNetwork=1,vsDataSctp=1",0,24,,1,40205,648,4,2,30,,1440,30,,true,false,1,true,true,,,,,,,,,-2000000000,-2000000000,-2000000000,-2000000000,100,true,0,false,255,1,200,-2000000000,-2000000000,-2000000000,-2000000000,"SubNetwork=ONRM_RootMo_R,SubNetwork=eNODEb,MeContext=0205ML,ManagedElement=1,vsDataIpSystem=1,vsDataIpAccessHostEt=1",false,false,0,true,false,-2000000000,-2000000000,-2000000000,-2000000000,-2000000000,-2000000000,-2000000000,true,5,10,2,,3,300,300,1,50,9,15,100,false,100,90,90,90,true,90,90,0,60,false,0,-1,0,false,-2000000000,false,false,60,-2000000000,-2000000000,-2000000000,-2000000000,-2000000000,5,0,,false,false,false,-2000000000,-2000000000,-2000000000,-2000000000,-2000000000,-2000000000,40,0,0,14,0,14
cm_exp_20180419_150215.xml,2018-04-19T15:13:56Z,Undefined,ONRM_RootMo_R,eNODEb,0225ML,1,1,,"SubNetwork=ONRM_RootMo_R,SubNetwork=eNODEb,MeContext=0225ML,ManagedElement=1,vsDataTransportNetwork=1,vsDataSctp=1",0,24,,1,40225,648,4,2,30,,1440,30,,true,false,1,true,true,,,,,,,,,-2000000000,-2000000000,-2000000000,-2000000000,100,true,0,false,255,1,200,-2000000000,-2000000000,-2000000000,-2000000000,"SubNetwork=ONRM_RootMo_R,SubNetwork=eNODEb,MeContext=0225ML,ManagedElement=1,vsDataIpSystem=1,vsDataIpAccessHostEt=1",false,false,0,true,false,-2000000000,-2000000000,-2000000000,-2000000000,-2000000000,-2000000000,-2000000000,true,5,10,2,,3,300,300,1,50,9,15,100,false,100,90,90,90,true,90,90,0,60,false,0,-1,0,false,-2000000000,false,false,60,-2000000000,-2000000000,-2000000000,-2000000000,-2000000000,5,0,,false,false,false,-2000000000,-2000000000,-2000000000,-2000000000,-2000000000,-2000000000,40,0,0,14,0,14
cm_exp_20180419_150249.xml,2018-04-19T15:13:56Z,Undefined,ONRM_RootMo_R,eNODEb,0230ML,1,1,,"SubNetwork=ONRM_RootMo_R,SubNetwork=eNODEb,MeContext=0230ML,ManagedElement=1,vsDataTransportNetwork=1,vsDataSctp=1",0,24,,1,40230,648,4,2,30,,1440,30,,true,false,1,true,true,,,,,,,,,-2000000000,-2000000000,-2000000000,-2000000000,100,true,0,false,255,1,200,-2000000000,-2000000000,-2000000000,-2000000000,"SubNetwork=ONRM_RootMo_R,SubNetwork=eNODEb,MeContext=0230ML,ManagedElement=1,vsDataIpSystem=1,vsDataIpAccessHostEt=1",false,false,0,true,false,-2000000000,-2000000000,-2000000000,-2000000000,-2000000000,-2000000000,-2000000000,true,5,10,2,,3,300,300,1,50,9,15,100,false,100,90,90,90,true,90,90,0,60,false,0,-1,0,false,-2000000000,false,false,60,-2000000000,-2000000000,-2000000000,-2000000000,-2000000000,5,0,,false,false,false,-2000000000,-2000000000,-2000000000,-2000000000,-2000000000,-2000000000,40,0,0,14,0,14
cm_exp_20180419_150408.xml,2018-04-19T15:13:56Z,Undefined,ONRM_RootMo_R,eNODEb,0230ML,1,1,,"SubNetwork=ONRM_RootMo_R,SubNetwork=eNODEb,MeContext=0230ML,ManagedElement=1,vsDataTransportNetwork=1,vsDataSctp=1",0,24,,1,40230,648,4,2,30,,1440,30,,true,false,1,true,true,,,,,,,,,-2000000000,-2000000000,-2000000000,-2000000000,100,true,0,false,255,1,200,-2000000000,-2000000000,-2000000000,-2000000000,"SubNetwork=ONRM_RootMo_R,SubNetwork=eNODEb,MeContext=0230ML,ManagedElement=1,vsDataIpSystem=1,vsDataIpAccessHostEt=1",false,false,0,true,false,-2000000000,-2000000000,-2000000000,-2000000000,-2000000000,-2000000000,-2000000000,true,5,10,2,,3,300,300,1,50,9,15,100,false,100,90,90,90,true,90,90,0,60,false,0,-1,0,false,-2000000000,false,false,60,-2000000000,-2000000000,-2000000000,-2000000000,-2000000000,5,0,,false,false,false,-2000000000,-2000000000,-2000000000,-2000000000,-2000000000,-2000000000,40,0,0,14,0,14
cm_exp_20180419_150451.xml,2018-04-19T15:13:56Z,Undefined,ONRM_RootMo_R,eNODEb,0243ML,1,1,,"SubNetwork=ONRM_RootMo_R,SubNetwork=eNODEb,MeContext=0243ML,ManagedElement=1,vsDataTransportNetwork=1,vsDataSctp=1",0,24,,1,40243,648,4,2,30,,1440,30,,true,false,1,true,true,,,,,,,,,-2000000000,-2000000000,-2000000000,-2000000000,100,true,0,false,255,1,200,-2000000000,-2000000000,-2000000000,-2000000000,"SubNetwork=ONRM_RootMo_R,SubNetwork=eNODEb,MeContext=0243ML,ManagedElement=1,vsDataIpSystem=1,vsDataIpAccessHostEt=1",false,false,0,true,false,-2000000000,-2000000000,-2000000000,-2000000000,-2000000000,-2000000000,-2000000000,true,5,10,2,,3,300,300,1,50,9,15,100,false,100,90,90,90,true,90,90,0,60,false,0,-1,0,false,-2000000000,false,false,60,-2000000000,-2000000000,-2000000000,-2000000000,-2000000000,5,0,,false,false,false,-2000000000,-2000000000,-2000000000,-2000000000,-2000000000,-2000000000,40,0,0,14,0,14
cm_exp_20180419_150511.xml,2018-04-19T15:13:56Z,Undefined,ONRM_RootMo_R,eNODEb,0250ML,1,1,,"SubNetwork=ONRM_RootMo_R,SubNetwork=eNODEb,MeContext=0250ML,ManagedElement=1,vsDataTransportNetwork=1,vsDataSctp=1",0,24,,1,40250,648,4,2,30,,1440,30,,true,false,1,true,true,,,,,,,,,-2000000000,-2000000000,-2000000000,-2000000000,100,true,0,false,255,1,200,-2000000000,-2000000000,-2000000000,-2000000000,"SubNetwork=ONRM_RootMo_R,SubNetwork=eNODEb,MeContext=0250ML,ManagedElement=1,vsDataIpSystem=1,vsDataIpAccessHostEt=1",false,false,0,true,false,-2000000000,-2000000000,-2000000000,-2000000000,-2000000000,-2000000000,-2000000000,true,5,10,2,,3,300,300,1,50,9,15,100,false,100,90,90,90,true,90,90,0,60,false,0,-1,0,false,-2000000000,false,false,60,-2000000000,-2000000000,-2000000000,-2000000000,-2000000000,5,0,,false,false,false,-2000000000,-2000000000,-2000000000,-2000000000,-2000000000,-2000000000,40,0,0,14,0,14
cm_exp_20180419_150529.xml,2018-04-19T15:13:56Z,Undefined,ONRM_RootMo_R,eNODEb,0255ML,1,1,,"SubNetwork=ONRM_RootMo_R,SubNetwork=eNODEb,MeContext=0255ML,ManagedElement=1,vsDataTransportNetwork=1,vsDataSctp=1",0,24,,1,40255,648,4,2,30,,1440,30,,true,false,1,true,true,,,,,,,,,-2000000000,-2000000000,-2000000000,-2000000000,100,true,0,false,255,1,200,-2000000000,-2000000000,-2000000000,-2000000000,"SubNetwork=ONRM_RootMo_R,SubNetwork=eNODEb,MeContext=0255ML,ManagedElement=1,vsDataIpSystem=1,vsDataIpAccessHostEt=1",false,false,0,true,false,-2000000000,-2000000000,-2000000000,-2000000000,-2000000000,-2000000000,-2000000000,true,5,10,2,,3,300,300,1,50,9,15,100,false,100,90,90,90,true,90,90,0,60,false,0,-1,0,false,-2000000000,false,false,60,-2000000000,-2000000000,-2000000000,-2000000000,-2000000000,5,0,,false,false,false,-2000000000,-2000000000,-2000000000,-2000000000,-2000000000,-2000000000,40,0,0,14,0,14
cm_exp_20180419_150554.xml,2018-04-19T15:13:56Z,Undefined,ONRM_RootMo_R,eNODEb,0270ML,1,1,,"SubNetwork=ONRM_RootMo_R,SubNetwork=eNODEb,MeContext=0270ML,ManagedElement=1,vsDataTransportNetwork=1,vsDataSctp=1",0,24,,1,40270,648,4,2,30,,1440,30,,true,false,1,true,true,,,,,,,,,-2000000000,-2000000000,-2000000000,-2000000000,100,true,0,false,255,1,200,-2000000000,-2000000000,-2000000000,-2000000000,"SubNetwork=ONRM_RootMo_R,SubNetwork=eNODEb,MeContext=0270ML,ManagedElement=1,vsDataIpSystem=1,vsDataIpAccessHostEt=1",false,false,0,true,false,-2000000000,-2000000000,-2000000000,-2000000000,-2000000000,-2000000000,-2000000000,true,5,10,2,,3,300,300,1,50,9,15,100,false,100,90,90,90,true,90,90,0,60,false,0,-1,0,false,-2000000000,false,false,60,-2000000000,-2000000000,-2000000000,-2000000000,-2000000000,5,0,,false,false,false,-2000000000,-2000000000,-2000000000,-2000000000,-2000000000,-2000000000,40,0,0,14,0,14
cm_exp_20180419_150618.xml,2018-04-19T15:13:56Z,Undefined,ONRM_RootMo_R,eNODEb,0304ML,1,1,,"SubNetwork=ONRM_RootMo_R,SubNetwork=eNODEb,MeContext=0304ML,ManagedElement=1,vsDataTransportNetwork=1,vsDataSctp=1",0,24,,1,40304,648,4,2,30,,1440,30,,true,false,1,true,true,,,,,,,,,-2000000000,-2000000000,-2000000000,-2000000000,100,true,0,false,255,1,200,-2000000000,-2000000000,-2000000000,-2000000000,"SubNetwork=ONRM_RootMo_R,SubNetwork=eNODEb,MeContext=0304ML,ManagedElement=1,vsDataIpSystem=1,vsDataIpAccessHostEt=1",false,false,0,true,false,-2000000000,-2000000000,-2000000000,-2000000000,-2000000000,-2000000000,-2000000000,true,5,10,2,,3,300,300,1,50,9,15,100,false,100,90,90,90,true,90,90,0,60,false,0,-1,0,false,-2000000000,false,false,60,-2000000000,-2000000000,-2000000000,-2000000000,-2000000000,5,0,,false,false,false,-2000000000,-2000000000,-2000000000,-2000000000,-2000000000,-2000000000,40,0,0,14,0,14
cm_exp_20180419_150643.xml,2018-04-19T15:13:56Z,Undefined,ONRM_RootMo_R,eNODEb,0312ML,1,1,,"SubNetwork=ONRM_RootMo_R,SubNetwork=eNODEb,MeContext=0312ML,ManagedElement=1,vsDataTransportNetwork=1,vsDataSctp=1",0,24,,1,40312,648,4,2,30,,1440,30,,true,false,1,true,true,,,,,,,,,-2000000000,-2000000000,-2000000000,-2000000000,100,true,0,false,255,1,200,-2000000000,-2000000000,-2000000000,-2000000000,"SubNetwork=ONRM_RootMo_R,SubNetwork=eNODEb,MeContext=0312ML,ManagedElement=1,vsDataIpSystem=1,vsDataIpAccessHostEt=1",false,false,0,true,false,-2000000000,-2000000000,-2000000000,-2000000000,-2000000000,-2000000000,-2000000000,true,5,10,2,,3,300,300,1,50,9,15,100,false,100,90,90,90,true,90,90,0,60,false,0,-1,0,false,-2000000000,false,false,60,-2000000000,-2000000000,-2000000000,-2000000000,-2000000000,5,0,,false,false,false,-2000000000,-2000000000,-2000000000,-2000000000,-2000000000,-2000000000,40,0,0,14,0,14
cm_exp_20180419_150750.xml,2018-04-19T15:13:56Z,Undefined,ONRM_RootMo_R,eNODEb,0370ML,1,1,,"SubNetwork=ONRM_RootMo_R,SubNetwork=eNODEb,MeContext=0370ML,ManagedElement=1,vsDataTransportNetwork=1,vsDataSctp=1",0,24,,1,40370,648,4,2,30,,1440,30,,true,false,1,true,true,,,,,,,,,-2000000000,-2000000000,-2000000000,-2000000000,100,true,0,false,255,1,200,-2000000000,-2000000000,-2000000000,-2000000000,"SubNetwork=ONRM_RootMo_R,SubNetwork=eNODEb,MeContext=0370ML,ManagedElement=1,vsDataIpSystem=1,vsDataIpAccessHostEt=1",false,false,0,true,false,-2000000000,-2000000000,-2000000000,-2000000000,-2000000000,-2000000000,-2000000000,true,5,10,2,,3,300,300,1,50,9,15,100,false,100,90,90,90,true,90,90,0,60,false,0,-1,0,false,-2000000000,false,false,60,-2000000000,-2000000000,-2000000000,-2000000000,-2000000000,5,0,,false,false,false,-2000000000,-2000000000,-2000000000,-2000000000,-2000000000,-2000000000,40,0,0,14,0,14
cm_exp_20180419_150814.xml,2018-04-19T15:13:56Z,Undefined,ONRM_RootMo_R,eNODEb,0378ML,1,1,,"SubNetwork=ONRM_RootMo_R,SubNetwork=eNODEb,MeContext=0378ML,ManagedElement=1,vsDataTransportNetwork=1,vsDataSctp=1",0,24,,1,40378,648,4,2,30,,1440,30,,true,false,1,true,true,,,,,,,,,-2000000000,-2000000000,-2000000000,-2000000000,100,true,0,false,255,1,200,-2000000000,-2000000000,-2000000000,-2000000000,"SubNetwork=ONRM_RootMo_R,SubNetwork=eNODEb,MeContext=0378ML,ManagedElement=1,vsDataIpSystem=1,vsDataIpAccessHostEt=1",false,false,0,true,false,-2000000000,-2000000000,-2000000000,-2000000000,-2000000000,-2000000000,-2000000000,true,5,10,2,,3,300,300,1,50,9,15,100,false,100,90,90,90,true,90,90,0,60,false,0,-1,0,false,-2000000000,false,false,60,-2000000000,-2000000000,-2000000000,-2000000000,-2000000000,5,0,,false,false,false,-2000000000,-2000000000,-2000000000,-2000000000,-2000000000,-2000000000,40,0,0,14,0,14
cm_exp_20180419_150846.xml,2018-04-19T15:13:56Z,Undefined,ONRM_RootMo_R,eNODEb,0380ML,1,1,,"SubNetwork=ONRM_RootMo_R,SubNetwork=eNODEb,MeContext=0380ML,ManagedElement=1,vsDataTransportNetwork=1,vsDataSctp=1",0,24,,1,40380,648,4,2,30,,1440,30,,true,false,1,true,true,,,,,,,,,-2000000000,-2000000000,-2000000000,-2000000000,100,true,0,false,255,1,200,-2000000000,-2000000000,-2000000000,-2000000000,"SubNetwork=ONRM_RootMo_R,SubNetwork=eNODEb,MeContext=0380ML,ManagedElement=1,vsDataIpSystem=1,vsDataIpAccessHostEt=1",false,false,0,true,false,-2000000000,-2000000000,-2000000000,-2000000000,-2000000000,-2000000000,-2000000000,true,5,10,2,,3,300,300,1,50,9,15,100,false,100,90,90,90,true,90,90,0,60,false,0,-1,0,false,-2000000000,false,false,60,-2000000000,-2000000000,-2000000000,-2000000000,-2000000000,5,0,,false,false,false,-2000000000,-2000000000,-2000000000,-2000000000,-2000000000,-2000000000,40,0,0,14,0,14
cm_exp_20180419_150917.xml,2018-04-19T15:13:56Z,Undefined,ONRM_RootMo_R,eNODEb,0430ML,1,1,,"SubNetwork=ONRM_RootMo_R,SubNetwork=eNODEb,MeContext=0430ML,ManagedElement=1,vsDataTransportNetwork=1,vsDataSctp=1",0,24,,1,40430,648,4,2,30,,1440,30,,true,false,1,true,true,,,,,,,,,-2000000000,-2000000000,-2000000000,-2000000000,100,true,0,false,255,1,200,-2000000000,-2000000000,-2000000000,-2000000000,"SubNetwork=ONRM_RootMo_R,SubNetwork=eNODEb,MeContext=0430ML,ManagedElement=1,vsDataIpSystem=1,vsDataIpAccessHostEt=1",false,false,0,true,false,-2000000000,-2000000000,-2000000000,-2000000000,-2000000000,-2000000000,-2000000000,true,5,10,2,,3,300,300,1,50,9,15,100,false,100,90,90,90,true,90,90,0,60,false,0,-1,0,false,-2000000000,false,false,60,-2000000000,-2000000000,-2000000000,-2000000000,-2000000000,5,0,,false,false,false,-2000000000,-2000000000,-2000000000,-2000000000,-2000000000,-2000000000,40,0,0,14,0,14
cm_exp_20180419_150943.xml,2018-04-19T15:13:56Z,Undefined,ONRM_RootMo_R,eNODEb,0445ML,1,1,,"SubNetwork=ONRM_RootMo_R,SubNetwork=eNODEb,MeContext=0445ML,ManagedElement=1,vsDataTransportNetwork=1,vsDataSctp=1",0,24,,1,40445,648,4,2,30,,1440,30,,true,false,1,true,true,,,,,,,,,-2000000000,-2000000000,-2000000000,-2000000000,100,true,0,false,255,1,200,-2000000000,-2000000000,-2000000000,-2000000000,"SubNetwork=ONRM_RootMo_R,SubNetwork=eNODEb,MeContext=0445ML,ManagedElement=1,vsDataIpSystem=1,vsDataIpAccessHostEt=1",false,false,0,true,false,-2000000000,-2000000000,-2000000000,-2000000000,-2000000000,-2000000000,-2000000000,true,5,10,2,,3,300,300,1,50,9,15,100,false,100,90,90,90,true,90,90,0,60,false,0,-1,0,false,-2000000000,false,false,60,-2000000000,-2000000000,-2000000000,-2000000000,-2000000000,5,0,,false,false,false,-2000000000,-2000000000,-2000000000,-2000000000,-2000000000,-2000000000,40,0,0,14,0,14
cm_exp_20180419_151002.xml,2018-04-19T15:13:56Z,Undefined,ONRM_RootMo_R,eNODEb,0447ML,1,1,,"SubNetwork=ONRM_RootMo_R,SubNetwork=eNODEb,MeContext=0447ML,ManagedElement=1,vsDataTransportNetwork=1,vsDataSctp=1",0,24,,1,40447,648,4,2,30,,1440,30,,true,false,1,true,true,,,,,,,,,-2000000000,-2000000000,-2000000000,-2000000000,100,true,0,false,255,1,200,-2000000000,-2000000000,-2000000000,-2000000000,"SubNetwork=ONRM_RootMo_R,SubNetwork=eNODEb,MeContext=0447ML,ManagedElement=1,vsDataIpSystem=1,vsDataIpAccessHostEt=1",false,false,0,true,false,-2000000000,-2000000000,-2000000000,-2000000000,-2000000000,-2000000000,-2000000000,true,5,10,2,,3,300,300,1,50,9,15,100,false,100,90,90,90,true,90,90,0,60,false,0,-1,0,false,-2000000000,false,false,60,-2000000000,-2000000000,-2000000000,-2000000000,-2000000000,5,0,,false,false,false,-2000000000,-2000000000,-2000000000,-2000000000,-2000000000,-2000000000,40,0,0,14,0,14
cm_exp_20180419_151042.xml,2018-04-19T15:13:56Z,Undefined,ONRM_RootMo_R,eNODEb,0468ML,1,1,,"SubNetwork=ONRM_RootMo_R,SubNetwork=eNODEb,MeContext=0468ML,ManagedElement=1,vsDataTransportNetwork=1,vsDataSctp=1",0,24,,1,40468,648,4,2,30,,1440,30,,true,false,1,true,true,,,,,,,,,-2000000000,-2000000000,-2000000000,-2000000000,100,true,0,false,255,1,200,-2000000000,-2000000000,-2000000000,-2000000000,"SubNetwork=ONRM_RootMo_R,SubNetwork=eNODEb,MeContext=0468ML,ManagedElement=1,vsDataIpSystem=1,vsDataIpAccessHostEt=1",false,false,0,true,false,-2000000000,-2000000000,-2000000000,-2000000000,-2000000000,-2000000000,-2000000000,true,5,10,2,,3,300,300,1,50,9,15,100,false,100,90,90,90,true,90,90,0,60,false,0,-1,0,false,-2000000000,false,false,60,-2000000000,-2000000000,-2000000000,-2000000000,-2000000000,5,0,,false,false,false,-2000000000,-2000000000,-2000000000,-2000000000,-2000000000,-2000000000,40,0,0,14,0,14
cm_exp_20180419_151106.xml,2018-04-19T15:13:56Z,Undefined,ONRM_RootMo_R,eNODEb,0474ML,1,1,0474ML,"SubNetwork=ONRM_RootMo_R,SubNetwork=eNODEb,MeContext=0474ML,ManagedElement=1,vsDataTransportNetwork=1,vsDataSctp=1",0,24,,1,40001,648,4,2,30,,1440,30,,true,false,1,true,true,,,,,,,,,-2000000000,-2000000000,-2000000000,-2000000000,100,true,0,false,255,1,200,-2000000000,-2000000000,-2000000000,-2000000000,"SubNetwork=ONRM_RootMo_R,SubNetwork=eNODEb,MeContext=0474ML,ManagedElement=1,vsDataIpSystem=1,vsDataIpAccessHostEt=1",false,false,0,true,false,-2000000000,-2000000000,-2000000000,-2000000000,-2000000000,-2000000000,-2000000000,true,5,10,2,,3,300,300,1,50,9,15,100,false,100,90,90,90,true,90,90,0,60,false,0,-1,0,false,-2000000000,false,false,60,-2000000000,-2000000000,-2000000000,-2000000000,-2000000000,5,0,,false,false,false,-2000000000,-2000000000,-2000000000,-2000000000,-2000000000,-2000000000,40,0,0,14,0,14
cm_exp_20180419_151217.xml,2018-04-19T15:13:56Z,Undefined,ONRM_RootMo_R,eNODEb,0573ML,1,1,,"SubNetwork=ONRM_RootMo_R,SubNetwork=eNODEb,MeContext=0573ML,ManagedElement=1,vsDataTransportNetwork=1,vsDataSctp=1",0,24,,1,40573,648,4,2,30,,1440,30,,true,false,1,true,true,,,,,,,,,-2000000000,-2000000000,-2000000000,-2000000000,100,true,0,false,255,1,200,-2000000000,-2000000000,-2000000000,-2000000000,"SubNetwork=ONRM_RootMo_R,SubNetwork=eNODEb,MeContext=0573ML,ManagedElement=1,vsDataIpSystem=1,vsDataIpAccessHostEt=1",false,false,0,true,false,-2000000000,-2000000000,-2000000000,-2000000000,-2000000000,-2000000000,-2000000000,true,5,10,2,,3,300,300,1,50,9,15,100,false,100,90,90,90,true,90,90,0,60,false,0,-1,0,false,-2000000000,false,false,60,-2000000000,-2000000000,-2000000000,-2000000000,-2000000000,5,0,,false,false,false,-2000000000,-2000000000,-2000000000,-2000000000,-2000000000,-2000000000,40,0,0,14,0,14
cm_exp_20180419_151236.xml,2018-04-19T15:13:56Z,Undefined,ONRM_RootMo_R,eNODEb,0620ML,1,1,,"SubNetwork=ONRM_RootMo_R,SubNetwork=eNODEb,MeContext=0620ML,ManagedElement=1,vsDataTransportNetwork=1,vsDataSctp=1",0,24,,1,40620,648,4,2,30,,1440,30,,true,false,1,true,true,,,,,,,,,-2000000000,-2000000000,-2000000000,-2000000000,100,true,0,false,255,1,200,-2000000000,-2000000000,-2000000000,-2000000000,"SubNetwork=ONRM_RootMo_R,SubNetwork=eNODEb,MeContext=0620ML,ManagedElement=1,vsDataIpSystem=1,vsDataIpAccessHostEt=1",false,false,0,true,false,-2000000000,-2000000000,-2000000000,-2000000000,-2000000000,-2000000000,-2000000000,true,5,10,2,,3,300,300,1,50,9,15,100,false,100,90,90,90,true,90,90,0,60,false,0,-1,0,false,-2000000000,false,false,60,-2000000000,-2000000000,-2000000000,-2000000000,-2000000000,5,0,,false,false,false,-2000000000,-2000000000,-2000000000,-2000000000,-2000000000,-2000000000,40,0,0,14,0,14
cm_exp_20180419_151301.xml,2018-04-19T15:13:56Z,Undefined,ONRM_RootMo_R,eNODEb,0876ML,1,1,,"SubNetwork=ONRM_RootMo_R,SubNetwork=eNODEb,MeContext=0876ML,ManagedElement=1,vsDataTransportNetwork=1,vsDataSctp=1",0,24,,1,40876,648,4,2,30,,1440,30,,true,false,1,true,true,,,,,,,,,-2000000000,-2000000000,-2000000000,-2000000000,100,true,0,false,255,1,200,-2000000000,-2000000000,-2000000000,-2000000000,"SubNetwork=ONRM_RootMo_R,SubNetwork=eNODEb,MeContext=0876ML,ManagedElement=1,vsDataIpSystem=1,vsDataIpAccessHostEt=1",false,false,0,true,false,-2000000000,-2000000000,-2000000000,-2000000000,-2000000000,-2000000000,-2000000000,true,5,10,2,,3,300,300,1,50,9,15,100,false,100,90,90,90,true,90,90,0,60,false,0,-1,0,false,-2000000000,false,false,60,-2000000000,-2000000000,-2000000000,-2000000000,-2000000000,5,0,,false,false,false,-2000000000,-2000000000,-2000000000,-2000000000,-2000000000,-2000000000,40,0,0,14,0,14
cm_exp_20180419_151348.xml,2018-04-19T15:13:56Z,Undefined,ONRM_RootMo_R,eNODEb,0983ML,1,1,,"SubNetwork=ONRM_RootMo_R,SubNetwork=eNODEb,MeContext=0983ML,ManagedElement=1,vsDataTransportNetwork=1,vsDataSctp=1",0,24,,1,40983,648,4,2,30,,1440,30,,true,false,1,true,false,,,,,,,,,-2000000000,-2000000000,-2000000000,-2000000000,100,true,0,false,255,1,200,-2000000000,-2000000000,-2000000000,-2000000000,"SubNetwork=ONRM_RootMo_R,SubNetwork=eNODEb,MeContext=0983ML,ManagedElement=1,vsDataIpSystem=1,vsDataIpAccessHostEt=1",false,false,0,true,false,-2000000000,-2000000000,-2000000000,-2000000000,-2000000000,-2000000000,-2000000000,true,5,10,2,,3,300,300,1,50,9,15,100,false,100,90,90,90,true,90,90,0,60,false,0,-1,0,false,-2000000000,false,false,60,-2000000000,-2000000000,-2000000000,-2000000000,-2000000000,5,0,,false,false,false,-2000000000,-2000000000,-2000000000,-2000000000,-2000000000,-2000000000,40,0,0,14,0,14
