FileName,varDateTime,configData_dnPrefix,SubNetwork_id,SubNetwork_2_id,MeContext_id,ManagedElement_id,vsDataENodeBFunction_id,vsDataEUtranCellFDD_id,vsDataUtranFreqRelation_id,cellReselectionPriority,pMaxUtra,qQualMin,qRxLevMin,threshXHigh,threshXLow,userLabel,adjacentFreq,allowedPlmnList_mcc,allowedPlmnList_mnc,allowedPlmnList_mncLength,connectedModeMobilityPrio,csFallbackPrio,qOffsetFreq,csFallbackPrioEC,mobilityAction,mobilityActionCsfb,threshXHighQ,threshXLowQ,voicePrio,anrMeasOn,utranFreqToQciProfileRelation,maxNrUtranCellRelations,lbBnrPolicy,altCsfbTargetPrioEc,altCsfbTargetPrio,b2Thr1RsrqUtraFreqOffset,b2Thr2RscpUtraFreqOffset,b2Thr1RsrpUtraFreqOffset,b2Thr2EcNoUtraFreqOffset,atoAllowed
cm_exp_20180419_145031.xml,2018-04-19T15:13:56Z,Undefined,ONRM_RootMo_R,eNODEb,0003ML,1,1,0003MLA,10562,3,24,-18,-115,4,0,,"SubNetwork=ONRM_RootMo_R,FreqManagement=1,ExternalUtranFreq=10562",1;1;1;1;1;1;1;1;1;1;1;1;1;1;1,1;1;1;1;1;1;1;1;1;1;1;1;1;1;1,2;2;2;2;2;2;2;2;2;2;2;2;2;2;2,6,0,0,0,2,0,0,0,0,true,,32,3,0,0,0,0,0,0,false
cm_exp_20180419_145031.xml,2018-04-19T15:13:56Z,Undefined,ONRM_RootMo_R,eNODEb,0003ML,1,1,0003MLA,10587,3,24,-18,-115,4,0,,"SubNetwork=ONRM_RootMo_R,FreqManagement=1,ExternalUtranFreq=10587",1;1;1;1;1;1;1;1;1;1;1;1;1;1;1,1;1;1;1;1;1;1;1;1;1;1;1;1;1;1,2;2;2;2;2;2;2;2;2;2;2;2;2;2;2,6,0,0,0,2,0,0,0,0,true,,32,3,0,0,0,0,0,0,false
cm_exp_20180419_145031.xml,2018-04-19T15:13:56Z,Undefined,ONRM_RootMo_R,eNODEb,0003ML,1,1,0003MLB,10562,3,24,-18,-115,4,0,,"SubNetwork=ONRM_RootMo_R,FreqManagement=1,ExternalUtranFreq=10562",1;1;1;1;1;1;1;1;1;1;1;1;1;1;1,1;1;1;1;1;1;1;1;1;1;1;1;1;1;1,2;2;2;2;2;2;2;2;2;2;2;2;2;2;2,6,0,0,0,2,0,0,0,0,true,,32,3,0,0,0,0,0,0,false
cm_exp_20180419_145031.xml,2018-04-19T15:13:56Z,Undefined,ONRM_RootMo_R,eNODEb,0003ML,1,1,0003MLB,10587,3,24,-18,-115,4,0,,"SubNetwork=ONRM_RootMo_R,FreqManagement=1,ExternalUtranFreq=10587",1;1;1;1;1;1;1;1;1;1;1;1;1;1;1,1;1;1;1;1;1;1;1;1;1;1;1;1;1;1,2;2;2;2;2;2;2;2;2;2;2;2;2;2;2,6,0,0,0,2,0,0,0,0,true,,32,3,0,0,0,0,0,0,false
cm_exp_20180419_145031.xml,2018-04-19T15:13:56Z,Undefined,ONRM_RootMo_R,eNODEb,0003ML,1,1,0003MLC,10562,3,24,-18,-115,4,0,,"SubNetwork=ONRM_RootMo_R,FreqManagement=1,ExternalUtranFreq=10562",1;1;1;1;1;1;1;1;1;1;1;1;1;1;1,1;1;1;1;1;1;1;1;1;1;1;1;1;1;1,2;2;2;2;2;2;2;2;2;2;2;2;2;2;2,6,0,0,0,2,0,0,0,0,true,,32,3,0,0,0,0,0,0,false
cm_exp_20180419_145031.xml,2018-04-19T15:13:56Z,Undefined,ONRM_RootMo_R,eNODEb,0003ML,1,1,0003MLC,10587,3,24,-18,-115,4,0,,"SubNetwork=ONRM_RootMo_R,FreqManagement=1,ExternalUtranFreq=10587",1;1;1;1;1;1;1;1;1;1;1;1;1;1;1,1;1;1;1;1;1;1;1;1;1;1;1;1;1;1,2;2;2;2;2;2;2;2;2;2;2;2;2;2;2,6,0,0,0,2,0,0,0,0,true,,32,3,0,0,0,0,0,0,false
cm_exp_20180419_145108.xml,2018-04-19T15:13:56Z,Undefined,ONRM_RootMo_R,eNODEb,0009ML,1,1,0009MLA,10562,3,24,-18,-115,4,0,,"SubNetwork=ONRM_RootMo_R,FreqManagement=1,ExternalUtranFreq=10562",1;1;1;1;1;1;1;1;1;1;1;1;1;1;1,1;1;1;1;1;1;1;1;1;1;1;1;1;1;1,2;2;2;2;2;2;2;2;2;2;2;2;2;2;2,6,0,0,0,2,0,0,0,0,true,,32,3,0,0,0,0,0,0,false
cm_exp_20180419_145108.xml,2018-04-19T15:13:56Z,Undefined,ONRM_RootMo_R,eNODEb,0009ML,1,1,0009MLA,10587,3,24,-18,-115,4,0,,"SubNetwork=ONRM_RootMo_R,FreqManagement=1,ExternalUtranFreq=10587",1;1;1;1;1;1;1;1;1;1;1;1;1;1;1,1;1;1;1;1;1;1;1;1;1;1;1;1;1;1,2;2;2;2;2;2;2;2;2;2;2;2;2;2;2,6,0,0,0,2,0,0,0,0,true,,32,3,0,0,0,0,0,0,false
cm_exp_20180419_145108.xml,2018-04-19T15:13:56Z,Undefined,ONRM_RootMo_R,eNODEb,0009ML,1,1,0009MLB,10562,3,24,-18,-115,4,0,,"SubNetwork=ONRM_RootMo_R,FreqManagement=1,ExternalUtranFreq=10562",1;1;1;1;1;1;1;1;1;1;1;1;1;1;1,1;1;1;1;1;1;1;1;1;1;1;1;1;1;1,2;2;2;2;2;2;2;2;2;2;2;2;2;2;2,6,0,0,0,2,0,0,0,0,true,,32,3,0,0,0,0,0,0,false
cm_exp_20180419_145108.xml,2018-04-19T15:13:56Z,Undefined,ONRM_RootMo_R,eNODEb,0009ML,1,1,0009MLB,10587,3,24,-18,-115,4,0,,"SubNetwork=ONRM_RootMo_R,FreqManagement=1,ExternalUtranFreq=10587",1;1;1;1;1;1;1;1;1;1;1;1;1;1;1,1;1;1;1;1;1;1;1;1;1;1;1;1;1;1,2;2;2;2;2;2;2;2;2;2;2;2;2;2;2,6,0,0,0,2,0,0,0,0,true,,32,3,0,0,0,0,0,0,false
cm_exp_20180419_145108.xml,2018-04-19T15:13:56Z,Undefined,ONRM_RootMo_R,eNODEb,0009ML,1,1,0009MLC,10562,3,24,-18,-115,4,0,,"SubNetwork=ONRM_RootMo_R,FreqManagement=1,ExternalUtranFreq=10562",1;1;1;1;1;1;1;1;1;1;1;1;1;1;1,1;1;1;1;1;1;1;1;1;1;1;1;1;1;1,2;2;2;2;2;2;2;2;2;2;2;2;2;2;2,6,0,0,0,2,0,0,0,0,true,,32,3,0,0,0,0,0,0,false
cm_exp_20180419_145108.xml,2018-04-19T15:13:56Z,Undefined,ONRM_RootMo_R,eNODEb,0009ML,1,1,0009MLC,10587,3,24,-18,-115,4,0,,"SubNetwork=ONRM_RootMo_R,FreqManagement=1,ExternalUtranFreq=10587",1;1;1;1;1;1;1;1;1;1;1;1;1;1;1,1;1;1;1;1;1;1;1;1;1;1;1;1;1;1,2;2;2;2;2;2;2;2;2;2;2;2;2;2;2,6,0,0,0,2,0,0,0,0,true,,32,3,0,0,0,0,0,0,false
cm_exp_20180419_145140.xml,2018-04-19T15:13:56Z,Undefined,ONRM_RootMo_R,eNODEb,0013ML,1,1,0013MLA,10562,3,24,-18,-115,4,0,,"SubNetwork=ONRM_RootMo_R,FreqManagement=1,ExternalUtranFreq=10562",1;1;1;1;1;1;1;1;1;1;1;1;1;1;1,1;1;1;1;1;1;1;1;1;1;1;1;1;1;1,2;2;2;2;2;2;2;2;2;2;2;2;2;2;2,6,0,0,0,2,0,0,0,0,true,,32,3,0,0,0,0,0,0,false
cm_exp_20180419_145140.xml,2018-04-19T15:13:56Z,Undefined,ONRM_RootMo_R,eNODEb,0013ML,1,1,0013MLA,10587,3,24,-18,-115,4,0,,"SubNetwork=ONRM_RootMo_R,FreqManagement=1,ExternalUtranFreq=10587",1;1;1;1;1;1;1;1;1;1;1;1;1;1;1,1;1;1;1;1;1;1;1;1;1;1;1;1;1;1,2;2;2;2;2;2;2;2;2;2;2;2;2;2;2,6,0,0,0,2,0,0,0,0,true,,32,3,0,0,0,0,0,0,false
cm_exp_20180419_145140.xml,2018-04-19T15:13:56Z,Undefined,ONRM_RootMo_R,eNODEb,0013ML,1,1,0013MLB,10562,3,24,-18,-115,4,0,,"SubNetwork=ONRM_RootMo_R,FreqManagement=1,ExternalUtranFreq=10562",1;1;1;1;1;1;1;1;1;1;1;1;1;1;1,1;1;1;1;1;1;1;1;1;1;1;1;1;1;1,2;2;2;2;2;2;2;2;2;2;2;2;2;2;2,6,0,0,0,2,0,0,0,0,true,,32,3,0,0,0,0,0,0,false
cm_exp_20180419_145140.xml,2018-04-19T15:13:56Z,Undefined,ONRM_RootMo_R,eNODEb,0013ML,1,1,0013MLB,10587,3,24,-18,-115,4,0,,"SubNetwork=ONRM_RootMo_R,FreqManagement=1,ExternalUtranFreq=10587",1;1;1;1;1;1;1;1;1;1;1;1;1;1;1,1;1;1;1;1;1;1;1;1;1;1;1;1;1;1,2;2;2;2;2;2;2;2;2;2;2;2;2;2;2,6,0,0,0,2,0,0,0,0,true,,32,3,0,0,0,0,0,0,false
cm_exp_20180419_145140.xml,2018-04-19T15:13:56Z,Undefined,ONRM_RootMo_R,eNODEb,0013ML,1,1,0013MLC,10562,3,24,-18,-115,4,0,,"SubNetwork=ONRM_RootMo_R,FreqManagement=1,ExternalUtranFreq=10562",1;1;1;1;1;1;1;1;1;1;1;1;1;1;1,1;1;1;1;1;1;1;1;1;1;1;1;1;1;1,2;2;2;2;2;2;2;2;2;2;2;2;2;2;2,6,0,0,0,2,0,0,0,0,true,,32,3,0,0,0,0,0,0,false
cm_exp_20180419_145140.xml,2018-04-19T15:13:56Z,Undefined,ONRM_RootMo_R,eNODEb,0013ML,1,1,0013MLC,10587,3,24,-18,-115,4,0,,"SubNetwork=ONRM_RootMo_R,FreqManagement=1,ExternalUtranFreq=10587",1;1;1;1;1;1;1;1;1;1;1;1;1;1;1,1;1;1;1;1;1;1;1;1;1;1;1;1;1;1,2;2;2;2;2;2;2;2;2;2;2;2;2;2;2,6,0,0,0,2,0,0,0,0,true,,32,3,0,0,0,0,0,0,false
cm_exp_20180419_145205.xml,2018-04-19T15:13:56Z,Undefined,ONRM_RootMo_R,eNODEb,0017ML,1,1,0017MLA,10562,3,24,-18,-115,4,0,,"SubNetwork=ONRM_RootMo_R,FreqManagement=1,ExternalUtranFreq=10562",1;1;1;1;1;1;1;1;1;1;1;1;1;1;1,1;1;1;1;1;1;1;1;1;1;1;1;1;1;1,2;2;2;2;2;2;2;2;2;2;2;2;2;2;2,6,0,0,0,2,0,0,0,0,true,,32,3,0,0,0,0,0,0,false
cm_exp_20180419_145205.xml,2018-04-19T15:13:56Z,Undefined,ONRM_RootMo_R,eNODEb,0017ML,1,1,0017MLA,10587,3,24,-18,-115,4,0,,"SubNetwork=ONRM_RootMo_R,FreqManagement=1,ExternalUtranFreq=10587",1;1;1;1;1;1;1;1;1;1;1;1;1;1;1,1;1;1;1;1;1;1;1;1;1;1;1;1;1;1,2;2;2;2;2;2;2;2;2;2;2;2;2;2;2,6,0,0,0,2,0,0,0,0,true,,32,3,0,0,0,0,0,0,false
cm_exp_20180419_145205.xml,2018-04-19T15:13:56Z,Undefined,ONRM_RootMo_R,eNODEb,0017ML,1,1,0017MLB,10562,3,24,-18,-115,4,0,,"SubNetwork=ONRM_RootMo_R,FreqManagement=1,ExternalUtranFreq=10562",1;1;1;1;1;1;1;1;1;1;1;1;1;1;1,1;1;1;1;1;1;1;1;1;1;1;1;1;1;1,2;2;2;2;2;2;2;2;2;2;2;2;2;2;2,6,0,0,0,2,0,0,0,0,true,,32,3,0,0,0,0,0,0,false
cm_exp_20180419_145205.xml,2018-04-19T15:13:56Z,Undefined,ONRM_RootMo_R,eNODEb,0017ML,1,1,0017MLB,10587,3,24,-18,-115,4,0,,"SubNetwork=ONRM_RootMo_R,FreqManagement=1,ExternalUtranFreq=10587",1;1;1;1;1;1;1;1;1;1;1;1;1;1;1,1;1;1;1;1;1;1;1;1;1;1;1;1;1;1,2;2;2;2;2;2;2;2;2;2;2;2;2;2;2,6,0,0,0,2,0,0,0,0,true,,32,3,0,0,0,0,0,0,false
cm_exp_20180419_145205.xml,2018-04-19T15:13:56Z,Undefined,ONRM_RootMo_R,eNODEb,0017ML,1,1,0017MLC,10562,3,24,-18,-115,4,0,,"SubNetwork=ONRM_RootMo_R,FreqManagement=1,ExternalUtranFreq=10562",1;1;1;1;1;1;1;1;1;1;1;1;1;1;1,1;1;1;1;1;1;1;1;1;1;1;1;1;1;1,2;2;2;2;2;2;2;2;2;2;2;2;2;2;2,6,0,0,0,2,0,0,0,0,true,,32,3,0,0,0,0,0,0,false
cm_exp_20180419_145205.xml,2018-04-19T15:13:56Z,Undefined,ONRM_RootMo_R,eNODEb,0017ML,1,1,0017MLC,10587,3,24,-18,-115,4,0,,"SubNetwork=ONRM_RootMo_R,FreqManagement=1,ExternalUtranFreq=10587",1;1;1;1;1;1;1;1;1;1;1;1;1;1;1,1;1;1;1;1;1;1;1;1;1;1;1;1;1;1,2;2;2;2;2;2;2;2;2;2;2;2;2;2;2,6,0,0,0,2,0,0,0,0,true,,32,3,0,0,0,0,0,0,false
cm_exp_20180419_145236.xml,2018-04-19T15:13:56Z,Undefined,ONRM_RootMo_R,eNODEb,0021ML,1,1,0021MLA,10562,3,24,-18,-115,4,0,,"SubNetwork=ONRM_RootMo_R,FreqManagement=1,ExternalUtranFreq=10562",1;1;1;1;1;1;1;1;1;1;1;1;1;1;1,1;1;1;1;1;1;1;1;1;1;1;1;1;1;1,2;2;2;2;2;2;2;2;2;2;2;2;2;2;2,6,0,0,0,2,0,0,0,0,true,,32,3,0,0,0,0,0,0,false
cm_exp_20180419_145236.xml,2018-04-19T15:13:56Z,Undefined,ONRM_RootMo_R,eNODEb,0021ML,1,1,0021MLA,10587,3,24,-18,-115,4,0,,"SubNetwork=ONRM_RootMo_R,FreqManagement=1,ExternalUtranFreq=10587",1;1;1;1;1;1;1;1;1;1;1;1;1;1;1,1;1;1;1;1;1;1;1;1;1;1;1;1;1;1,2;2;2;2;2;2;2;2;2;2;2;2;2;2;2,6,0,0,0,2,0,0,0,0,true,,32,3,0,0,0,0,0,0,false
cm_exp_20180419_145236.xml,2018-04-19T15:13:56Z,Undefined,ONRM_RootMo_R,eNODEb,0021ML,1,1,0021MLB,10562,3,24,-18,-115,4,0,,"SubNetwork=ONRM_RootMo_R,FreqManagement=1,ExternalUtranFreq=10562",1;1;1;1;1;1;1;1;1;1;1;1;1;1;1,1;1;1;1;1;1;1;1;1;1;1;1;1;1;1,2;2;2;2;2;2;2;2;2;2;2;2;2;2;2,6,0,0,0,2,0,0,0,0,true,,32,3,0,0,0,0,0,0,false
cm_exp_20180419_145236.xml,2018-04-19T15:13:56Z,Undefined,ONRM_RootMo_R,eNODEb,0021ML,1,1,0021MLB,10587,3,24,-18,-115,4,0,,"SubNetwork=ONRM_RootMo_R,FreqManagement=1,ExternalUtranFreq=10587",1;1;1;1;1;1;1;1;1;1;1;1;1;1;1,1;1;1;1;1;1;1;1;1;1;1;1;1;1;1,2;2;2;2;2;2;2;2;2;2;2;2;2;2;2,6,0,0,0,2,0,0,0,0,true,,32,3,0,0,0,0,0,0,false
cm_exp_20180419_145236.xml,2018-04-19T15:13:56Z,Undefined,ONRM_RootMo_R,eNODEb,0021ML,1,1,0021MLC,10562,3,24,-18,-115,4,0,,"SubNetwork=ONRM_RootMo_R,FreqManagement=1,ExternalUtranFreq=10562",1;1;1;1;1;1;1;1;1;1;1;1;1;1;1,1;1;1;1;1;1;1;1;1;1;1;1;1;1;1,2;2;2;2;2;2;2;2;2;2;2;2;2;2;2,6,0,0,0,2,0,0,0,0,true,,32,3,0,0,0,0,0,0,false
cm_exp_20180419_145236.xml,2018-04-19T15:13:56Z,Undefined,ONRM_RootMo_R,eNODEb,0021ML,1,1,0021MLC,10587,3,24,-18,-115,4,0,,"SubNetwork=ONRM_RootMo_R,FreqManagement=1,ExternalUtranFreq=10587",1;1;1;1;1;1;1;1;1;1;1;1;1;1;1,1;1;1;1;1;1;1;1;1;1;1;1;1;1;1,2;2;2;2;2;2;2;2;2;2;2;2;2;2;2,6,0,0,0,2,0,0,0,0,true,,32,3,0,0,0,0,0,0,false
cm_exp_20180419_145547.xml,2018-04-19T15:13:56Z,Undefined,ONRM_RootMo_R,eNODEb,0024ML,1,1,0024MLA,10562,3,24,-18,-115,4,0,,"SubNetwork=ONRM_RootMo_R,FreqManagement=1,ExternalUtranFreq=10562",1;1;1;1;1;1;1;1;1;1;1;1;1;1;1,1;1;1;1;1;1;1;1;1;1;1;1;1;1;1,2;2;2;2;2;2;2;2;2;2;2;2;2;2;2,6,0,0,0,2,0,0,0,0,true,,32,3,0,0,0,0,0,0,false
cm_exp_20180419_145547.xml,2018-04-19T15:13:56Z,Undefined,ONRM_RootMo_R,eNODEb,0024ML,1,1,0024MLA,10587,3,24,-18,-115,4,0,,"SubNetwork=ONRM_RootMo_R,FreqManagement=1,ExternalUtranFreq=10587",1;1;1;1;1;1;1;1;1;1;1;1;1;1;1,1;1;1;1;1;1;1;1;1;1;1;1;1;1;1,2;2;2;2;2;2;2;2;2;2;2;2;2;2;2,6,0,0,0,2,0,0,0,0,true,,32,3,0,0,0,0,0,0,false
cm_exp_20180419_145547.xml,2018-04-19T15:13:56Z,Undefined,ONRM_RootMo_R,eNODEb,0024ML,1,1,0024MLB,10562,3,24,-18,-115,4,0,,"SubNetwork=ONRM_RootMo_R,FreqManagement=1,ExternalUtranFreq=10562",1;1;1;1;1;1;1;1;1;1;1;1;1;1;1,1;1;1;1;1;1;1;1;1;1;1;1;1;1;1,2;2;2;2;2;2;2;2;2;2;2;2;2;2;2,6,0,0,0,2,0,0,0,0,true,,32,3,0,0,0,0,0,0,false
cm_exp_20180419_145547.xml,2018-04-19T15:13:56Z,Undefined,ONRM_RootMo_R,eNODEb,0024ML,1,1,0024MLB,10587,3,24,-18,-115,4,0,,"SubNetwork=ONRM_RootMo_R,FreqManagement=1,ExternalUtranFreq=10587",1;1;1;1;1;1;1;1;1;1;1;1;1;1;1,1;1;1;1;1;1;1;1;1;1;1;1;1;1;1,2;2;2;2;2;2;2;2;2;2;2;2;2;2;2,6,0,0,0,2,0,0,0,0,true,,32,3,0,0,0,0,0,0,false
cm_exp_20180419_145547.xml,2018-04-19T15:13:56Z,Undefined,ONRM_RootMo_R,eNODEb,0024ML,1,1,0024MLC,10562,3,24,-18,-115,4,0,,"SubNetwork=ONRM_RootMo_R,FreqManagement=1,ExternalUtranFreq=10562",1;1;1;1;1;1;1;1;1;1;1;1;1;1;1,1;1;1;1;1;1;1;1;1;1;1;1;1;1;1,2;2;2;2;2;2;2;2;2;2;2;2;2;2;2,6,0,0,0,2,0,0,0,0,true,,32,3,0,0,0,0,0,0,false
cm_exp_20180419_145547.xml,2018-04-19T15:13:56Z,Undefined,ONRM_RootMo_R,eNODEb,0024ML,1,1,0024MLC,10587,3,24,-18,-115,4,0,,"SubNetwork=ONRM_RootMo_R,FreqManagement=1,ExternalUtranFreq=10587",1;1;1;1;1;1;1;1;1;1;1;1;1;1;1,1;1;1;1;1;1;1;1;1;1;1;1;1;1;1,2;2;2;2;2;2;2;2;2;2;2;2;2;2;2,6,0,0,0,2,0,0,0,0,true,,32,3,0,0,0,0,0,0,false
cm_exp_20180419_145624.xml,2018-04-19T15:13:56Z,Undefined,ONRM_RootMo_R,eNODEb,0074ML,1,1,0074MLA,10562,3,24,-18,-115,4,0,,"SubNetwork=ONRM_RootMo_R,FreqManagement=1,ExternalUtranFreq=10562",1;1;1;1;1;1;1;1;1;1;1;1;1;1;1,1;1;1;1;1;1;1;1;1;1;1;1;1;1;1,2;2;2;2;2;2;2;2;2;2;2;2;2;2;2,6,0,0,0,2,0,0,0,0,true,,32,3,0,0,0,0,0,0,false
cm_exp_20180419_145624.xml,2018-04-19T15:13:56Z,Undefined,ONRM_RootMo_R,eNODEb,0074ML,1,1,0074MLA,10587,3,24,-18,-115,4,0,,"SubNetwork=ONRM_RootMo_R,FreqManagement=1,ExternalUtranFreq=10587",1;1;1;1;1;1;1;1;1;1;1;1;1;1;1,1;1;1;1;1;1;1;1;1;1;1;1;1;1;1,2;2;2;2;2;2;2;2;2;2;2;2;2;2;2,6,0,0,0,2,0,0,0,0,true,,32,3,0,0,0,0,0,0,false
cm_exp_20180419_145624.xml,2018-04-19T15:13:56Z,Undefined,ONRM_RootMo_R,eNODEb,0074ML,1,1,0074MLB,10562,3,24,-18,-115,4,0,,"SubNetwork=ONRM_RootMo_R,FreqManagement=1,ExternalUtranFreq=10562",1;1;1;1;1;1;1;1;1;1;1;1;1;1;1,1;1;1;1;1;1;1;1;1;1;1;1;1;1;1,2;2;2;2;2;2;2;2;2;2;2;2;2;2;2,6,0,0,0,2,0,0,0,0,true,,32,3,0,0,0,0,0,0,false
cm_exp_20180419_145624.xml,2018-04-19T15:13:56Z,Undefined,ONRM_RootMo_R,eNODEb,0074ML,1,1,0074MLB,10587,3,24,-18,-115,4,0,,"SubNetwork=ONRM_RootMo_R,FreqManagement=1,ExternalUtranFreq=10587",1;1;1;1;1;1;1;1;1;1;1;1;1;1;1,1;1;1;1;1;1;1;1;1;1;1;1;1;1;1,2;2;2;2;2;2;2;2;2;2;2;2;2;2;2,6,0,0,0,2,0,0,0,0,true,,32,3,0,0,0,0,0,0,false
cm_exp_20180419_145624.xml,2018-04-19T15:13:56Z,Undefined,ONRM_RootMo_R,eNODEb,0074ML,1,1,0074MLC,10562,3,24,-18,-115,4,0,,"SubNetwork=ONRM_RootMo_R,FreqManagement=1,ExternalUtranFreq=10562",1;1;1;1;1;1;1;1;1;1;1;1;1;1;1,1;1;1;1;1;1;1;1;1;1;1;1;1;1;1,2;2;2;2;2;2;2;2;2;2;2;2;2;2;2,6,0,0,0,2,0,0,0,0,true,,32,3,0,0,0,0,0,0,false
cm_exp_20180419_145624.xml,2018-04-19T15:13:56Z,Undefined,ONRM_RootMo_R,eNODEb,0074ML,1,1,0074MLC,10587,3,24,-18,-115,4,0,,"SubNetwork=ONRM_RootMo_R,FreqManagement=1,ExternalUtranFreq=10587",1;1;1;1;1;1;1;1;1;1;1;1;1;1;1,1;1;1;1;1;1;1;1;1;1;1;1;1;1;1,2;2;2;2;2;2;2;2;2;2;2;2;2;2;2,6,0,0,0,2,0,0,0,0,true,,32,3,0,0,0,0,0,0,false
cm_exp_20180419_145649.xml,2018-04-19T15:13:56Z,Undefined,ONRM_RootMo_R,eNODEb,0082ML,1,1,0082MLA,10562,3,24,-18,-115,4,0,,"SubNetwork=ONRM_RootMo_R,FreqManagement=1,ExternalUtranFreq=10562",1;1;1;1;1;1;1;1;1;1;1;1;1;1;1,1;1;1;1;1;1;1;1;1;1;1;1;1;1;1,2;2;2;2;2;2;2;2;2;2;2;2;2;2;2,6,0,0,0,2,0,0,0,0,true,,32,3,0,0,0,0,0,0,false
cm_exp_20180419_145649.xml,2018-04-19T15:13:56Z,Undefined,ONRM_RootMo_R,eNODEb,0082ML,1,1,0082MLA,10587,3,24,-18,-115,4,0,,"SubNetwork=ONRM_RootMo_R,FreqManagement=1,ExternalUtranFreq=10587",1;1;1;1;1;1;1;1;1;1;1;1;1;1;1,1;1;1;1;1;1;1;1;1;1;1;1;1;1;1,2;2;2;2;2;2;2;2;2;2;2;2;2;2;2,6,0,0,0,2,0,0,0,0,true,,32,3,0,0,0,0,0,0,false
cm_exp_20180419_145649.xml,2018-04-19T15:13:56Z,Undefined,ONRM_RootMo_R,eNODEb,0082ML,1,1,0082MLB,10562,3,24,-18,-115,4,0,,"SubNetwork=ONRM_RootMo_R,FreqManagement=1,ExternalUtranFreq=10562",1;1;1;1;1;1;1;1;1;1;1;1;1;1;1,1;1;1;1;1;1;1;1;1;1;1;1;1;1;1,2;2;2;2;2;2;2;2;2;2;2;2;2;2;2,6,0,0,0,2,0,0,0,0,true,,32,3,0,0,0,0,0,0,false
cm_exp_20180419_145649.xml,2018-04-19T15:13:56Z,Undefined,ONRM_RootMo_R,eNODEb,0082ML,1,1,0082MLB,10587,3,24,-18,-115,4,0,,"SubNetwork=ONRM_RootMo_R,FreqManagement=1,ExternalUtranFreq=10587",1;1;1;1;1;1;1;1;1;1;1;1;1;1;1,1;1;1;1;1;1;1;1;1;1;1;1;1;1;1,2;2;2;2;2;2;2;2;2;2;2;2;2;2;2,6,0,0,0,2,0,0,0,0,true,,32,3,0,0,0,0,0,0,false
cm_exp_20180419_145649.xml,2018-04-19T15:13:56Z,Undefined,ONRM_RootMo_R,eNODEb,0082ML,1,1,0082MLC,10562,3,24,-18,-115,4,0,,"SubNetwork=ONRM_RootMo_R,FreqManagement=1,ExternalUtranFreq=10562",1;1;1;1;1;1;1;1;1;1;1;1;1;1;1,1;1;1;1;1;1;1;1;1;1;1;1;1;1;1,2;2;2;2;2;2;2;2;2;2;2;2;2;2;2,6,0,0,0,2,0,0,0,0,true,,32,3,0,0,0,0,0,0,false
cm_exp_20180419_145649.xml,2018-04-19T15:13:56Z,Undefined,ONRM_RootMo_R,eNODEb,0082ML,1,1,0082MLC,10587,3,24,-18,-115,4,0,,"SubNetwork=ONRM_RootMo_R,FreqManagement=1,ExternalUtranFreq=10587",1;1;1;1;1;1;1;1;1;1;1;1;1;1;1,1;1;1;1;1;1;1;1;1;1;1;1;1;1;1,2;2;2;2;2;2;2;2;2;2;2;2;2;2;2,6,0,0,0,2,0,0,0,0,true,,32,3,0,0,0,0,0,0,false
cm_exp_20180419_145711.xml,2018-04-19T15:13:56Z,Undefined,ONRM_RootMo_R,eNODEb,0091ML,1,1,0091MLA,10562,3,24,-18,-115,4,0,,"SubNetwork=ONRM_RootMo_R,FreqManagement=1,ExternalUtranFreq=10562",1;1;1;1;1;1;1;1;1;1;1;1;1;1;1,1;1;1;1;1;1;1;1;1;1;1;1;1;1;1,2;2;2;2;2;2;2;2;2;2;2;2;2;2;2,6,0,0,0,2,0,0,0,0,true,,32,3,0,0,0,0,0,0,false
cm_exp_20180419_145711.xml,2018-04-19T15:13:56Z,Undefined,ONRM_RootMo_R,eNODEb,0091ML,1,1,0091MLA,10587,3,24,-18,-115,4,0,,"SubNetwork=ONRM_RootMo_R,FreqManagement=1,ExternalUtranFreq=10587",1;1;1;1;1;1;1;1;1;1;1;1;1;1;1,1;1;1;1;1;1;1;1;1;1;1;1;1;1;1,2;2;2;2;2;2;2;2;2;2;2;2;2;2;2,6,0,0,0,2,0,0,0,0,true,,32,3,0,0,0,0,0,0,false
cm_exp_20180419_145711.xml,2018-04-19T15:13:56Z,Undefined,ONRM_RootMo_R,eNODEb,0091ML,1,1,0091MLB,10562,3,24,-18,-115,4,0,,"SubNetwork=ONRM_RootMo_R,FreqManagement=1,ExternalUtranFreq=10562",1;1;1;1;1;1;1;1;1;1;1;1;1;1;1,1;1;1;1;1;1;1;1;1;1;1;1;1;1;1,2;2;2;2;2;2;2;2;2;2;2;2;2;2;2,6,0,0,0,2,0,0,0,0,true,,32,3,0,0,0,0,0,0,false
cm_exp_20180419_145711.xml,2018-04-19T15:13:56Z,Undefined,ONRM_RootMo_R,eNODEb,0091ML,1,1,0091MLB,10587,3,24,-18,-115,4,0,,"SubNetwork=ONRM_RootMo_R,FreqManagement=1,ExternalUtranFreq=10587",1;1;1;1;1;1;1;1;1;1;1;1;1;1;1,1;1;1;1;1;1;1;1;1;1;1;1;1;1;1,2;2;2;2;2;2;2;2;2;2;2;2;2;2;2,6,0,0,0,2,0,0,0,0,true,,32,3,0,0,0,0,0,0,false
cm_exp_20180419_145711.xml,2018-04-19T15:13:56Z,Undefined,ONRM_RootMo_R,eNODEb,0091ML,1,1,0091MLC,10562,3,24,-18,-115,4,0,,"SubNetwork=ONRM_RootMo_R,FreqManagement=1,ExternalUtranFreq=10562",1;1;1;1;1;1;1;1;1;1;1;1;1;1;1,1;1;1;1;1;1;1;1;1;1;1;1;1;1;1,2;2;2;2;2;2;2;2;2;2;2;2;2;2;2,6,0,0,0,2,0,0,0,0,true,,32,3,0,0,0,0,0,0,false
cm_exp_20180419_145711.xml,2018-04-19T15:13:56Z,Undefined,ONRM_RootMo_R,eNODEb,0091ML,1,1,0091MLC,10587,3,24,-18,-115,4,0,,"SubNetwork=ONRM_RootMo_R,FreqManagement=1,ExternalUtranFreq=10587",1;1;1;1;1;1;1;1;1;1;1;1;1;1;1,1;1;1;1;1;1;1;1;1;1;1;1;1;1;1,2;2;2;2;2;2;2;2;2;2;2;2;2;2;2,6,0,0,0,2,0,0,0,0,true,,32,3,0,0,0,0,0,0,false
cm_exp_20180419_145733.xml,2018-04-19T15:13:56Z,Undefined,ONRM_RootMo_R,eNODEb,0099ML,1,1,0099MLA,10562,3,33,-18,-115,4,0,,"SubNetwork=ONRM_RootMo_R,FreqManagement=1,ExternalUtranFreq=10562",1;1;1;1;1;1;1;1;1;1;1;1;1;1;1,1;1;1;1;1;1;1;1;1;1;1;1;1;1;1,2;2;2;2;2;2;2;2;2;2;2;2;2;2;2,6,0,0,0,2,0,0,0,0,true,,32,3,0,0,0,0,0,0,false
cm_exp_20180419_145733.xml,2018-04-19T15:13:56Z,Undefined,ONRM_RootMo_R,eNODEb,0099ML,1,1,0099MLA,10587,3,33,-18,-115,4,0,,"SubNetwork=ONRM_RootMo_R,FreqManagement=1,ExternalUtranFreq=10587",1;1;1;1;1;1;1;1;1;1;1;1;1;1;1,1;1;1;1;1;1;1;1;1;1;1;1;1;1;1,2;2;2;2;2;2;2;2;2;2;2;2;2;2;2,6,0,0,0,2,0,0,0,0,true,,32,3,0,0,0,0,0,0,false
cm_exp_20180419_145733.xml,2018-04-19T15:13:56Z,Undefined,ONRM_RootMo_R,eNODEb,0099ML,1,1,0099MLB,10562,3,33,-18,-115,4,0,,"SubNetwork=ONRM_RootMo_R,FreqManagement=1,ExternalUtranFreq=10562",1;1;1;1;1;1;1;1;1;1;1;1;1;1;1,1;1;1;1;1;1;1;1;1;1;1;1;1;1;1,2;2;2;2;2;2;2;2;2;2;2;2;2;2;2,6,0,0,0,2,0,0,0,0,true,,32,3,0,0,0,0,0,0,false
cm_exp_20180419_145733.xml,2018-04-19T15:13:56Z,Undefined,ONRM_RootMo_R,eNODEb,0099ML,1,1,0099MLB,10587,3,33,-18,-115,4,0,,"SubNetwork=ONRM_RootMo_R,FreqManagement=1,ExternalUtranFreq=10587",1;1;1;1;1;1;1;1;1;1;1;1;1;1;1,1;1;1;1;1;1;1;1;1;1;1;1;1;1;1,2;2;2;2;2;2;2;2;2;2;2;2;2;2;2,6,0,0,0,2,0,0,0,0,true,,32,3,0,0,0,0,0,0,false
cm_exp_20180419_145733.xml,2018-04-19T15:13:56Z,Undefined,ONRM_RootMo_R,eNODEb,0099ML,1,1,0099MLC,10562,3,33,-18,-115,4,0,,"SubNetwork=ONRM_RootMo_R,FreqManagement=1,ExternalUtranFreq=10562",1;1;1;1;1;1;1;1;1;1;1;1;1;1;1,1;1;1;1;1;1;1;1;1;1;1;1;1;1;1,2;2;2;2;2;2;2;2;2;2;2;2;2;2;2,6,0,0,0,2,0,0,0,0,true,,32,3,0,0,0,0,0,0,false
cm_exp_20180419_145733.xml,2018-04-19T15:13:56Z,Undefined,ONRM_RootMo_R,eNODEb,0099ML,1,1,0099MLC,10587,3,33,-18,-115,4,0,,"SubNetwork=ONRM_RootMo_R,FreqManagement=1,ExternalUtranFreq=10587",1;1;1;1;1;1;1;1;1;1;1;1;1;1;1,1;1;1;1;1;1;1;1;1;1;1;1;1;1;1,2;2;2;2;2;2;2;2;2;2;2;2;2;2;2,6,0,0,0,2,0,0,0,0,true,,32,3,0,0,0,0,0,0,false
cm_exp_20180419_145810.xml,2018-04-19T15:13:56Z,Undefined,ONRM_RootMo_R,eNODEb,0106ML,1,1,0106MLA,10562,3,24,-18,-115,4,0,,"SubNetwork=ONRM_RootMo_R,FreqManagement=1,ExternalUtranFreq=10562",1;1;1;1;1;1;1;1;1;1;1;1;1;1;1,1;1;1;1;1;1;1;1;1;1;1;1;1;1;1,2;2;2;2;2;2;2;2;2;2;2;2;2;2;2,6,0,0,0,2,0,0,0,0,true,,32,3,0,0,0,0,0,0,false
cm_exp_20180419_145810.xml,2018-04-19T15:13:56Z,Undefined,ONRM_RootMo_R,eNODEb,0106ML,1,1,0106MLA,10587,3,24,-18,-115,4,0,,"SubNetwork=ONRM_RootMo_R,FreqManagement=1,ExternalUtranFreq=10587",1;1;1;1;1;1;1;1;1;1;1;1;1;1;1,1;1;1;1;1;1;1;1;1;1;1;1;1;1;1,2;2;2;2;2;2;2;2;2;2;2;2;2;2;2,6,0,0,0,2,0,0,0,0,true,,32,3,0,0,0,0,0,0,false
cm_exp_20180419_145810.xml,2018-04-19T15:13:56Z,Undefined,ONRM_RootMo_R,eNODEb,0106ML,1,1,0106MLB,10562,3,24,-18,-115,4,0,,"SubNetwork=ONRM_RootMo_R,FreqManagement=1,ExternalUtranFreq=10562",1;1;1;1;1;1;1;1;1;1;1;1;1;1;1,1;1;1;1;1;1;1;1;1;1;1;1;1;1;1,2;2;2;2;2;2;2;2;2;2;2;2;2;2;2,6,0,0,0,2,0,0,0,0,true,,32,3,0,0,0,0,0,0,false
cm_exp_20180419_145810.xml,2018-04-19T15:13:56Z,Undefined,ONRM_RootMo_R,eNODEb,0106ML,1,1,0106MLB,10587,3,24,-18,-115,4,0,,"SubNetwork=ONRM_RootMo_R,FreqManagement=1,ExternalUtranFreq=10587",1;1;1;1;1;1;1;1;1;1;1;1;1;1;1,1;1;1;1;1;1;1;1;1;1;1;1;1;1;1,2;2;2;2;2;2;2;2;2;2;2;2;2;2;2,6,0,0,0,2,0,0,0,0,true,,32,3,0,0,0,0,0,0,false
cm_exp_20180419_145810.xml,2018-04-19T15:13:56Z,Undefined,ONRM_RootMo_R,eNODEb,0106ML,1,1,0106MLC,10562,3,24,-18,-115,4,0,,"SubNetwork=ONRM_RootMo_R,FreqManagement=1,ExternalUtranFreq=10562",1;1;1;1;1;1;1;1;1;1;1;1;1;1;1,1;1;1;1;1;1;1;1;1;1;1;1;1;1;1,2;2;2;2;2;2;2;2;2;2;2;2;2;2;2,6,0,0,0,2,0,0,0,0,true,,32,3,0,0,0,0,0,0,false
cm_exp_20180419_145810.xml,2018-04-19T15:13:56Z,Undefined,ONRM_RootMo_R,eNODEb,0106ML,1,1,0106MLC,10587,3,24,-18,-115,4,0,,"SubNetwork=ONRM_RootMo_R,FreqManagement=1,ExternalUtranFreq=10587",1;1;1;1;1;1;1;1;1;1;1;1;1;1;1,1;1;1;1;1;1;1;1;1;1;1;1;1;1;1,2;2;2;2;2;2;2;2;2;2;2;2;2;2;2,6,0,0,0,2,0,0,0,0,true,,32,3,0,0,0,0,0,0,false
cm_exp_20180419_145835.xml,2018-04-19T15:13:56Z,Undefined,ONRM_RootMo_R,eNODEb,0119ML,1,1,0119MLA,10562,3,24,-18,-115,4,0,,"SubNetwork=ONRM_RootMo_R,FreqManagement=1,ExternalUtranFreq=10562",1;1;1;1;1;1;1;1;1;1;1;1;1;1;1,1;1;1;1;1;1;1;1;1;1;1;1;1;1;1,2;2;2;2;2;2;2;2;2;2;2;2;2;2;2,6,0,0,0,2,0,0,0,0,true,,32,3,0,0,0,0,0,0,false
cm_exp_20180419_145835.xml,2018-04-19T15:13:56Z,Undefined,ONRM_RootMo_R,eNODEb,0119ML,1,1,0119MLA,10587,3,24,-18,-115,4,0,,"SubNetwork=ONRM_RootMo_R,FreqManagement=1,ExternalUtranFreq=10587",1;1;1;1;1;1;1;1;1;1;1;1;1;1;1,1;1;1;1;1;1;1;1;1;1;1;1;1;1;1,2;2;2;2;2;2;2;2;2;2;2;2;2;2;2,6,0,0,0,2,0,0,0,0,true,,32,3,0,0,0,0,0,0,false
cm_exp_20180419_145835.xml,2018-04-19T15:13:56Z,Undefined,ONRM_RootMo_R,eNODEb,0119ML,1,1,0119MLB,10562,3,24,-18,-115,4,0,,"SubNetwork=ONRM_RootMo_R,FreqManagement=1,ExternalUtranFreq=10562",1;1;1;1;1;1;1;1;1;1;1;1;1;1;1,1;1;1;1;1;1;1;1;1;1;1;1;1;1;1,2;2;2;2;2;2;2;2;2;2;2;2;2;2;2,6,0,0,0,2,0,0,0,0,true,,32,3,0,0,0,0,0,0,false
cm_exp_20180419_145835.xml,2018-04-19T15:13:56Z,Undefined,ONRM_RootMo_R,eNODEb,0119ML,1,1,0119MLB,10587,3,24,-18,-115,4,0,,"SubNetwork=ONRM_RootMo_R,FreqManagement=1,ExternalUtranFreq=10587",1;1;1;1;1;1;1;1;1;1;1;1;1;1;1,1;1;1;1;1;1;1;1;1;1;1;1;1;1;1,2;2;2;2;2;2;2;2;2;2;2;2;2;2;2,6,0,0,0,2,0,0,0,0,true,,32,3,0,0,0,0,0,0,false
cm_exp_20180419_145835.xml,2018-04-19T15:13:56Z,Undefined,ONRM_RootMo_R,eNODEb,0119ML,1,1,0119MLC,10562,3,24,-18,-115,4,0,,"SubNetwork=ONRM_RootMo_R,FreqManagement=1,ExternalUtranFreq=10562",1;1;1;1;1;1;1;1;1;1;1;1;1;1;1,1;1;1;1;1;1;1;1;1;1;1;1;1;1;1,2;2;2;2;2;2;2;2;2;2;2;2;2;2;2,6,0,0,0,2,0,0,0,0,true,,32,3,0,0,0,0,0,0,false
cm_exp_20180419_145835.xml,2018-04-19T15:13:56Z,Undefined,ONRM_RootMo_R,eNODEb,0119ML,1,1,0119MLC,10587,3,24,-18,-115,4,0,,"SubNetwork=ONRM_RootMo_R,FreqManagement=1,ExternalUtranFreq=10587",1;1;1;1;1;1;1;1;1;1;1;1;1;1;1,1;1;1;1;1;1;1;1;1;1;1;1;1;1;1,2;2;2;2;2;2;2;2;2;2;2;2;2;2;2,6,0,0,0,2,0,0,0,0,true,,32,3,0,0,0,0,0,0,false
cm_exp_20180419_145940.xml,2018-04-19T15:13:56Z,Undefined,ONRM_RootMo_R,eNODEb,0138ML,1,1,0138MLA,10562,3,24,-18,-115,4,0,,"SubNetwork=ONRM_RootMo_R,FreqManagement=1,ExternalUtranFreq=10562",1;1;1;1;1;1;1;1;1;1;1;1;1;1;1,1;1;1;1;1;1;1;1;1;1;1;1;1;1;1,2;2;2;2;2;2;2;2;2;2;2;2;2;2;2,6,0,0,0,2,0,0,0,0,true,,32,3,0,0,0,0,0,0,false
cm_exp_20180419_145940.xml,2018-04-19T15:13:56Z,Undefined,ONRM_RootMo_R,eNODEb,0138ML,1,1,0138MLA,10587,3,24,-18,-115,4,0,,"SubNetwork=ONRM_RootMo_R,FreqManagement=1,ExternalUtranFreq=10587",1;1;1;1;1;1;1;1;1;1;1;1;1;1;1,1;1;1;1;1;1;1;1;1;1;1;1;1;1;1,2;2;2;2;2;2;2;2;2;2;2;2;2;2;2,6,0,0,0,2,0,0,0,0,true,,32,3,0,0,0,0,0,0,false
cm_exp_20180419_145940.xml,2018-04-19T15:13:56Z,Undefined,ONRM_RootMo_R,eNODEb,0138ML,1,1,0138MLB,10562,3,24,-18,-115,4,0,,"SubNetwork=ONRM_RootMo_R,FreqManagement=1,ExternalUtranFreq=10562",1;1;1;1;1;1;1;1;1;1;1;1;1;1;1,1;1;1;1;1;1;1;1;1;1;1;1;1;1;1,2;2;2;2;2;2;2;2;2;2;2;2;2;2;2,6,0,0,0,2,0,0,0,0,true,,32,3,0,0,0,0,0,0,false
cm_exp_20180419_145940.xml,2018-04-19T15:13:56Z,Undefined,ONRM_RootMo_R,eNODEb,0138ML,1,1,0138MLB,10587,3,24,-18,-115,4,0,,"SubNetwork=ONRM_RootMo_R,FreqManagement=1,ExternalUtranFreq=10587",1;1;1;1;1;1;1;1;1;1;1;1;1;1;1,1;1;1;1;1;1;1;1;1;1;1;1;1;1;1,2;2;2;2;2;2;2;2;2;2;2;2;2;2;2,6,0,0,0,2,0,0,0,0,true,,32,3,0,0,0,0,0,0,false
cm_exp_20180419_145940.xml,2018-04-19T15:13:56Z,Undefined,ONRM_RootMo_R,eNODEb,0138ML,1,1,0138MLC,10562,3,24,-18,-115,4,0,,"SubNetwork=ONRM_RootMo_R,FreqManagement=1,ExternalUtranFreq=10562",1;1;1;1;1;1;1;1;1;1;1;1;1;1;1,1;1;1;1;1;1;1;1;1;1;1;1;1;1;1,2;2;2;2;2;2;2;2;2;2;2;2;2;2;2,6,0,0,0,2,0,0,0,0,true,,32,3,0,0,0,0,0,0,false
cm_exp_20180419_145940.xml,2018-04-19T15:13:56Z,Undefined,ONRM_RootMo_R,eNODEb,0138ML,1,1,0138MLC,10587,3,24,-18,-115,4,0,,"SubNetwork=ONRM_RootMo_R,FreqManagement=1,ExternalUtranFreq=10587",1;1;1;1;1;1;1;1;1;1;1;1;1;1;1,1;1;1;1;1;1;1;1;1;1;1;1;1;1;1,2;2;2;2;2;2;2;2;2;2;2;2;2;2;2,6,0,0,0,2,0,0,0,0,true,,32,3,0,0,0,0,0,0,false
cm_exp_20180419_150007.xml,2018-04-19T15:13:56Z,Undefined,ONRM_RootMo_R,eNODEb,0150ML,1,1,0150MLA,10562,3,24,-18,-115,4,0,,"SubNetwork=ONRM_RootMo_R,FreqManagement=1,ExternalUtranFreq=10562",1;1;1;1;1;1;1;1;1;1;1;1;1;1;1,1;1;1;1;1;1;1;1;1;1;1;1;1;1;1,2;2;2;2;2;2;2;2;2;2;2;2;2;2;2,6,0,0,0,2,0,0,0,0,true,,32,3,0,0,0,0,0,0,false
cm_exp_20180419_150007.xml,2018-04-19T15:13:56Z,Undefined,ONRM_RootMo_R,eNODEb,0150ML,1,1,0150MLA,10587,3,24,-18,-115,4,0,,"SubNetwork=ONRM_RootMo_R,FreqManagement=1,ExternalUtranFreq=10587",1;1;1;1;1;1;1;1;1;1;1;1;1;1;1,1;1;1;1;1;1;1;1;1;1;1;1;1;1;1,2;2;2;2;2;2;2;2;2;2;2;2;2;2;2,6,0,0,0,2,0,0,0,0,true,,32,3,0,0,0,0,0,0,false
cm_exp_20180419_150007.xml,2018-04-19T15:13:56Z,Undefined,ONRM_RootMo_R,eNODEb,0150ML,1,1,0150MLB,10562,3,24,-18,-115,4,0,,"SubNetwork=ONRM_RootMo_R,FreqManagement=1,ExternalUtranFreq=10562",1;1;1;1;1;1;1;1;1;1;1;1;1;1;1,1;1;1;1;1;1;1;1;1;1;1;1;1;1;1,2;2;2;2;2;2;2;2;2;2;2;2;2;2;2,6,0,0,0,2,0,0,0,0,true,,32,3,0,0,0,0,0,0,false
cm_exp_20180419_150007.xml,2018-04-19T15:13:56Z,Undefined,ONRM_RootMo_R,eNODEb,0150ML,1,1,0150MLB,10587,3,24,-18,-115,4,0,,"SubNetwork=ONRM_RootMo_R,FreqManagement=1,ExternalUtranFreq=10587",1;1;1;1;1;1;1;1;1;1;1;1;1;1;1,1;1;1;1;1;1;1;1;1;1;1;1;1;1;1,2;2;2;2;2;2;2;2;2;2;2;2;2;2;2,6,0,0,0,2,0,0,0,0,true,,32,3,0,0,0,0,0,0,false
cm_exp_20180419_150007.xml,2018-04-19T15:13:56Z,Undefined,ONRM_RootMo_R,eNODEb,0150ML,1,1,0150MLC,10562,3,24,-18,-115,4,0,,"SubNetwork=ONRM_RootMo_R,FreqManagement=1,ExternalUtranFreq=10562",1;1;1;1;1;1;1;1;1;1;1;1;1;1;1,1;1;1;1;1;1;1;1;1;1;1;1;1;1;1,2;2;2;2;2;2;2;2;2;2;2;2;2;2;2,6,0,0,0,2,0,0,0,0,true,,32,3,0,0,0,0,0,0,false
cm_exp_20180419_150007.xml,2018-04-19T15:13:56Z,Undefined,ONRM_RootMo_R,eNODEb,0150ML,1,1,0150MLC,10587,3,24,-18,-115,4,0,,"SubNetwork=ONRM_RootMo_R,FreqManagement=1,ExternalUtranFreq=10587",1;1;1;1;1;1;1;1;1;1;1;1;1;1;1,1;1;1;1;1;1;1;1;1;1;1;1;1;1;1,2;2;2;2;2;2;2;2;2;2;2;2;2;2;2,6,0,0,0,2,0,0,0,0,true,,32,3,0,0,0,0,0,0,false
cm_exp_20180419_150024.xml,2018-04-19T15:13:56Z,Undefined,ONRM_RootMo_R,eNODEb,0154ML,1,1,0154MLA,10562,3,24,-18,-115,4,0,,"SubNetwork=ONRM_RootMo_R,FreqManagement=1,ExternalUtranFreq=10562",1;1;1;1;1;1;1;1;1;1;1;1;1;1;1,1;1;1;1;1;1;1;1;1;1;1;1;1;1;1,2;2;2;2;2;2;2;2;2;2;2;2;2;2;2,6,0,0,0,2,0,0,0,0,true,,32,3,0,0,0,0,0,0,false
cm_exp_20180419_150024.xml,2018-04-19T15:13:56Z,Undefined,ONRM_RootMo_R,eNODEb,0154ML,1,1,0154MLA,10587,3,24,-18,-115,4,0,,"SubNetwork=ONRM_RootMo_R,FreqManagement=1,ExternalUtranFreq=10587",1;1;1;1;1;1;1;1;1;1;1;1;1;1;1,1;1;1;1;1;1;1;1;1;1;1;1;1;1;1,2;2;2;2;2;2;2;2;2;2;2;2;2;2;2,6,0,0,0,2,0,0,0,0,true,,32,3,0,0,0,0,0,0,false
cm_exp_20180419_150024.xml,2018-04-19T15:13:56Z,Undefined,ONRM_RootMo_R,eNODEb,0154ML,1,1,0154MLB,10562,3,24,-18,-115,4,0,,"SubNetwork=ONRM_RootMo_R,FreqManagement=1,ExternalUtranFreq=10562",1;1;1;1;1;1;1;1;1;1;1;1;1;1;1,1;1;1;1;1;1;1;1;1;1;1;1;1;1;1,2;2;2;2;2;2;2;2;2;2;2;2;2;2;2,6,0,0,0,2,0,0,0,0,true,,32,3,0,0,0,0,0,0,false
cm_exp_20180419_150024.xml,2018-04-19T15:13:56Z,Undefined,ONRM_RootMo_R,eNODEb,0154ML,1,1,0154MLB,10587,3,24,-18,-115,4,0,,"SubNetwork=ONRM_RootMo_R,FreqManagement=1,ExternalUtranFreq=10587",1;1;1;1;1;1;1;1;1;1;1;1;1;1;1,1;1;1;1;1;1;1;1;1;1;1;1;1;1;1,2;2;2;2;2;2;2;2;2;2;2;2;2;2;2,6,0,0,0,2,0,0,0,0,true,,32,3,0,0,0,0,0,0,false
cm_exp_20180419_150024.xml,2018-04-19T15:13:56Z,Undefined,ONRM_RootMo_R,eNODEb,0154ML,1,1,0154MLC,10562,3,24,-18,-115,4,0,,"SubNetwork=ONRM_RootMo_R,FreqManagement=1,ExternalUtranFreq=10562",1;1;1;1;1;1;1;1;1;1;1;1;1;1;1,1;1;1;1;1;1;1;1;1;1;1;1;1;1;1,2;2;2;2;2;2;2;2;2;2;2;2;2;2;2,6,0,0,0,2,0,0,0,0,true,,32,3,0,0,0,0,0,0,false
cm_exp_20180419_150024.xml,2018-04-19T15:13:56Z,Undefined,ONRM_RootMo_R,eNODEb,0154ML,1,1,0154MLC,10587,3,24,-18,-115,4,0,,"SubNetwork=ONRM_RootMo_R,FreqManagement=1,ExternalUtranFreq=10587",1;1;1;1;1;1;1;1;1;1;1;1;1;1;1,1;1;1;1;1;1;1;1;1;1;1;1;1;1;1,2;2;2;2;2;2;2;2;2;2;2;2;2;2;2,6,0,0,0,2,0,0,0,0,true,,32,3,0,0,0,0,0,0,false
cm_exp_20180419_150054.xml,2018-04-19T15:13:56Z,Undefined,ONRM_RootMo_R,eNODEb,0196ML,1,1,0196MLA,10562,3,24,-18,-115,4,0,,"SubNetwork=ONRM_RootMo_R,FreqManagement=1,ExternalUtranFreq=10562",1;1;1;1;1;1;1;1;1;1;1;1;1;1;1,1;1;1;1;1;1;1;1;1;1;1;1;1;1;1,2;2;2;2;2;2;2;2;2;2;2;2;2;2;2,6,0,0,0,2,0,0,0,0,true,,32,3,0,0,0,0,0,0,false
cm_exp_20180419_150054.xml,2018-04-19T15:13:56Z,Undefined,ONRM_RootMo_R,eNODEb,0196ML,1,1,0196MLA,10587,3,24,-18,-115,4,0,,"SubNetwork=ONRM_RootMo_R,FreqManagement=1,ExternalUtranFreq=10587",1;1;1;1;1;1;1;1;1;1;1;1;1;1;1,1;1;1;1;1;1;1;1;1;1;1;1;1;1;1,2;2;2;2;2;2;2;2;2;2;2;2;2;2;2,6,0,0,0,2,0,0,0,0,true,,32,3,0,0,0,0,0,0,false
cm_exp_20180419_150054.xml,2018-04-19T15:13:56Z,Undefined,ONRM_RootMo_R,eNODEb,0196ML,1,1,0196MLB,10562,3,24,-18,-115,4,0,,"SubNetwork=ONRM_RootMo_R,FreqManagement=1,ExternalUtranFreq=10562",1;1;1;1;1;1;1;1;1;1;1;1;1;1;1,1;1;1;1;1;1;1;1;1;1;1;1;1;1;1,2;2;2;2;2;2;2;2;2;2;2;2;2;2;2,6,0,0,0,2,0,0,0,0,true,,32,3,0,0,0,0,0,0,false
cm_exp_20180419_150054.xml,2018-04-19T15:13:56Z,Undefined,ONRM_RootMo_R,eNODEb,0196ML,1,1,0196MLB,10587,3,24,-18,-115,4,0,,"SubNetwork=ONRM_RootMo_R,FreqManagement=1,ExternalUtranFreq=10587",1;1;1;1;1;1;1;1;1;1;1;1;1;1;1,1;1;1;1;1;1;1;1;1;1;1;1;1;1;1,2;2;2;2;2;2;2;2;2;2;2;2;2;2;2,6,0,0,0,2,0,0,0,0,true,,32,3,0,0,0,0,0,0,false
cm_exp_20180419_150054.xml,2018-04-19T15:13:56Z,Undefined,ONRM_RootMo_R,eNODEb,0196ML,1,1,0196MLC,10562,3,24,-18,-115,4,0,,"SubNetwork=ONRM_RootMo_R,FreqManagement=1,ExternalUtranFreq=10562",1;1;1;1;1;1;1;1;1;1;1;1;1;1;1,1;1;1;1;1;1;1;1;1;1;1;1;1;1;1,2;2;2;2;2;2;2;2;2;2;2;2;2;2;2,6,0,0,0,2,0,0,0,0,true,,32,3,0,0,0,0,0,0,false
cm_exp_20180419_150054.xml,2018-04-19T15:13:56Z,Undefined,ONRM_RootMo_R,eNODEb,0196ML,1,1,0196MLC,10587,3,24,-18,-115,4,0,,"SubNetwork=ONRM_RootMo_R,FreqManagement=1,ExternalUtranFreq=10587",1;1;1;1;1;1;1;1;1;1;1;1;1;1;1,1;1;1;1;1;1;1;1;1;1;1;1;1;1;1,2;2;2;2;2;2;2;2;2;2;2;2;2;2;2,6,0,0,0,2,0,0,0,0,true,,32,3,0,0,0,0,0,0,false
cm_exp_20180419_150110.xml,2018-04-19T15:13:56Z,Undefined,ONRM_RootMo_R,eNODEb,0198ML,1,1,0198MLA,10562,3,24,-18,-115,4,0,,"SubNetwork=ONRM_RootMo_R,FreqManagement=1,ExternalUtranFreq=10562",1;1;1;1;1;1;1;1;1;1;1;1;1;1;1,1;1;1;1;1;1;1;1;1;1;1;1;1;1;1,2;2;2;2;2;2;2;2;2;2;2;2;2;2;2,6,0,0,0,2,0,0,0,0,true,,32,3,0,0,0,0,0,0,false
cm_exp_20180419_150110.xml,2018-04-19T15:13:56Z,Undefined,ONRM_RootMo_R,eNODEb,0198ML,1,1,0198MLA,10587,3,24,-18,-115,4,0,,"SubNetwork=ONRM_RootMo_R,FreqManagement=1,ExternalUtranFreq=10587",1;1;1;1;1;1;1;1;1;1;1;1;1;1;1,1;1;1;1;1;1;1;1;1;1;1;1;1;1;1,2;2;2;2;2;2;2;2;2;2;2;2;2;2;2,6,0,0,0,2,0,0,0,0,true,,32,3,0,0,0,0,0,0,false
cm_exp_20180419_150110.xml,2018-04-19T15:13:56Z,Undefined,ONRM_RootMo_R,eNODEb,0198ML,1,1,0198MLB,10562,3,24,-18,-115,4,0,,"SubNetwork=ONRM_RootMo_R,FreqManagement=1,ExternalUtranFreq=10562",1;1;1;1;1;1;1;1;1;1;1;1;1;1;1,1;1;1;1;1;1;1;1;1;1;1;1;1;1;1,2;2;2;2;2;2;2;2;2;2;2;2;2;2;2,6,0,0,0,2,0,0,0,0,true,,32,3,0,0,0,0,0,0,false
cm_exp_20180419_150110.xml,2018-04-19T15:13:56Z,Undefined,ONRM_RootMo_R,eNODEb,0198ML,1,1,0198MLB,10587,3,24,-18,-115,4,0,,"SubNetwork=ONRM_RootMo_R,FreqManagement=1,ExternalUtranFreq=10587",1;1;1;1;1;1;1;1;1;1;1;1;1;1;1,1;1;1;1;1;1;1;1;1;1;1;1;1;1;1,2;2;2;2;2;2;2;2;2;2;2;2;2;2;2,6,0,0,0,2,0,0,0,0,true,,32,3,0,0,0,0,0,0,false
cm_exp_20180419_150110.xml,2018-04-19T15:13:56Z,Undefined,ONRM_RootMo_R,eNODEb,0198ML,1,1,0198MLC,10562,3,24,-18,-115,4,0,,"SubNetwork=ONRM_RootMo_R,FreqManagement=1,ExternalUtranFreq=10562",1;1;1;1;1;1;1;1;1;1;1;1;1;1;1,1;1;1;1;1;1;1;1;1;1;1;1;1;1;1,2;2;2;2;2;2;2;2;2;2;2;2;2;2;2,6,0,0,0,2,0,0,0,0,true,,32,3,0,0,0,0,0,0,false
cm_exp_20180419_150110.xml,2018-04-19T15:13:56Z,Undefined,ONRM_RootMo_R,eNODEb,0198ML,1,1,0198MLC,10587,3,24,-18,-115,4,0,,"SubNetwork=ONRM_RootMo_R,FreqManagement=1,ExternalUtranFreq=10587",1;1;1;1;1;1;1;1;1;1;1;1;1;1;1,1;1;1;1;1;1;1;1;1;1;1;1;1;1;1,2;2;2;2;2;2;2;2;2;2;2;2;2;2;2,6,0,0,0,2,0,0,0,0,true,,32,3,0,0,0,0,0,0,false
cm_exp_20180419_150127.xml,2018-04-19T15:13:56Z,Undefined,ONRM_RootMo_R,eNODEb,0204ML,1,1,0204MLA,10562,3,24,-18,-115,4,0,,"SubNetwork=ONRM_RootMo_R,FreqManagement=1,ExternalUtranFreq=10562",1;1;1;1;1;1;1;1;1;1;1;1;1;1;1,1;1;1;1;1;1;1;1;1;1;1;1;1;1;1,2;2;2;2;2;2;2;2;2;2;2;2;2;2;2,6,0,0,0,2,0,0,0,0,true,,32,3,0,0,0,0,0,0,false
cm_exp_20180419_150127.xml,2018-04-19T15:13:56Z,Undefined,ONRM_RootMo_R,eNODEb,0204ML,1,1,0204MLA,10587,3,24,-18,-115,4,0,,"SubNetwork=ONRM_RootMo_R,FreqManagement=1,ExternalUtranFreq=10587",1;1;1;1;1;1;1;1;1;1;1;1;1;1;1,1;1;1;1;1;1;1;1;1;1;1;1;1;1;1,2;2;2;2;2;2;2;2;2;2;2;2;2;2;2,6,0,0,0,2,0,0,0,0,true,,32,3,0,0,0,0,0,0,false
cm_exp_20180419_150127.xml,2018-04-19T15:13:56Z,Undefined,ONRM_RootMo_R,eNODEb,0204ML,1,1,0204MLB,10562,3,24,-18,-115,4,0,,"SubNetwork=ONRM_RootMo_R,FreqManagement=1,ExternalUtranFreq=10562",1;1;1;1;1;1;1;1;1;1;1;1;1;1;1,1;1;1;1;1;1;1;1;1;1;1;1;1;1;1,2;2;2;2;2;2;2;2;2;2;2;2;2;2;2,6,0,0,0,2,0,0,0,0,true,,32,3,0,0,0,0,0,0,false
cm_exp_20180419_150127.xml,2018-04-19T15:13:56Z,Undefined,ONRM_RootMo_R,eNODEb,0204ML,1,1,0204MLB,10587,3,24,-18,-115,4,0,,"SubNetwork=ONRM_RootMo_R,FreqManagement=1,ExternalUtranFreq=10587",1;1;1;1;1;1;1;1;1;1;1;1;1;1;1,1;1;1;1;1;1;1;1;1;1;1;1;1;1;1,2;2;2;2;2;2;2;2;2;2;2;2;2;2;2,6,0,0,0,2,0,0,0,0,true,,32,3,0,0,0,0,0,0,false
cm_exp_20180419_150127.xml,2018-04-19T15:13:56Z,Undefined,ONRM_RootMo_R,eNODEb,0204ML,1,1,0204MLC,10562,3,24,-18,-115,4,0,,"SubNetwork=ONRM_RootMo_R,FreqManagement=1,ExternalUtranFreq=10562",1;1;1;1;1;1;1;1;1;1;1;1;1;1;1,1;1;1;1;1;1;1;1;1;1;1;1;1;1;1,2;2;2;2;2;2;2;2;2;2;2;2;2;2;2,6,0,0,0,2,0,0,0,0,true,,32,3,0,0,0,0,0,0,false
cm_exp_20180419_150127.xml,2018-04-19T15:13:56Z,Undefined,ONRM_RootMo_R,eNODEb,0204ML,1,1,0204MLC,10587,3,24,-18,-115,4,0,,"SubNetwork=ONRM_RootMo_R,FreqManagement=1,ExternalUtranFreq=10587",1;1;1;1;1;1;1;1;1;1;1;1;1;1;1,1;1;1;1;1;1;1;1;1;1;1;1;1;1;1,2;2;2;2;2;2;2;2;2;2;2;2;2;2;2,6,0,0,0,2,0,0,0,0,true,,32,3,0,0,0,0,0,0,false
cm_exp_20180419_150146.xml,2018-04-19T15:13:56Z,Undefined,ONRM_RootMo_R,eNODEb,0205ML,1,1,0205MLA,10562,3,24,-18,-115,4,0,,"SubNetwork=ONRM_RootMo_R,FreqManagement=1,ExternalUtranFreq=10562",1;1;1;1;1;1;1;1;1;1;1;1;1;1;1,1;1;1;1;1;1;1;1;1;1;1;1;1;1;1,2;2;2;2;2;2;2;2;2;2;2;2;2;2;2,6,0,0,0,2,0,0,0,0,true,,32,3,0,0,0,0,0,0,false
cm_exp_20180419_150146.xml,2018-04-19T15:13:56Z,Undefined,ONRM_RootMo_R,eNODEb,0205ML,1,1,0205MLA,10587,3,24,-18,-115,4,0,,"SubNetwork=ONRM_RootMo_R,FreqManagement=1,ExternalUtranFreq=10587",1;1;1;1;1;1;1;1;1;1;1;1;1;1;1,1;1;1;1;1;1;1;1;1;1;1;1;1;1;1,2;2;2;2;2;2;2;2;2;2;2;2;2;2;2,6,0,0,0,2,0,0,0,0,true,,32,3,0,0,0,0,0,0,false
cm_exp_20180419_150146.xml,2018-04-19T15:13:56Z,Undefined,ONRM_RootMo_R,eNODEb,0205ML,1,1,0205MLB,10562,3,24,-18,-115,4,0,,"SubNetwork=ONRM_RootMo_R,FreqManagement=1,ExternalUtranFreq=10562",1;1;1;1;1;1;1;1;1;1;1;1;1;1;1,1;1;1;1;1;1;1;1;1;1;1;1;1;1;1,2;2;2;2;2;2;2;2;2;2;2;2;2;2;2,6,0,0,0,2,0,0,0,0,true,,32,3,0,0,0,0,0,0,false
cm_exp_20180419_150146.xml,2018-04-19T15:13:56Z,Undefined,ONRM_RootMo_R,eNODEb,0205ML,1,1,0205MLB,10587,3,24,-18,-115,4,0,,"SubNetwork=ONRM_RootMo_R,FreqManagement=1,ExternalUtranFreq=10587",1;1;1;1;1;1;1;1;1;1;1;1;1;1;1,1;1;1;1;1;1;1;1;1;1;1;1;1;1;1,2;2;2;2;2;2;2;2;2;2;2;2;2;2;2,6,0,0,0,2,0,0,0,0,true,,32,3,0,0,0,0,0,0,false
cm_exp_20180419_150146.xml,2018-04-19T15:13:56Z,Undefined,ONRM_RootMo_R,eNODEb,0205ML,1,1,0205MLC,10562,3,24,-18,-115,4,0,,"SubNetwork=ONRM_RootMo_R,FreqManagement=1,ExternalUtranFreq=10562",1;1;1;1;1;1;1;1;1;1;1;1;1;1;1,1;1;1;1;1;1;1;1;1;1;1;1;1;1;1,2;2;2;2;2;2;2;2;2;2;2;2;2;2;2,6,0,0,0,2,0,0,0,0,true,,32,3,0,0,0,0,0,0,false
cm_exp_20180419_150146.xml,2018-04-19T15:13:56Z,Undefined,ONRM_RootMo_R,eNODEb,0205ML,1,1,0205MLC,10587,3,24,-18,-115,4,0,,"SubNetwork=ONRM_RootMo_R,FreqManagement=1,ExternalUtranFreq=10587",1;1;1;1;1;1;1;1;1;1;1;1;1;1;1,1;1;1;1;1;1;1;1;1;1;1;1;1;1;1,2;2;2;2;2;2;2;2;2;2;2;2;2;2;2,6,0,0,0,2,0,0,0,0,true,,32,3,0,0,0,0,0,0,false
cm_exp_20180419_150215.xml,2018-04-19T15:13:56Z,Undefined,ONRM_RootMo_R,eNODEb,0225ML,1,1,0225MLA,10562,3,24,-18,-115,4,0,,"SubNetwork=ONRM_RootMo_R,FreqManagement=1,ExternalUtranFreq=10562",1;1;1;1;1;1;1;1;1;1;1;1;1;1;1,1;1;1;1;1;1;1;1;1;1;1;1;1;1;1,2;2;2;2;2;2;2;2;2;2;2;2;2;2;2,6,0,0,0,2,0,0,0,0,true,,32,3,0,0,0,0,0,0,false
cm_exp_20180419_150215.xml,2018-04-19T15:13:56Z,Undefined,ONRM_RootMo_R,eNODEb,0225ML,1,1,0225MLA,10587,3,24,-18,-115,4,0,,"SubNetwork=ONRM_RootMo_R,FreqManagement=1,ExternalUtranFreq=10587",1;1;1;1;1;1;1;1;1;1;1;1;1;1;1,1;1;1;1;1;1;1;1;1;1;1;1;1;1;1,2;2;2;2;2;2;2;2;2;2;2;2;2;2;2,6,0,0,0,2,0,0,0,0,true,,32,3,0,0,0,0,0,0,false
cm_exp_20180419_150215.xml,2018-04-19T15:13:56Z,Undefined,ONRM_RootMo_R,eNODEb,0225ML,1,1,0225MLB,10562,3,24,-18,-115,4,0,,"SubNetwork=ONRM_RootMo_R,FreqManagement=1,ExternalUtranFreq=10562",1;1;1;1;1;1;1;1;1;1;1;1;1;1;1,1;1;1;1;1;1;1;1;1;1;1;1;1;1;1,2;2;2;2;2;2;2;2;2;2;2;2;2;2;2,6,0,0,0,2,0,0,0,0,true,,32,3,0,0,0,0,0,0,false
cm_exp_20180419_150215.xml,2018-04-19T15:13:56Z,Undefined,ONRM_RootMo_R,eNODEb,0225ML,1,1,0225MLB,10587,3,24,-18,-115,4,0,,"SubNetwork=ONRM_RootMo_R,FreqManagement=1,ExternalUtranFreq=10587",1;1;1;1;1;1;1;1;1;1;1;1;1;1;1,1;1;1;1;1;1;1;1;1;1;1;1;1;1;1,2;2;2;2;2;2;2;2;2;2;2;2;2;2;2,6,0,0,0,2,0,0,0,0,true,,32,3,0,0,0,0,0,0,false
cm_exp_20180419_150215.xml,2018-04-19T15:13:56Z,Undefined,ONRM_RootMo_R,eNODEb,0225ML,1,1,0225MLC,10562,3,24,-18,-115,4,0,,"SubNetwork=ONRM_RootMo_R,FreqManagement=1,ExternalUtranFreq=10562",1;1;1;1;1;1;1;1;1;1;1;1;1;1;1,1;1;1;1;1;1;1;1;1;1;1;1;1;1;1,2;2;2;2;2;2;2;2;2;2;2;2;2;2;2,6,0,0,0,2,0,0,0,0,true,,32,3,0,0,0,0,0,0,false
cm_exp_20180419_150215.xml,2018-04-19T15:13:56Z,Undefined,ONRM_RootMo_R,eNODEb,0225ML,1,1,0225MLC,10587,3,24,-18,-115,4,0,,"SubNetwork=ONRM_RootMo_R,FreqManagement=1,ExternalUtranFreq=10587",1;1;1;1;1;1;1;1;1;1;1;1;1;1;1,1;1;1;1;1;1;1;1;1;1;1;1;1;1;1,2;2;2;2;2;2;2;2;2;2;2;2;2;2;2,6,0,0,0,2,0,0,0,0,true,,32,3,0,0,0,0,0,0,false
cm_exp_20180419_150249.xml,2018-04-19T15:13:56Z,Undefined,ONRM_RootMo_R,eNODEb,0230ML,1,1,0230MLA,10562,3,24,-18,-115,4,0,,"SubNetwork=ONRM_RootMo_R,FreqManagement=1,ExternalUtranFreq=10562",1;1;1;1;1;1;1;1;1;1;1;1;1;1;1,1;1;1;1;1;1;1;1;1;1;1;1;1;1;1,2;2;2;2;2;2;2;2;2;2;2;2;2;2;2,6,0,0,0,2,0,0,0,0,true,,32,3,0,0,0,0,0,0,false
cm_exp_20180419_150249.xml,2018-04-19T15:13:56Z,Undefined,ONRM_RootMo_R,eNODEb,0230ML,1,1,0230MLA,10587,3,24,-18,-115,4,0,,"SubNetwork=ONRM_RootMo_R,FreqManagement=1,ExternalUtranFreq=10587",1;1;1;1;1;1;1;1;1;1;1;1;1;1;1,1;1;1;1;1;1;1;1;1;1;1;1;1;1;1,2;2;2;2;2;2;2;2;2;2;2;2;2;2;2,6,0,0,0,2,0,0,0,0,true,,32,3,0,0,0,0,0,0,false
cm_exp_20180419_150249.xml,2018-04-19T15:13:56Z,Undefined,ONRM_RootMo_R,eNODEb,0230ML,1,1,0230MLB,10562,3,24,-18,-115,4,0,,"SubNetwork=ONRM_RootMo_R,FreqManagement=1,ExternalUtranFreq=10562",1;1;1;1;1;1;1;1;1;1;1;1;1;1;1,1;1;1;1;1;1;1;1;1;1;1;1;1;1;1,2;2;2;2;2;2;2;2;2;2;2;2;2;2;2,6,0,0,0,2,0,0,0,0,true,,32,3,0,0,0,0,0,0,false
cm_exp_20180419_150249.xml,2018-04-19T15:13:56Z,Undefined,ONRM_RootMo_R,eNODEb,0230ML,1,1,0230MLB,10587,3,24,-18,-115,4,0,,"SubNetwork=ONRM_RootMo_R,FreqManagement=1,ExternalUtranFreq=10587",1;1;1;1;1;1;1;1;1;1;1;1;1;1;1,1;1;1;1;1;1;1;1;1;1;1;1;1;1;1,2;2;2;2;2;2;2;2;2;2;2;2;2;2;2,6,0,0,0,2,0,0,0,0,true,,32,3,0,0,0,0,0,0,false
cm_exp_20180419_150249.xml,2018-04-19T15:13:56Z,Undefined,ONRM_RootMo_R,eNODEb,0230ML,1,1,0230MLC,10562,3,24,-18,-115,4,0,,"SubNetwork=ONRM_RootMo_R,FreqManagement=1,ExternalUtranFreq=10562",1;1;1;1;1;1;1;1;1;1;1;1;1;1;1,1;1;1;1;1;1;1;1;1;1;1;1;1;1;1,2;2;2;2;2;2;2;2;2;2;2;2;2;2;2,6,0,0,0,2,0,0,0,0,true,,32,3,0,0,0,0,0,0,false
cm_exp_20180419_150249.xml,2018-04-19T15:13:56Z,Undefined,ONRM_RootMo_R,eNODEb,0230ML,1,1,0230MLC,10587,3,24,-18,-115,4,0,,"SubNetwork=ONRM_RootMo_R,FreqManagement=1,ExternalUtranFreq=10587",1;1;1;1;1;1;1;1;1;1;1;1;1;1;1,1;1;1;1;1;1;1;1;1;1;1;1;1;1;1,2;2;2;2;2;2;2;2;2;2;2;2;2;2;2,6,0,0,0,2,0,0,0,0,true,,32,3,0,0,0,0,0,0,false
cm_exp_20180419_150408.xml,2018-04-19T15:13:56Z,Undefined,ONRM_RootMo_R,eNODEb,0230ML,1,1,0230MLA,10562,3,24,-18,-115,4,0,,"SubNetwork=ONRM_RootMo_R,FreqManagement=1,ExternalUtranFreq=10562",1;1;1;1;1;1;1;1;1;1;1;1;1;1;1,1;1;1;1;1;1;1;1;1;1;1;1;1;1;1,2;2;2;2;2;2;2;2;2;2;2;2;2;2;2,6,0,0,0,2,0,0,0,0,true,,32,3,0,0,0,0,0,0,false
cm_exp_20180419_150408.xml,2018-04-19T15:13:56Z,Undefined,ONRM_RootMo_R,eNODEb,0230ML,1,1,0230MLA,10587,3,24,-18,-115,4,0,,"SubNetwork=ONRM_RootMo_R,FreqManagement=1,ExternalUtranFreq=10587",1;1;1;1;1;1;1;1;1;1;1;1;1;1;1,1;1;1;1;1;1;1;1;1;1;1;1;1;1;1,2;2;2;2;2;2;2;2;2;2;2;2;2;2;2,6,0,0,0,2,0,0,0,0,true,,32,3,0,0,0,0,0,0,false
cm_exp_20180419_150408.xml,2018-04-19T15:13:56Z,Undefined,ONRM_RootMo_R,eNODEb,0230ML,1,1,0230MLB,10562,3,24,-18,-115,4,0,,"SubNetwork=ONRM_RootMo_R,FreqManagement=1,ExternalUtranFreq=10562",1;1;1;1;1;1;1;1;1;1;1;1;1;1;1,1;1;1;1;1;1;1;1;1;1;1;1;1;1;1,2;2;2;2;2;2;2;2;2;2;2;2;2;2;2,6,0,0,0,2,0,0,0,0,true,,32,3,0,0,0,0,0,0,false
cm_exp_20180419_150408.xml,2018-04-19T15:13:56Z,Undefined,ONRM_RootMo_R,eNODEb,0230ML,1,1,0230MLB,10587,3,24,-18,-115,4,0,,"SubNetwork=ONRM_RootMo_R,FreqManagement=1,ExternalUtranFreq=10587",1;1;1;1;1;1;1;1;1;1;1;1;1;1;1,1;1;1;1;1;1;1;1;1;1;1;1;1;1;1,2;2;2;2;2;2;2;2;2;2;2;2;2;2;2,6,0,0,0,2,0,0,0,0,true,,32,3,0,0,0,0,0,0,false
cm_exp_20180419_150408.xml,2018-04-19T15:13:56Z,Undefined,ONRM_RootMo_R,eNODEb,0230ML,1,1,0230MLC,10562,3,24,-18,-115,4,0,,"SubNetwork=ONRM_RootMo_R,FreqManagement=1,ExternalUtranFreq=10562",1;1;1;1;1;1;1;1;1;1;1;1;1;1;1,1;1;1;1;1;1;1;1;1;1;1;1;1;1;1,2;2;2;2;2;2;2;2;2;2;2;2;2;2;2,6,0,0,0,2,0,0,0,0,true,,32,3,0,0,0,0,0,0,false
cm_exp_20180419_150408.xml,2018-04-19T15:13:56Z,Undefined,ONRM_RootMo_R,eNODEb,0230ML,1,1,0230MLC,10587,3,24,-18,-115,4,0,,"SubNetwork=ONRM_RootMo_R,FreqManagement=1,ExternalUtranFreq=10587",1;1;1;1;1;1;1;1;1;1;1;1;1;1;1,1;1;1;1;1;1;1;1;1;1;1;1;1;1;1,2;2;2;2;2;2;2;2;2;2;2;2;2;2;2,6,0,0,0,2,0,0,0,0,true,,32,3,0,0,0,0,0,0,false
cm_exp_20180419_150451.xml,2018-04-19T15:13:56Z,Undefined,ONRM_RootMo_R,eNODEb,0243ML,1,1,0243MLA,10562,3,24,-18,-115,4,0,,"SubNetwork=ONRM_RootMo_R,FreqManagement=1,ExternalUtranFreq=10562",1;1;1;1;1;1;1;1;1;1;1;1;1;1;1,1;1;1;1;1;1;1;1;1;1;1;1;1;1;1,2;2;2;2;2;2;2;2;2;2;2;2;2;2;2,6,0,0,0,2,0,0,0,0,true,,32,3,0,0,0,0,0,0,false
cm_exp_20180419_150451.xml,2018-04-19T15:13:56Z,Undefined,ONRM_RootMo_R,eNODEb,0243ML,1,1,0243MLA,10587,3,24,-18,-115,4,0,,"SubNetwork=ONRM_RootMo_R,FreqManagement=1,ExternalUtranFreq=10587",1;1;1;1;1;1;1;1;1;1;1;1;1;1;1,1;1;1;1;1;1;1;1;1;1;1;1;1;1;1,2;2;2;2;2;2;2;2;2;2;2;2;2;2;2,6,0,0,0,2,0,0,0,0,true,,32,3,0,0,0,0,0,0,false
cm_exp_20180419_150451.xml,2018-04-19T15:13:56Z,Undefined,ONRM_RootMo_R,eNODEb,0243ML,1,1,0243MLB,10562,3,24,-18,-115,4,0,,"SubNetwork=ONRM_RootMo_R,FreqManagement=1,ExternalUtranFreq=10562",1;1;1;1;1;1;1;1;1;1;1;1;1;1;1,1;1;1;1;1;1;1;1;1;1;1;1;1;1;1,2;2;2;2;2;2;2;2;2;2;2;2;2;2;2,6,0,0,0,2,0,0,0,0,true,,32,3,0,0,0,0,0,0,false
cm_exp_20180419_150451.xml,2018-04-19T15:13:56Z,Undefined,ONRM_RootMo_R,eNODEb,0243ML,1,1,0243MLB,10587,3,24,-18,-115,4,0,,"SubNetwork=ONRM_RootMo_R,FreqManagement=1,ExternalUtranFreq=10587",1;1;1;1;1;1;1;1;1;1;1;1;1;1;1,1;1;1;1;1;1;1;1;1;1;1;1;1;1;1,2;2;2;2;2;2;2;2;2;2;2;2;2;2;2,6,0,0,0,2,0,0,0,0,true,,32,3,0,0,0,0,0,0,false
cm_exp_20180419_150451.xml,2018-04-19T15:13:56Z,Undefined,ONRM_RootMo_R,eNODEb,0243ML,1,1,0243MLC,10562,3,24,-18,-115,4,0,,"SubNetwork=ONRM_RootMo_R,FreqManagement=1,ExternalUtranFreq=10562",1;1;1;1;1;1;1;1;1;1;1;1;1;1;1,1;1;1;1;1;1;1;1;1;1;1;1;1;1;1,2;2;2;2;2;2;2;2;2;2;2;2;2;2;2,6,0,0,0,2,0,0,0,0,true,,32,3,0,0,0,0,0,0,false
cm_exp_20180419_150451.xml,2018-04-19T15:13:56Z,Undefined,ONRM_RootMo_R,eNODEb,0243ML,1,1,0243MLC,10587,3,24,-18,-115,4,0,,"SubNetwork=ONRM_RootMo_R,FreqManagement=1,ExternalUtranFreq=10587",1;1;1;1;1;1;1;1;1;1;1;1;1;1;1,1;1;1;1;1;1;1;1;1;1;1;1;1;1;1,2;2;2;2;2;2;2;2;2;2;2;2;2;2;2,6,0,0,0,2,0,0,0,0,true,,32,3,0,0,0,0,0,0,false
cm_exp_20180419_150511.xml,2018-04-19T15:13:56Z,Undefined,ONRM_RootMo_R,eNODEb,0250ML,1,1,0250MLA,10562,3,24,-18,-115,4,0,,"SubNetwork=ONRM_RootMo_R,FreqManagement=1,ExternalUtranFreq=10562",1;1;1;1;1;1;1;1;1;1;1;1;1;1;1,1;1;1;1;1;1;1;1;1;1;1;1;1;1;1,2;2;2;2;2;2;2;2;2;2;2;2;2;2;2,6,0,0,0,2,0,0,0,0,true,,32,3,0,0,0,0,0,0,false
cm_exp_20180419_150511.xml,2018-04-19T15:13:56Z,Undefined,ONRM_RootMo_R,eNODEb,0250ML,1,1,0250MLA,10587,3,24,-18,-115,4,0,,"SubNetwork=ONRM_RootMo_R,FreqManagement=1,ExternalUtranFreq=10587",1;1;1;1;1;1;1;1;1;1;1;1;1;1;1,1;1;1;1;1;1;1;1;1;1;1;1;1;1;1,2;2;2;2;2;2;2;2;2;2;2;2;2;2;2,6,0,0,0,2,0,0,0,0,true,,32,3,0,0,0,0,0,0,false
cm_exp_20180419_150511.xml,2018-04-19T15:13:56Z,Undefined,ONRM_RootMo_R,eNODEb,0250ML,1,1,0250MLB,10562,3,24,-18,-115,4,0,,"SubNetwork=ONRM_RootMo_R,FreqManagement=1,ExternalUtranFreq=10562",1;1;1;1;1;1;1;1;1;1;1;1;1;1;1,1;1;1;1;1;1;1;1;1;1;1;1;1;1;1,2;2;2;2;2;2;2;2;2;2;2;2;2;2;2,6,0,0,0,2,0,0,0,0,true,,32,3,0,0,0,0,0,0,false
cm_exp_20180419_150511.xml,2018-04-19T15:13:56Z,Undefined,ONRM_RootMo_R,eNODEb,0250ML,1,1,0250MLB,10587,3,24,-18,-115,4,0,,"SubNetwork=ONRM_RootMo_R,FreqManagement=1,ExternalUtranFreq=10587",1;1;1;1;1;1;1;1;1;1;1;1;1;1;1,1;1;1;1;1;1;1;1;1;1;1;1;1;1;1,2;2;2;2;2;2;2;2;2;2;2;2;2;2;2,6,0,0,0,2,0,0,0,0,true,,32,3,0,0,0,0,0,0,false
cm_exp_20180419_150511.xml,2018-04-19T15:13:56Z,Undefined,ONRM_RootMo_R,eNODEb,0250ML,1,1,0250MLC,10562,3,24,-18,-115,4,0,,"SubNetwork=ONRM_RootMo_R,FreqManagement=1,ExternalUtranFreq=10562",1;1;1;1;1;1;1;1;1;1;1;1;1;1;1,1;1;1;1;1;1;1;1;1;1;1;1;1;1;1,2;2;2;2;2;2;2;2;2;2;2;2;2;2;2,6,0,0,0,2,0,0,0,0,true,,32,3,0,0,0,0,0,0,false
cm_exp_20180419_150511.xml,2018-04-19T15:13:56Z,Undefined,ONRM_RootMo_R,eNODEb,0250ML,1,1,0250MLC,10587,3,24,-18,-115,4,0,,"SubNetwork=ONRM_RootMo_R,FreqManagement=1,ExternalUtranFreq=10587",1;1;1;1;1;1;1;1;1;1;1;1;1;1;1,1;1;1;1;1;1;1;1;1;1;1;1;1;1;1,2;2;2;2;2;2;2;2;2;2;2;2;2;2;2,6,0,0,0,2,0,0,0,0,true,,32,3,0,0,0,0,0,0,false
cm_exp_20180419_150529.xml,2018-04-19T15:13:56Z,Undefined,ONRM_RootMo_R,eNODEb,0255ML,1,1,0255MLA,10562,3,24,-18,-115,4,0,,"SubNetwork=ONRM_RootMo_R,FreqManagement=1,ExternalUtranFreq=10562",1;1;1;1;1;1;1;1;1;1;1;1;1;1;1,1;1;1;1;1;1;1;1;1;1;1;1;1;1;1,2;2;2;2;2;2;2;2;2;2;2;2;2;2;2,6,0,0,0,2,0,0,0,0,true,,32,3,0,0,0,0,0,0,false
cm_exp_20180419_150529.xml,2018-04-19T15:13:56Z,Undefined,ONRM_RootMo_R,eNODEb,0255ML,1,1,0255MLA,10587,3,24,-18,-115,4,0,,"SubNetwork=ONRM_RootMo_R,FreqManagement=1,ExternalUtranFreq=10587",1;1;1;1;1;1;1;1;1;1;1;1;1;1;1,1;1;1;1;1;1;1;1;1;1;1;1;1;1;1,2;2;2;2;2;2;2;2;2;2;2;2;2;2;2,6,0,0,0,2,0,0,0,0,true,,32,3,0,0,0,0,0,0,false
cm_exp_20180419_150529.xml,2018-04-19T15:13:56Z,Undefined,ONRM_RootMo_R,eNODEb,0255ML,1,1,0255MLB,10562,3,24,-18,-115,4,0,,"SubNetwork=ONRM_RootMo_R,FreqManagement=1,ExternalUtranFreq=10562",1;1;1;1;1;1;1;1;1;1;1;1;1;1;1,1;1;1;1;1;1;1;1;1;1;1;1;1;1;1,2;2;2;2;2;2;2;2;2;2;2;2;2;2;2,6,0,0,0,2,0,0,0,0,true,,32,3,0,0,0,0,0,0,false
cm_exp_20180419_150529.xml,2018-04-19T15:13:56Z,Undefined,ONRM_RootMo_R,eNODEb,0255ML,1,1,0255MLB,10587,3,24,-18,-115,4,0,,"SubNetwork=ONRM_RootMo_R,FreqManagement=1,ExternalUtranFreq=10587",1;1;1;1;1;1;1;1;1;1;1;1;1;1;1,1;1;1;1;1;1;1;1;1;1;1;1;1;1;1,2;2;2;2;2;2;2;2;2;2;2;2;2;2;2,6,0,0,0,2,0,0,0,0,true,,32,3,0,0,0,0,0,0,false
cm_exp_20180419_150529.xml,2018-04-19T15:13:56Z,Undefined,ONRM_RootMo_R,eNODEb,0255ML,1,1,0255MLC,10562,3,24,-18,-115,4,0,,"SubNetwork=ONRM_RootMo_R,FreqManagement=1,ExternalUtranFreq=10562",1;1;1;1;1;1;1;1;1;1;1;1;1;1;1,1;1;1;1;1;1;1;1;1;1;1;1;1;1;1,2;2;2;2;2;2;2;2;2;2;2;2;2;2;2,6,0,0,0,2,0,0,0,0,true,,32,3,0,0,0,0,0,0,false
cm_exp_20180419_150529.xml,2018-04-19T15:13:56Z,Undefined,ONRM_RootMo_R,eNODEb,0255ML,1,1,0255MLC,10587,3,24,-18,-115,4,0,,"SubNetwork=ONRM_RootMo_R,FreqManagement=1,ExternalUtranFreq=10587",1;1;1;1;1;1;1;1;1;1;1;1;1;1;1,1;1;1;1;1;1;1;1;1;1;1;1;1;1;1,2;2;2;2;2;2;2;2;2;2;2;2;2;2;2,6,0,0,0,2,0,0,0,0,true,,32,3,0,0,0,0,0,0,false
cm_exp_20180419_150554.xml,2018-04-19T15:13:56Z,Undefined,ONRM_RootMo_R,eNODEb,0270ML,1,1,0270MLA,10562,3,24,-18,-115,4,0,,"SubNetwork=ONRM_RootMo_R,FreqManagement=1,ExternalUtranFreq=10562",1;1;1;1;1;1;1;1;1;1;1;1;1;1;1,1;1;1;1;1;1;1;1;1;1;1;1;1;1;1,2;2;2;2;2;2;2;2;2;2;2;2;2;2;2,6,0,0,0,2,0,0,0,0,true,,32,3,0,0,0,0,0,0,false
cm_exp_20180419_150554.xml,2018-04-19T15:13:56Z,Undefined,ONRM_RootMo_R,eNODEb,0270ML,1,1,0270MLA,10587,3,24,-18,-115,4,0,,"SubNetwork=ONRM_RootMo_R,FreqManagement=1,ExternalUtranFreq=10587",1;1;1;1;1;1;1;1;1;1;1;1;1;1;1,1;1;1;1;1;1;1;1;1;1;1;1;1;1;1,2;2;2;2;2;2;2;2;2;2;2;2;2;2;2,6,0,0,0,2,0,0,0,0,true,,32,3,0,0,0,0,0,0,false
cm_exp_20180419_150554.xml,2018-04-19T15:13:56Z,Undefined,ONRM_RootMo_R,eNODEb,0270ML,1,1,0270MLB,10562,3,24,-18,-115,4,0,,"SubNetwork=ONRM_RootMo_R,FreqManagement=1,ExternalUtranFreq=10562",1;1;1;1;1;1;1;1;1;1;1;1;1;1;1,1;1;1;1;1;1;1;1;1;1;1;1;1;1;1,2;2;2;2;2;2;2;2;2;2;2;2;2;2;2,6,0,0,0,2,0,0,0,0,true,,32,3,0,0,0,0,0,0,false
cm_exp_20180419_150554.xml,2018-04-19T15:13:56Z,Undefined,ONRM_RootMo_R,eNODEb,0270ML,1,1,0270MLB,10587,3,24,-18,-115,4,0,,"SubNetwork=ONRM_RootMo_R,FreqManagement=1,ExternalUtranFreq=10587",1;1;1;1;1;1;1;1;1;1;1;1;1;1;1,1;1;1;1;1;1;1;1;1;1;1;1;1;1;1,2;2;2;2;2;2;2;2;2;2;2;2;2;2;2,6,0,0,0,2,0,0,0,0,true,,32,3,0,0,0,0,0,0,false
cm_exp_20180419_150554.xml,2018-04-19T15:13:56Z,Undefined,ONRM_RootMo_R,eNODEb,0270ML,1,1,0270MLC,10562,3,24,-18,-115,4,0,,"SubNetwork=ONRM_RootMo_R,FreqManagement=1,ExternalUtranFreq=10562",1;1;1;1;1;1;1;1;1;1;1;1;1;1;1,1;1;1;1;1;1;1;1;1;1;1;1;1;1;1,2;2;2;2;2;2;2;2;2;2;2;2;2;2;2,6,0,0,0,2,0,0,0,0,true,,32,3,0,0,0,0,0,0,false
cm_exp_20180419_150554.xml,2018-04-19T15:13:56Z,Undefined,ONRM_RootMo_R,eNODEb,0270ML,1,1,0270MLC,10587,3,24,-18,-115,4,0,,"SubNetwork=ONRM_RootMo_R,FreqManagement=1,ExternalUtranFreq=10587",1;1;1;1;1;1;1;1;1;1;1;1;1;1;1,1;1;1;1;1;1;1;1;1;1;1;1;1;1;1,2;2;2;2;2;2;2;2;2;2;2;2;2;2;2,6,0,0,0,2,0,0,0,0,true,,32,3,0,0,0,0,0,0,false
cm_exp_20180419_150618.xml,2018-04-19T15:13:56Z,Undefined,ONRM_RootMo_R,eNODEb,0304ML,1,1,0304MLA,10562,3,24,-18,-115,4,0,,"SubNetwork=ONRM_RootMo_R,FreqManagement=1,ExternalUtranFreq=10562",1;1;1;1;1;1;1;1;1;1;1;1;1;1;1,1;1;1;1;1;1;1;1;1;1;1;1;1;1;1,2;2;2;2;2;2;2;2;2;2;2;2;2;2;2,6,0,0,0,2,0,0,0,0,true,,32,3,0,0,0,0,0,0,false
cm_exp_20180419_150618.xml,2018-04-19T15:13:56Z,Undefined,ONRM_RootMo_R,eNODEb,0304ML,1,1,0304MLA,10587,3,24,-18,-115,4,0,,"SubNetwork=ONRM_RootMo_R,FreqManagement=1,ExternalUtranFreq=10587",1;1;1;1;1;1;1;1;1;1;1;1;1;1;1,1;1;1;1;1;1;1;1;1;1;1;1;1;1;1,2;2;2;2;2;2;2;2;2;2;2;2;2;2;2,6,0,0,0,2,0,0,0,0,true,,32,3,0,0,0,0,0,0,false
cm_exp_20180419_150618.xml,2018-04-19T15:13:56Z,Undefined,ONRM_RootMo_R,eNODEb,0304ML,1,1,0304MLB,10562,3,24,-18,-115,4,0,,"SubNetwork=ONRM_RootMo_R,FreqManagement=1,ExternalUtranFreq=10562",1;1;1;1;1;1;1;1;1;1;1;1;1;1;1,1;1;1;1;1;1;1;1;1;1;1;1;1;1;1,2;2;2;2;2;2;2;2;2;2;2;2;2;2;2,6,0,0,0,2,0,0,0,0,true,,32,3,0,0,0,0,0,0,false
cm_exp_20180419_150618.xml,2018-04-19T15:13:56Z,Undefined,ONRM_RootMo_R,eNODEb,0304ML,1,1,0304MLB,10587,3,24,-18,-115,4,0,,"SubNetwork=ONRM_RootMo_R,FreqManagement=1,ExternalUtranFreq=10587",1;1;1;1;1;1;1;1;1;1;1;1;1;1;1,1;1;1;1;1;1;1;1;1;1;1;1;1;1;1,2;2;2;2;2;2;2;2;2;2;2;2;2;2;2,6,0,0,0,2,0,0,0,0,true,,32,3,0,0,0,0,0,0,false
cm_exp_20180419_150618.xml,2018-04-19T15:13:56Z,Undefined,ONRM_RootMo_R,eNODEb,0304ML,1,1,0304MLC,10562,3,24,-18,-115,4,0,,"SubNetwork=ONRM_RootMo_R,FreqManagement=1,ExternalUtranFreq=10562",1;1;1;1;1;1;1;1;1;1;1;1;1;1;1,1;1;1;1;1;1;1;1;1;1;1;1;1;1;1,2;2;2;2;2;2;2;2;2;2;2;2;2;2;2,6,0,0,0,2,0,0,0,0,true,,32,3,0,0,0,0,0,0,false
cm_exp_20180419_150618.xml,2018-04-19T15:13:56Z,Undefined,ONRM_RootMo_R,eNODEb,0304ML,1,1,0304MLC,10587,3,24,-18,-115,4,0,,"SubNetwork=ONRM_RootMo_R,FreqManagement=1,ExternalUtranFreq=10587",1;1;1;1;1;1;1;1;1;1;1;1;1;1;1,1;1;1;1;1;1;1;1;1;1;1;1;1;1;1,2;2;2;2;2;2;2;2;2;2;2;2;2;2;2,6,0,0,0,2,0,0,0,0,true,,32,3,0,0,0,0,0,0,false
cm_exp_20180419_150643.xml,2018-04-19T15:13:56Z,Undefined,ONRM_RootMo_R,eNODEb,0312ML,1,1,0312MLA,10562,3,24,-18,-115,4,0,,"SubNetwork=ONRM_RootMo_R,FreqManagement=1,ExternalUtranFreq=10562",1;1;1;1;1;1;1;1;1;1;1;1;1;1;1,1;1;1;1;1;1;1;1;1;1;1;1;1;1;1,2;2;2;2;2;2;2;2;2;2;2;2;2;2;2,6,0,0,0,2,0,0,0,0,true,,32,3,0,0,0,0,0,0,false
cm_exp_20180419_150643.xml,2018-04-19T15:13:56Z,Undefined,ONRM_RootMo_R,eNODEb,0312ML,1,1,0312MLA,10587,3,24,-18,-115,4,0,,"SubNetwork=ONRM_RootMo_R,FreqManagement=1,ExternalUtranFreq=10587",1;1;1;1;1;1;1;1;1;1;1;1;1;1;1,1;1;1;1;1;1;1;1;1;1;1;1;1;1;1,2;2;2;2;2;2;2;2;2;2;2;2;2;2;2,6,0,0,0,2,0,0,0,0,true,,32,3,0,0,0,0,0,0,false
cm_exp_20180419_150643.xml,2018-04-19T15:13:56Z,Undefined,ONRM_RootMo_R,eNODEb,0312ML,1,1,0312MLB,10562,3,24,-18,-115,4,0,,"SubNetwork=ONRM_RootMo_R,FreqManagement=1,ExternalUtranFreq=10562",1;1;1;1;1;1;1;1;1;1;1;1;1;1;1,1;1;1;1;1;1;1;1;1;1;1;1;1;1;1,2;2;2;2;2;2;2;2;2;2;2;2;2;2;2,6,0,0,0,2,0,0,0,0,true,,32,3,0,0,0,0,0,0,false
cm_exp_20180419_150643.xml,2018-04-19T15:13:56Z,Undefined,ONRM_RootMo_R,eNODEb,0312ML,1,1,0312MLB,10587,3,24,-18,-115,4,0,,"SubNetwork=ONRM_RootMo_R,FreqManagement=1,ExternalUtranFreq=10587",1;1;1;1;1;1;1;1;1;1;1;1;1;1;1,1;1;1;1;1;1;1;1;1;1;1;1;1;1;1,2;2;2;2;2;2;2;2;2;2;2;2;2;2;2,6,0,0,0,2,0,0,0,0,true,,32,3,0,0,0,0,0,0,false
cm_exp_20180419_150643.xml,2018-04-19T15:13:56Z,Undefined,ONRM_RootMo_R,eNODEb,0312ML,1,1,0312MLC,10562,3,24,-18,-115,4,0,,"SubNetwork=ONRM_RootMo_R,FreqManagement=1,ExternalUtranFreq=10562",1;1;1;1;1;1;1;1;1;1;1;1;1;1;1,1;1;1;1;1;1;1;1;1;1;1;1;1;1;1,2;2;2;2;2;2;2;2;2;2;2;2;2;2;2,6,0,0,0,2,0,0,0,0,true,,32,3,0,0,0,0,0,0,false
cm_exp_20180419_150643.xml,2018-04-19T15:13:56Z,Undefined,ONRM_RootMo_R,eNODEb,0312ML,1,1,0312MLC,10587,3,24,-18,-115,4,0,,"SubNetwork=ONRM_RootMo_R,FreqManagement=1,ExternalUtranFreq=10587",1;1;1;1;1;1;1;1;1;1;1;1;1;1;1,1;1;1;1;1;1;1;1;1;1;1;1;1;1;1,2;2;2;2;2;2;2;2;2;2;2;2;2;2;2,6,0,0,0,2,0,0,0,0,true,,32,3,0,0,0,0,0,0,false
cm_exp_20180419_150750.xml,2018-04-19T15:13:56Z,Undefined,ONRM_RootMo_R,eNODEb,0370ML,1,1,0370MLA,10562,3,24,-18,-115,4,0,,"SubNetwork=ONRM_RootMo_R,FreqManagement=1,ExternalUtranFreq=10562",1;1;1;1;1;1;1;1;1;1;1;1;1;1;1,1;1;1;1;1;1;1;1;1;1;1;1;1;1;1,2;2;2;2;2;2;2;2;2;2;2;2;2;2;2,6,0,0,0,2,0,0,0,0,true,,32,3,0,0,0,0,0,0,false
cm_exp_20180419_150750.xml,2018-04-19T15:13:56Z,Undefined,ONRM_RootMo_R,eNODEb,0370ML,1,1,0370MLA,10587,3,24,-18,-115,4,0,,"SubNetwork=ONRM_RootMo_R,FreqManagement=1,ExternalUtranFreq=10587",1;1;1;1;1;1;1;1;1;1;1;1;1;1;1,1;1;1;1;1;1;1;1;1;1;1;1;1;1;1,2;2;2;2;2;2;2;2;2;2;2;2;2;2;2,6,0,0,0,2,0,0,0,0,true,,32,3,0,0,0,0,0,0,false
cm_exp_20180419_150750.xml,2018-04-19T15:13:56Z,Undefined,ONRM_RootMo_R,eNODEb,0370ML,1,1,0370MLB,10562,3,24,-18,-115,4,0,,"SubNetwork=ONRM_RootMo_R,FreqManagement=1,ExternalUtranFreq=10562",1;1;1;1;1;1;1;1;1;1;1;1;1;1;1,1;1;1;1;1;1;1;1;1;1;1;1;1;1;1,2;2;2;2;2;2;2;2;2;2;2;2;2;2;2,6,0,0,0,2,0,0,0,0,true,,32,3,0,0,0,0,0,0,false
cm_exp_20180419_150750.xml,2018-04-19T15:13:56Z,Undefined,ONRM_RootMo_R,eNODEb,0370ML,1,1,0370MLB,10587,3,24,-18,-115,4,0,,"SubNetwork=ONRM_RootMo_R,FreqManagement=1,ExternalUtranFreq=10587",1;1;1;1;1;1;1;1;1;1;1;1;1;1;1,1;1;1;1;1;1;1;1;1;1;1;1;1;1;1,2;2;2;2;2;2;2;2;2;2;2;2;2;2;2,6,0,0,0,2,0,0,0,0,true,,32,3,0,0,0,0,0,0,false
cm_exp_20180419_150750.xml,2018-04-19T15:13:56Z,Undefined,ONRM_RootMo_R,eNODEb,0370ML,1,1,0370MLC,10562,3,24,-18,-115,4,0,,"SubNetwork=ONRM_RootMo_R,FreqManagement=1,ExternalUtranFreq=10562",1;1;1;1;1;1;1;1;1;1;1;1;1;1;1,1;1;1;1;1;1;1;1;1;1;1;1;1;1;1,2;2;2;2;2;2;2;2;2;2;2;2;2;2;2,6,0,0,0,2,0,0,0,0,true,,32,3,0,0,0,0,0,0,false
cm_exp_20180419_150750.xml,2018-04-19T15:13:56Z,Undefined,ONRM_RootMo_R,eNODEb,0370ML,1,1,0370MLC,10587,3,24,-18,-115,4,0,,"SubNetwork=ONRM_RootMo_R,FreqManagement=1,ExternalUtranFreq=10587",1;1;1;1;1;1;1;1;1;1;1;1;1;1;1,1;1;1;1;1;1;1;1;1;1;1;1;1;1;1,2;2;2;2;2;2;2;2;2;2;2;2;2;2;2,6,0,0,0,2,0,0,0,0,true,,32,3,0,0,0,0,0,0,false
cm_exp_20180419_150814.xml,2018-04-19T15:13:56Z,Undefined,ONRM_RootMo_R,eNODEb,0378ML,1,1,0378MLA,10562,3,24,-18,-115,4,0,,"SubNetwork=ONRM_RootMo_R,FreqManagement=1,ExternalUtranFreq=10562",1;1;1;1;1;1;1;1;1;1;1;1;1;1;1,1;1;1;1;1;1;1;1;1;1;1;1;1;1;1,2;2;2;2;2;2;2;2;2;2;2;2;2;2;2,6,0,0,0,2,0,0,0,0,true,,32,3,0,0,0,0,0,0,false
cm_exp_20180419_150814.xml,2018-04-19T15:13:56Z,Undefined,ONRM_RootMo_R,eNODEb,0378ML,1,1,0378MLA,10587,3,24,-18,-115,4,0,,"SubNetwork=ONRM_RootMo_R,FreqManagement=1,ExternalUtranFreq=10587",1;1;1;1;1;1;1;1;1;1;1;1;1;1;1,1;1;1;1;1;1;1;1;1;1;1;1;1;1;1,2;2;2;2;2;2;2;2;2;2;2;2;2;2;2,6,0,0,0,2,0,0,0,0,true,,32,3,0,0,0,0,0,0,false
cm_exp_20180419_150814.xml,2018-04-19T15:13:56Z,Undefined,ONRM_RootMo_R,eNODEb,0378ML,1,1,0378MLB,10562,3,24,-18,-115,4,0,,"SubNetwork=ONRM_RootMo_R,FreqManagement=1,ExternalUtranFreq=10562",1;1;1;1;1;1;1;1;1;1;1;1;1;1;1,1;1;1;1;1;1;1;1;1;1;1;1;1;1;1,2;2;2;2;2;2;2;2;2;2;2;2;2;2;2,6,0,0,0,2,0,0,0,0,true,,32,3,0,0,0,0,0,0,false
cm_exp_20180419_150814.xml,2018-04-19T15:13:56Z,Undefined,ONRM_RootMo_R,eNODEb,0378ML,1,1,0378MLB,10587,3,24,-18,-115,4,0,,"SubNetwork=ONRM_RootMo_R,FreqManagement=1,ExternalUtranFreq=10587",1;1;1;1;1;1;1;1;1;1;1;1;1;1;1,1;1;1;1;1;1;1;1;1;1;1;1;1;1;1,2;2;2;2;2;2;2;2;2;2;2;2;2;2;2,6,0,0,0,2,0,0,0,0,true,,32,3,0,0,0,0,0,0,false
cm_exp_20180419_150814.xml,2018-04-19T15:13:56Z,Undefined,ONRM_RootMo_R,eNODEb,0378ML,1,1,0378MLC,10562,3,24,-18,-115,4,0,,"SubNetwork=ONRM_RootMo_R,FreqManagement=1,ExternalUtranFreq=10562",1;1;1;1;1;1;1;1;1;1;1;1;1;1;1,1;1;1;1;1;1;1;1;1;1;1;1;1;1;1,2;2;2;2;2;2;2;2;2;2;2;2;2;2;2,6,0,0,0,2,0,0,0,0,true,,32,3,0,0,0,0,0,0,false
cm_exp_20180419_150814.xml,2018-04-19T15:13:56Z,Undefined,ONRM_RootMo_R,eNODEb,0378ML,1,1,0378MLC,10587,3,24,-18,-115,4,0,,"SubNetwork=ONRM_RootMo_R,FreqManagement=1,ExternalUtranFreq=10587",1;1;1;1;1;1;1;1;1;1;1;1;1;1;1,1;1;1;1;1;1;1;1;1;1;1;1;1;1;1,2;2;2;2;2;2;2;2;2;2;2;2;2;2;2,6,0,0,0,2,0,0,0,0,true,,32,3,0,0,0,0,0,0,false
cm_exp_20180419_150846.xml,2018-04-19T15:13:56Z,Undefined,ONRM_RootMo_R,eNODEb,0380ML,1,1,0380MLA,10562,3,24,-18,-119,4,0,,"SubNetwork=ONRM_RootMo_R,FreqManagement=1,ExternalUtranFreq=10562",1;1;1;1;1;1;1;1;1;1;1;1;1;1;1,1;1;1;1;1;1;1;1;1;1;1;1;1;1;1,2;2;2;2;2;2;2;2;2;2;2;2;2;2;2,6,0,0,0,2,0,0,0,0,true,,32,3,0,0,0,0,0,0,false
cm_exp_20180419_150846.xml,2018-04-19T15:13:56Z,Undefined,ONRM_RootMo_R,eNODEb,0380ML,1,1,0380MLA,10587,3,24,-18,-119,4,0,,"SubNetwork=ONRM_RootMo_R,FreqManagement=1,ExternalUtranFreq=10587",1;1;1;1;1;1;1;1;1;1;1;1;1;1;1,1;1;1;1;1;1;1;1;1;1;1;1;1;1;1,2;2;2;2;2;2;2;2;2;2;2;2;2;2;2,6,0,0,0,2,0,0,0,0,true,,32,3,0,0,0,0,0,0,false
cm_exp_20180419_150846.xml,2018-04-19T15:13:56Z,Undefined,ONRM_RootMo_R,eNODEb,0380ML,1,1,0380MLB,10562,3,24,-18,-119,4,0,,"SubNetwork=ONRM_RootMo_R,FreqManagement=1,ExternalUtranFreq=10562",1;1;1;1;1;1;1;1;1;1;1;1;1;1;1,1;1;1;1;1;1;1;1;1;1;1;1;1;1;1,2;2;2;2;2;2;2;2;2;2;2;2;2;2;2,6,0,0,0,2,0,0,0,0,true,,32,3,0,0,0,0,0,0,false
cm_exp_20180419_150846.xml,2018-04-19T15:13:56Z,Undefined,ONRM_RootMo_R,eNODEb,0380ML,1,1,0380MLB,10587,3,24,-18,-119,4,0,,"SubNetwork=ONRM_RootMo_R,FreqManagement=1,ExternalUtranFreq=10587",1;1;1;1;1;1;1;1;1;1;1;1;1;1;1,1;1;1;1;1;1;1;1;1;1;1;1;1;1;1,2;2;2;2;2;2;2;2;2;2;2;2;2;2;2,6,0,0,0,2,0,0,0,0,true,,32,3,0,0,0,0,0,0,false
cm_exp_20180419_150846.xml,2018-04-19T15:13:56Z,Undefined,ONRM_RootMo_R,eNODEb,0380ML,1,1,0380MLC,10562,3,24,-18,-119,4,0,,"SubNetwork=ONRM_RootMo_R,FreqManagement=1,ExternalUtranFreq=10562",1;1;1;1;1;1;1;1;1;1;1;1;1;1;1,1;1;1;1;1;1;1;1;1;1;1;1;1;1;1,2;2;2;2;2;2;2;2;2;2;2;2;2;2;2,6,0,0,0,2,0,0,0,0,true,,32,3,0,0,0,0,0,0,false
cm_exp_20180419_150846.xml,2018-04-19T15:13:56Z,Undefined,ONRM_RootMo_R,eNODEb,0380ML,1,1,0380MLC,10587,3,24,-18,-119,4,0,,"SubNetwork=ONRM_RootMo_R,FreqManagement=1,ExternalUtranFreq=10587",1;1;1;1;1;1;1;1;1;1;1;1;1;1;1,1;1;1;1;1;1;1;1;1;1;1;1;1;1;1,2;2;2;2;2;2;2;2;2;2;2;2;2;2;2,6,0,0,0,2,0,0,0,0,true,,32,3,0,0,0,0,0,0,false
cm_exp_20180419_150943.xml,2018-04-19T15:13:56Z,Undefined,ONRM_RootMo_R,eNODEb,0445ML,1,1,0445MLA,10562,3,24,-18,-115,4,0,,"SubNetwork=ONRM_RootMo_R,FreqManagement=1,ExternalUtranFreq=10562",1;1;1;1;1;1;1;1;1;1;1;1;1;1;1,1;1;1;1;1;1;1;1;1;1;1;1;1;1;1,2;2;2;2;2;2;2;2;2;2;2;2;2;2;2,6,0,0,0,2,0,0,0,0,true,,32,3,0,0,0,0,0,0,false
cm_exp_20180419_150943.xml,2018-04-19T15:13:56Z,Undefined,ONRM_RootMo_R,eNODEb,0445ML,1,1,0445MLA,10587,3,24,-18,-115,4,0,,"SubNetwork=ONRM_RootMo_R,FreqManagement=1,ExternalUtranFreq=10587",1;1;1;1;1;1;1;1;1;1;1;1;1;1;1,1;1;1;1;1;1;1;1;1;1;1;1;1;1;1,2;2;2;2;2;2;2;2;2;2;2;2;2;2;2,6,0,0,0,2,0,0,0,0,true,,32,3,0,0,0,0,0,0,false
cm_exp_20180419_150943.xml,2018-04-19T15:13:56Z,Undefined,ONRM_RootMo_R,eNODEb,0445ML,1,1,0445MLB,10562,3,24,-18,-115,4,0,,"SubNetwork=ONRM_RootMo_R,FreqManagement=1,ExternalUtranFreq=10562",1;1;1;1;1;1;1;1;1;1;1;1;1;1;1,1;1;1;1;1;1;1;1;1;1;1;1;1;1;1,2;2;2;2;2;2;2;2;2;2;2;2;2;2;2,6,0,0,0,2,0,0,0,0,true,,32,3,0,0,0,0,0,0,false
cm_exp_20180419_150943.xml,2018-04-19T15:13:56Z,Undefined,ONRM_RootMo_R,eNODEb,0445ML,1,1,0445MLB,10587,3,24,-18,-115,4,0,,"SubNetwork=ONRM_RootMo_R,FreqManagement=1,ExternalUtranFreq=10587",1;1;1;1;1;1;1;1;1;1;1;1;1;1;1,1;1;1;1;1;1;1;1;1;1;1;1;1;1;1,2;2;2;2;2;2;2;2;2;2;2;2;2;2;2,6,0,0,0,2,0,0,0,0,true,,32,3,0,0,0,0,0,0,false
cm_exp_20180419_150943.xml,2018-04-19T15:13:56Z,Undefined,ONRM_RootMo_R,eNODEb,0445ML,1,1,0445MLC,10562,3,24,-18,-115,4,0,,"SubNetwork=ONRM_RootMo_R,FreqManagement=1,ExternalUtranFreq=10562",1;1;1;1;1;1;1;1;1;1;1;1;1;1;1,1;1;1;1;1;1;1;1;1;1;1;1;1;1;1,2;2;2;2;2;2;2;2;2;2;2;2;2;2;2,6,0,0,0,2,0,0,0,0,true,,32,3,0,0,0,0,0,0,false
cm_exp_20180419_150943.xml,2018-04-19T15:13:56Z,Undefined,ONRM_RootMo_R,eNODEb,0445ML,1,1,0445MLC,10587,3,24,-18,-115,4,0,,"SubNetwork=ONRM_RootMo_R,FreqManagement=1,ExternalUtranFreq=10587",1;1;1;1;1;1;1;1;1;1;1;1;1;1;1,1;1;1;1;1;1;1;1;1;1;1;1;1;1;1,2;2;2;2;2;2;2;2;2;2;2;2;2;2;2,6,0,0,0,2,0,0,0,0,true,,32,3,0,0,0,0,0,0,false
cm_exp_20180419_151002.xml,2018-04-19T15:13:56Z,Undefined,ONRM_RootMo_R,eNODEb,0447ML,1,1,0447MLA,10562,3,24,-18,-115,14,0,,"SubNetwork=ONRM_RootMo_R,FreqManagement=1,ExternalUtranFreq=10562",1;1;1;1;1;1;1;1;1;1;1;1;1;1;1,1;1;1;1;1;1;1;1;1;1;1;1;1;1;1,2;2;2;2;2;2;2;2;2;2;2;2;2;2;2,6,7,0,7,2,0,0,0,0,true,,32,3,0,0,0,0,0,0,false
cm_exp_20180419_151002.xml,2018-04-19T15:13:56Z,Undefined,ONRM_RootMo_R,eNODEb,0447ML,1,1,0447MLA,10587,3,24,-18,-115,14,0,,"SubNetwork=ONRM_RootMo_R,FreqManagement=1,ExternalUtranFreq=10587",1;1;1;1;1;1;1;1;1;1;1;1;1;1;1,1;1;1;1;1;1;1;1;1;1;1;1;1;1;1,2;2;2;2;2;2;2;2;2;2;2;2;2;2;2,6,7,0,7,2,0,0,0,0,true,,32,3,0,0,0,0,0,0,false
cm_exp_20180419_151002.xml,2018-04-19T15:13:56Z,Undefined,ONRM_RootMo_R,eNODEb,0447ML,1,1,0447MLB,10562,3,24,-18,-115,14,0,,"SubNetwork=ONRM_RootMo_R,FreqManagement=1,ExternalUtranFreq=10562",1;1;1;1;1;1;1;1;1;1;1;1;1;1;1,1;1;1;1;1;1;1;1;1;1;1;1;1;1;1,2;2;2;2;2;2;2;2;2;2;2;2;2;2;2,6,7,0,7,2,0,0,0,0,true,,32,3,0,0,0,0,0,0,false
cm_exp_20180419_151002.xml,2018-04-19T15:13:56Z,Undefined,ONRM_RootMo_R,eNODEb,0447ML,1,1,0447MLB,10587,3,24,-18,-115,14,0,,"SubNetwork=ONRM_RootMo_R,FreqManagement=1,ExternalUtranFreq=10587",1;1;1;1;1;1;1;1;1;1;1;1;1;1;1,1;1;1;1;1;1;1;1;1;1;1;1;1;1;1,2;2;2;2;2;2;2;2;2;2;2;2;2;2;2,6,7,0,7,2,0,0,0,0,true,,32,3,0,0,0,0,0,0,false
cm_exp_20180419_151002.xml,2018-04-19T15:13:56Z,Undefined,ONRM_RootMo_R,eNODEb,0447ML,1,1,0447MLC,10562,3,24,-18,-115,14,0,,"SubNetwork=ONRM_RootMo_R,FreqManagement=1,ExternalUtranFreq=10562",1;1;1;1;1;1;1;1;1;1;1;1;1;1;1,1;1;1;1;1;1;1;1;1;1;1;1;1;1;1,2;2;2;2;2;2;2;2;2;2;2;2;2;2;2,6,7,0,7,2,0,0,0,0,true,,32,3,0,0,0,0,0,0,false
cm_exp_20180419_151002.xml,2018-04-19T15:13:56Z,Undefined,ONRM_RootMo_R,eNODEb,0447ML,1,1,0447MLC,10587,3,24,-18,-115,14,0,,"SubNetwork=ONRM_RootMo_R,FreqManagement=1,ExternalUtranFreq=10587",1;1;1;1;1;1;1;1;1;1;1;1;1;1;1,1;1;1;1;1;1;1;1;1;1;1;1;1;1;1,2;2;2;2;2;2;2;2;2;2;2;2;2;2;2,6,7,0,7,2,0,0,0,0,true,,32,3,0,0,0,0,0,0,false
cm_exp_20180419_151042.xml,2018-04-19T15:13:56Z,Undefined,ONRM_RootMo_R,eNODEb,0468ML,1,1,0468MLA,10562,3,24,-18,-115,4,0,,"SubNetwork=ONRM_RootMo_R,FreqManagement=1,ExternalUtranFreq=10562",1;1;1;1;1;1;1;1;1;1;1;1;1;1;1,1;1;1;1;1;1;1;1;1;1;1;1;1;1;1,2;2;2;2;2;2;2;2;2;2;2;2;2;2;2,6,0,0,0,2,0,0,0,0,true,,32,3,0,0,0,0,0,0,false
cm_exp_20180419_151042.xml,2018-04-19T15:13:56Z,Undefined,ONRM_RootMo_R,eNODEb,0468ML,1,1,0468MLA,10587,3,24,-18,-115,4,0,,"SubNetwork=ONRM_RootMo_R,FreqManagement=1,ExternalUtranFreq=10587",1;1;1;1;1;1;1;1;1;1;1;1;1;1;1,1;1;1;1;1;1;1;1;1;1;1;1;1;1;1,2;2;2;2;2;2;2;2;2;2;2;2;2;2;2,6,0,0,0,2,0,0,0,0,true,,32,3,0,0,0,0,0,0,false
cm_exp_20180419_151042.xml,2018-04-19T15:13:56Z,Undefined,ONRM_RootMo_R,eNODEb,0468ML,1,1,0468MLB,10562,3,24,-18,-115,4,0,,"SubNetwork=ONRM_RootMo_R,FreqManagement=1,ExternalUtranFreq=10562",1;1;1;1;1;1;1;1;1;1;1;1;1;1;1,1;1;1;1;1;1;1;1;1;1;1;1;1;1;1,2;2;2;2;2;2;2;2;2;2;2;2;2;2;2,6,0,0,0,2,0,0,0,0,true,,32,3,0,0,0,0,0,0,false
cm_exp_20180419_151042.xml,2018-04-19T15:13:56Z,Undefined,ONRM_RootMo_R,eNODEb,0468ML,1,1,0468MLB,10587,3,24,-18,-115,4,0,,"SubNetwork=ONRM_RootMo_R,FreqManagement=1,ExternalUtranFreq=10587",1;1;1;1;1;1;1;1;1;1;1;1;1;1;1,1;1;1;1;1;1;1;1;1;1;1;1;1;1;1,2;2;2;2;2;2;2;2;2;2;2;2;2;2;2,6,0,0,0,2,0,0,0,0,true,,32,3,0,0,0,0,0,0,false
cm_exp_20180419_151042.xml,2018-04-19T15:13:56Z,Undefined,ONRM_RootMo_R,eNODEb,0468ML,1,1,0468MLC,10562,3,24,-18,-115,4,0,,"SubNetwork=ONRM_RootMo_R,FreqManagement=1,ExternalUtranFreq=10562",1;1;1;1;1;1;1;1;1;1;1;1;1;1;1,1;1;1;1;1;1;1;1;1;1;1;1;1;1;1,2;2;2;2;2;2;2;2;2;2;2;2;2;2;2,6,0,0,0,2,0,0,0,0,true,,32,3,0,0,0,0,0,0,false
cm_exp_20180419_151042.xml,2018-04-19T15:13:56Z,Undefined,ONRM_RootMo_R,eNODEb,0468ML,1,1,0468MLC,10587,3,24,-18,-115,4,0,,"SubNetwork=ONRM_RootMo_R,FreqManagement=1,ExternalUtranFreq=10587",1;1;1;1;1;1;1;1;1;1;1;1;1;1;1,1;1;1;1;1;1;1;1;1;1;1;1;1;1;1,2;2;2;2;2;2;2;2;2;2;2;2;2;2;2,6,0,0,0,2,0,0,0,0,true,,32,3,0,0,0,0,0,0,false
cm_exp_20180419_151106.xml,2018-04-19T15:13:56Z,Undefined,ONRM_RootMo_R,eNODEb,0474ML,1,1,0474MLA,10562,3,24,-18,-115,4,0,0474ML,"SubNetwork=ONRM_RootMo_R,FreqManagement=1,ExternalUtranFreq=10562",648;1;1;1;1;1;1;1;1;1;1;1;1;1;1,4;1;1;1;1;1;1;1;1;1;1;1;1;1;1,2;2;2;2;2;2;2;2;2;2;2;2;2;2;2,6,0,0,0,2,0,0,0,0,true,,32,3,0,0,0,0,0,0,false
cm_exp_20180419_151106.xml,2018-04-19T15:13:56Z,Undefined,ONRM_RootMo_R,eNODEb,0474ML,1,1,0474MLA,10587,3,24,-18,-115,4,0,0474ML,"SubNetwork=ONRM_RootMo_R,FreqManagement=1,ExternalUtranFreq=10587",648;1;1;1;1;1;1;1;1;1;1;1;1;1;1,4;1;1;1;1;1;1;1;1;1;1;1;1;1;1,2;2;2;2;2;2;2;2;2;2;2;2;2;2;2,6,0,0,0,2,0,0,0,0,true,,32,3,0,0,0,0,0,0,false
cm_exp_20180419_151106.xml,2018-04-19T15:13:56Z,Undefined,ONRM_RootMo_R,eNODEb,0474ML,1,1,0474MLB,10562,3,24,-18,-115,4,0,0474ML,"SubNetwork=ONRM_RootMo_R,FreqManagement=1,ExternalUtranFreq=10562",648;1;1;1;1;1;1;1;1;1;1;1;1;1;1,4;1;1;1;1;1;1;1;1;1;1;1;1;1;1,2;2;2;2;2;2;2;2;2;2;2;2;2;2;2,6,0,0,0,2,0,0,0,0,true,,32,3,0,0,0,0,0,0,false
cm_exp_20180419_151106.xml,2018-04-19T15:13:56Z,Undefined,ONRM_RootMo_R,eNODEb,0474ML,1,1,0474MLB,10587,3,24,-18,-115,4,0,0474ML,"SubNetwork=ONRM_RootMo_R,FreqManagement=1,ExternalUtranFreq=10587",648;1;1;1;1;1;1;1;1;1;1;1;1;1;1,4;1;1;1;1;1;1;1;1;1;1;1;1;1;1,2;2;2;2;2;2;2;2;2;2;2;2;2;2;2,6,0,0,0,2,0,0,0,0,true,,32,3,0,0,0,0,0,0,false
cm_exp_20180419_151106.xml,2018-04-19T15:13:56Z,Undefined,ONRM_RootMo_R,eNODEb,0474ML,1,1,0474MLC,10562,3,24,-18,-115,4,0,0474ML,"SubNetwork=ONRM_RootMo_R,FreqManagement=1,ExternalUtranFreq=10562",648;1;1;1;1;1;1;1;1;1;1;1;1;1;1,4;1;1;1;1;1;1;1;1;1;1;1;1;1;1,2;2;2;2;2;2;2;2;2;2;2;2;2;2;2,6,0,0,0,2,0,0,0,0,true,,32,3,0,0,0,0,0,0,false
cm_exp_20180419_151106.xml,2018-04-19T15:13:56Z,Undefined,ONRM_RootMo_R,eNODEb,0474ML,1,1,0474MLC,10587,3,24,-18,-115,4,0,0474ML,"SubNetwork=ONRM_RootMo_R,FreqManagement=1,ExternalUtranFreq=10587",648;1;1;1;1;1;1;1;1;1;1;1;1;1;1,4;1;1;1;1;1;1;1;1;1;1;1;1;1;1,2;2;2;2;2;2;2;2;2;2;2;2;2;2;2,6,0,0,0,2,0,0,0,0,true,,32,3,0,0,0,0,0,0,false
cm_exp_20180419_151217.xml,2018-04-19T15:13:56Z,Undefined,ONRM_RootMo_R,eNODEb,0573ML,1,1,0573MLA,10562,3,24,-18,-115,4,0,,"SubNetwork=ONRM_RootMo_R,FreqManagement=1,ExternalUtranFreq=10562",1;1;1;1;1;1;1;1;1;1;1;1;1;1;1,1;1;1;1;1;1;1;1;1;1;1;1;1;1;1,2;2;2;2;2;2;2;2;2;2;2;2;2;2;2,6,0,0,0,2,0,0,0,0,true,,32,3,0,0,0,0,0,0,false
cm_exp_20180419_151217.xml,2018-04-19T15:13:56Z,Undefined,ONRM_RootMo_R,eNODEb,0573ML,1,1,0573MLA,10587,3,24,-18,-115,4,0,,"SubNetwork=ONRM_RootMo_R,FreqManagement=1,ExternalUtranFreq=10587",1;1;1;1;1;1;1;1;1;1;1;1;1;1;1,1;1;1;1;1;1;1;1;1;1;1;1;1;1;1,2;2;2;2;2;2;2;2;2;2;2;2;2;2;2,6,0,0,0,2,0,0,0,0,true,,32,3,0,0,0,0,0,0,false
cm_exp_20180419_151217.xml,2018-04-19T15:13:56Z,Undefined,ONRM_RootMo_R,eNODEb,0573ML,1,1,0573MLB,10562,3,24,-18,-115,4,0,,"SubNetwork=ONRM_RootMo_R,FreqManagement=1,ExternalUtranFreq=10562",1;1;1;1;1;1;1;1;1;1;1;1;1;1;1,1;1;1;1;1;1;1;1;1;1;1;1;1;1;1,2;2;2;2;2;2;2;2;2;2;2;2;2;2;2,6,0,0,0,2,0,0,0,0,true,,32,3,0,0,0,0,0,0,false
cm_exp_20180419_151217.xml,2018-04-19T15:13:56Z,Undefined,ONRM_RootMo_R,eNODEb,0573ML,1,1,0573MLB,10587,3,24,-18,-115,4,0,,"SubNetwork=ONRM_RootMo_R,FreqManagement=1,ExternalUtranFreq=10587",1;1;1;1;1;1;1;1;1;1;1;1;1;1;1,1;1;1;1;1;1;1;1;1;1;1;1;1;1;1,2;2;2;2;2;2;2;2;2;2;2;2;2;2;2,6,0,0,0,2,0,0,0,0,true,,32,3,0,0,0,0,0,0,false
cm_exp_20180419_151217.xml,2018-04-19T15:13:56Z,Undefined,ONRM_RootMo_R,eNODEb,0573ML,1,1,0573MLC,10562,3,24,-18,-115,4,0,,"SubNetwork=ONRM_RootMo_R,FreqManagement=1,ExternalUtranFreq=10562",1;1;1;1;1;1;1;1;1;1;1;1;1;1;1,1;1;1;1;1;1;1;1;1;1;1;1;1;1;1,2;2;2;2;2;2;2;2;2;2;2;2;2;2;2,6,0,0,0,2,0,0,0,0,true,,32,3,0,0,0,0,0,0,false
cm_exp_20180419_151217.xml,2018-04-19T15:13:56Z,Undefined,ONRM_RootMo_R,eNODEb,0573ML,1,1,0573MLC,10587,3,24,-18,-115,4,0,,"SubNetwork=ONRM_RootMo_R,FreqManagement=1,ExternalUtranFreq=10587",1;1;1;1;1;1;1;1;1;1;1;1;1;1;1,1;1;1;1;1;1;1;1;1;1;1;1;1;1;1,2;2;2;2;2;2;2;2;2;2;2;2;2;2;2,6,0,0,0,2,0,0,0,0,true,,32,3,0,0,0,0,0,0,false
cm_exp_20180419_151236.xml,2018-04-19T15:13:56Z,Undefined,ONRM_RootMo_R,eNODEb,0620ML,1,1,0620MLA,10562,3,24,-18,-115,4,0,,"SubNetwork=ONRM_RootMo_R,FreqManagement=1,ExternalUtranFreq=10562",1;1;1;1;1;1;1;1;1;1;1;1;1;1;1,1;1;1;1;1;1;1;1;1;1;1;1;1;1;1,2;2;2;2;2;2;2;2;2;2;2;2;2;2;2,6,0,0,0,2,0,0,0,0,true,,32,3,0,0,0,0,0,0,false
cm_exp_20180419_151236.xml,2018-04-19T15:13:56Z,Undefined,ONRM_RootMo_R,eNODEb,0620ML,1,1,0620MLA,10587,3,24,-18,-115,4,0,,"SubNetwork=ONRM_RootMo_R,FreqManagement=1,ExternalUtranFreq=10587",1;1;1;1;1;1;1;1;1;1;1;1;1;1;1,1;1;1;1;1;1;1;1;1;1;1;1;1;1;1,2;2;2;2;2;2;2;2;2;2;2;2;2;2;2,6,0,0,0,2,0,0,0,0,true,,32,3,0,0,0,0,0,0,false
cm_exp_20180419_151236.xml,2018-04-19T15:13:56Z,Undefined,ONRM_RootMo_R,eNODEb,0620ML,1,1,0620MLB,10562,3,24,-18,-115,4,0,,"SubNetwork=ONRM_RootMo_R,FreqManagement=1,ExternalUtranFreq=10562",1;1;1;1;1;1;1;1;1;1;1;1;1;1;1,1;1;1;1;1;1;1;1;1;1;1;1;1;1;1,2;2;2;2;2;2;2;2;2;2;2;2;2;2;2,6,0,0,0,2,0,0,0,0,true,,32,3,0,0,0,0,0,0,false
cm_exp_20180419_151236.xml,2018-04-19T15:13:56Z,Undefined,ONRM_RootMo_R,eNODEb,0620ML,1,1,0620MLB,10587,3,24,-18,-115,4,0,,"SubNetwork=ONRM_RootMo_R,FreqManagement=1,ExternalUtranFreq=10587",1;1;1;1;1;1;1;1;1;1;1;1;1;1;1,1;1;1;1;1;1;1;1;1;1;1;1;1;1;1,2;2;2;2;2;2;2;2;2;2;2;2;2;2;2,6,0,0,0,2,0,0,0,0,true,,32,3,0,0,0,0,0,0,false
cm_exp_20180419_151236.xml,2018-04-19T15:13:56Z,Undefined,ONRM_RootMo_R,eNODEb,0620ML,1,1,0620MLC,10562,3,24,-18,-115,4,0,,"SubNetwork=ONRM_RootMo_R,FreqManagement=1,ExternalUtranFreq=10562",1;1;1;1;1;1;1;1;1;1;1;1;1;1;1,1;1;1;1;1;1;1;1;1;1;1;1;1;1;1,2;2;2;2;2;2;2;2;2;2;2;2;2;2;2,6,0,0,0,2,0,0,0,0,true,,32,3,0,0,0,0,0,0,false
cm_exp_20180419_151236.xml,2018-04-19T15:13:56Z,Undefined,ONRM_RootMo_R,eNODEb,0620ML,1,1,0620MLC,10587,3,24,-18,-115,4,0,,"SubNetwork=ONRM_RootMo_R,FreqManagement=1,ExternalUtranFreq=10587",1;1;1;1;1;1;1;1;1;1;1;1;1;1;1,1;1;1;1;1;1;1;1;1;1;1;1;1;1;1,2;2;2;2;2;2;2;2;2;2;2;2;2;2;2,6,0,0,0,2,0,0,0,0,true,,32,3,0,0,0,0,0,0,false
cm_exp_20180419_151301.xml,2018-04-19T15:13:56Z,Undefined,ONRM_RootMo_R,eNODEb,0876ML,1,1,0876MLA,10562,3,24,-18,-115,4,0,,"SubNetwork=ONRM_RootMo_R,FreqManagement=1,ExternalUtranFreq=10562",1;1;1;1;1;1;1;1;1;1;1;1;1;1;1,1;1;1;1;1;1;1;1;1;1;1;1;1;1;1,2;2;2;2;2;2;2;2;2;2;2;2;2;2;2,6,0,0,0,2,0,0,0,0,true,,32,3,0,0,0,0,0,0,false
cm_exp_20180419_151301.xml,2018-04-19T15:13:56Z,Undefined,ONRM_RootMo_R,eNODEb,0876ML,1,1,0876MLA,10587,3,24,-18,-115,4,0,,"SubNetwork=ONRM_RootMo_R,FreqManagement=1,ExternalUtranFreq=10587",1;1;1;1;1;1;1;1;1;1;1;1;1;1;1,1;1;1;1;1;1;1;1;1;1;1;1;1;1;1,2;2;2;2;2;2;2;2;2;2;2;2;2;2;2,6,0,0,0,2,0,0,0,0,true,,32,3,0,0,0,0,0,0,false
cm_exp_20180419_151301.xml,2018-04-19T15:13:56Z,Undefined,ONRM_RootMo_R,eNODEb,0876ML,1,1,0876MLB,10562,3,24,-18,-115,4,0,,"SubNetwork=ONRM_RootMo_R,FreqManagement=1,ExternalUtranFreq=10562",1;1;1;1;1;1;1;1;1;1;1;1;1;1;1,1;1;1;1;1;1;1;1;1;1;1;1;1;1;1,2;2;2;2;2;2;2;2;2;2;2;2;2;2;2,6,0,0,0,2,0,0,0,0,true,,32,3,0,0,0,0,0,0,false
cm_exp_20180419_151301.xml,2018-04-19T15:13:56Z,Undefined,ONRM_RootMo_R,eNODEb,0876ML,1,1,0876MLB,10587,3,24,-18,-115,4,0,,"SubNetwork=ONRM_RootMo_R,FreqManagement=1,ExternalUtranFreq=10587",1;1;1;1;1;1;1;1;1;1;1;1;1;1;1,1;1;1;1;1;1;1;1;1;1;1;1;1;1;1,2;2;2;2;2;2;2;2;2;2;2;2;2;2;2,6,0,0,0,2,0,0,0,0,true,,32,3,0,0,0,0,0,0,false
cm_exp_20180419_151301.xml,2018-04-19T15:13:56Z,Undefined,ONRM_RootMo_R,eNODEb,0876ML,1,1,0876MLC,10562,3,24,-18,-115,4,0,,"SubNetwork=ONRM_RootMo_R,FreqManagement=1,ExternalUtranFreq=10562",1;1;1;1;1;1;1;1;1;1;1;1;1;1;1,1;1;1;1;1;1;1;1;1;1;1;1;1;1;1,2;2;2;2;2;2;2;2;2;2;2;2;2;2;2,6,0,0,0,2,0,0,0,0,true,,32,3,0,0,0,0,0,0,false
cm_exp_20180419_151301.xml,2018-04-19T15:13:56Z,Undefined,ONRM_RootMo_R,eNODEb,0876ML,1,1,0876MLC,10587,3,24,-18,-115,4,0,,"SubNetwork=ONRM_RootMo_R,FreqManagement=1,ExternalUtranFreq=10587",1;1;1;1;1;1;1;1;1;1;1;1;1;1;1,1;1;1;1;1;1;1;1;1;1;1;1;1;1;1,2;2;2;2;2;2;2;2;2;2;2;2;2;2;2,6,0,0,0,2,0,0,0,0,true,,32,3,0,0,0,0,0,0,false
cm_exp_20180419_151348.xml,2018-04-19T15:13:56Z,Undefined,ONRM_RootMo_R,eNODEb,0983ML,1,1,0983MLA,10562,3,33,-18,-119,4,0,,"SubNetwork=ONRM_RootMo_R,FreqManagement=1,ExternalUtranFreq=10562",1;1;1;1;1;1;1;1;1;1;1;1;1;1;1,1;1;1;1;1;1;1;1;1;1;1;1;1;1;1,2;2;2;2;2;2;2;2;2;2;2;2;2;2;2,6,0,0,0,2,0,0,0,0,true,,32,3,0,0,0,0,0,0,false
cm_exp_20180419_151348.xml,2018-04-19T15:13:56Z,Undefined,ONRM_RootMo_R,eNODEb,0983ML,1,1,0983MLA,10587,3,33,-18,-119,4,0,,"SubNetwork=ONRM_RootMo_R,FreqManagement=1,ExternalUtranFreq=10587",1;1;1;1;1;1;1;1;1;1;1;1;1;1;1,1;1;1;1;1;1;1;1;1;1;1;1;1;1;1,2;2;2;2;2;2;2;2;2;2;2;2;2;2;2,6,0,0,0,2,0,0,0,0,true,,32,3,0,0,0,0,0,0,false
cm_exp_20180419_151348.xml,2018-04-19T15:13:56Z,Undefined,ONRM_RootMo_R,eNODEb,0983ML,1,1,0983MLB,10562,3,33,-18,-119,4,0,,"SubNetwork=ONRM_RootMo_R,FreqManagement=1,ExternalUtranFreq=10562",1;1;1;1;1;1;1;1;1;1;1;1;1;1;1,1;1;1;1;1;1;1;1;1;1;1;1;1;1;1,2;2;2;2;2;2;2;2;2;2;2;2;2;2;2,6,0,0,0,2,0,0,0,0,true,,32,3,0,0,0,0,0,0,false
cm_exp_20180419_151348.xml,2018-04-19T15:13:56Z,Undefined,ONRM_RootMo_R,eNODEb,0983ML,1,1,0983MLB,10587,3,33,-18,-119,4,0,,"SubNetwork=ONRM_RootMo_R,FreqManagement=1,ExternalUtranFreq=10587",1;1;1;1;1;1;1;1;1;1;1;1;1;1;1,1;1;1;1;1;1;1;1;1;1;1;1;1;1;1,2;2;2;2;2;2;2;2;2;2;2;2;2;2;2,6,0,0,0,2,0,0,0,0,true,,32,3,0,0,0,0,0,0,false
cm_exp_20180419_151348.xml,2018-04-19T15:13:56Z,Undefined,ONRM_RootMo_R,eNODEb,0983ML,1,1,0983MLC,10562,3,33,-18,-119,4,0,,"SubNetwork=ONRM_RootMo_R,FreqManagement=1,ExternalUtranFreq=10562",1;1;1;1;1;1;1;1;1;1;1;1;1;1;1,1;1;1;1;1;1;1;1;1;1;1;1;1;1;1,2;2;2;2;2;2;2;2;2;2;2;2;2;2;2,6,0,0,0,2,0,0,0,0,true,,32,3,0,0,0,0,0,0,false
cm_exp_20180419_151348.xml,2018-04-19T15:13:56Z,Undefined,ONRM_RootMo_R,eNODEb,0983ML,1,1,0983MLC,10587,3,33,-18,-119,4,0,,"SubNetwork=ONRM_RootMo_R,FreqManagement=1,ExternalUtranFreq=10587",1;1;1;1;1;1;1;1;1;1;1;1;1;1;1,1;1;1;1;1;1;1;1;1;1;1;1;1;1;1,2;2;2;2;2;2;2;2;2;2;2;2;2;2;2,6,0,0,0,2,0,0,0,0,true,,32,3,0,0,0,0,0,0,false
