FileName,varDateTime,configData_dnPrefix,SubNetwork_id,SubNetwork_2_id,MeContext_id,ManagedElement_id,vsDataEquipment_id,vsDataExternalNode_id,logicalName,fullDistinguishedName,informationOnly,radioAccessTechnology,supportSystemControl
cm_exp_20180419_145031.xml,2018-04-19T15:13:56Z,Undefined,ONRM_RootMo_R,eNODEb,0003ML,1,1,1,NOT_AVAILABLE,NOT_AVAILABLE,true,0,0
cm_exp_20180419_145031.xml,2018-04-19T15:13:56Z,Undefined,ONRM_RootMo_R,eNODEb,0003ML,1,1,2,NOT_AVAILABLE,NOT_AVAILABLE,true,0,0
cm_exp_20180419_145031.xml,2018-04-19T15:13:56Z,Undefined,ONRM_RootMo_R,eNODEb,0003ML,1,1,3,NOT_AVAILABLE,NOT_AVAILABLE,true,0,0
cm_exp_20180419_145108.xml,2018-04-19T15:13:56Z,Undefined,ONRM_RootMo_R,eNODEb,0009ML,1,1,1,NOT_AVAILABLE,NOT_AVAILABLE,true,0,0
cm_exp_20180419_145108.xml,2018-04-19T15:13:56Z,Undefined,ONRM_RootMo_R,eNODEb,0009ML,1,1,2,NOT_AVAILABLE,NOT_AVAILABLE,true,0,0
cm_exp_20180419_145108.xml,2018-04-19T15:13:56Z,Undefined,ONRM_RootMo_R,eNODEb,0009ML,1,1,3,NOT_AVAILABLE,NOT_AVAILABLE,true,0,0
cm_exp_20180419_145140.xml,2018-04-19T15:13:56Z,Undefined,ONRM_RootMo_R,eNODEb,0013ML,1,1,1,NOT_AVAILABLE,NOT_AVAILABLE,true,0,0
cm_exp_20180419_145140.xml,2018-04-19T15:13:56Z,Undefined,ONRM_RootMo_R,eNODEb,0013ML,1,1,2,NOT_AVAILABLE,NOT_AVAILABLE,true,0,0
cm_exp_20180419_145140.xml,2018-04-19T15:13:56Z,Undefined,ONRM_RootMo_R,eNODEb,0013ML,1,1,3,NOT_AVAILABLE,NOT_AVAILABLE,true,0,0
cm_exp_20180419_145205.xml,2018-04-19T15:13:56Z,Undefined,ONRM_RootMo_R,eNODEb,0017ML,1,1,1,NOT_AVAILABLE,NOT_AVAILABLE,true,0,0
cm_exp_20180419_145205.xml,2018-04-19T15:13:56Z,Undefined,ONRM_RootMo_R,eNODEb,0017ML,1,1,2,NOT_AVAILABLE,NOT_AVAILABLE,true,0,0
cm_exp_20180419_145205.xml,2018-04-19T15:13:56Z,Undefined,ONRM_RootMo_R,eNODEb,0017ML,1,1,3,NOT_AVAILABLE,NOT_AVAILABLE,true,0,0
cm_exp_20180419_145236.xml,2018-04-19T15:13:56Z,Undefined,ONRM_RootMo_R,eNODEb,0021ML,1,1,1,NOT_AVAILABLE,NOT_AVAILABLE,true,0,0
cm_exp_20180419_145236.xml,2018-04-19T15:13:56Z,Undefined,ONRM_RootMo_R,eNODEb,0021ML,1,1,2,NOT_AVAILABLE,NOT_AVAILABLE,true,0,0
cm_exp_20180419_145236.xml,2018-04-19T15:13:56Z,Undefined,ONRM_RootMo_R,eNODEb,0021ML,1,1,3,NOT_AVAILABLE,NOT_AVAILABLE,true,0,0
cm_exp_20180419_145547.xml,2018-04-19T15:13:56Z,Undefined,ONRM_RootMo_R,eNODEb,0024ML,1,1,1,NOT_AVAILABLE,NOT_AVAILABLE,true,0,0
cm_exp_20180419_145547.xml,2018-04-19T15:13:56Z,Undefined,ONRM_RootMo_R,eNODEb,0024ML,1,1,2,NOT_AVAILABLE,NOT_AVAILABLE,true,0,0
cm_exp_20180419_145547.xml,2018-04-19T15:13:56Z,Undefined,ONRM_RootMo_R,eNODEb,0024ML,1,1,3,NOT_AVAILABLE,NOT_AVAILABLE,true,0,0
cm_exp_20180419_145624.xml,2018-04-19T15:13:56Z,Undefined,ONRM_RootMo_R,eNODEb,0074ML,1,1,1,NOT_AVAILABLE,NOT_AVAILABLE,true,0,0
cm_exp_20180419_145624.xml,2018-04-19T15:13:56Z,Undefined,ONRM_RootMo_R,eNODEb,0074ML,1,1,2,NOT_AVAILABLE,NOT_AVAILABLE,true,0,0
cm_exp_20180419_145624.xml,2018-04-19T15:13:56Z,Undefined,ONRM_RootMo_R,eNODEb,0074ML,1,1,3,NOT_AVAILABLE,NOT_AVAILABLE,true,0,0
cm_exp_20180419_145649.xml,2018-04-19T15:13:56Z,Undefined,ONRM_RootMo_R,eNODEb,0082ML,1,1,1,NOT_AVAILABLE,NOT_AVAILABLE,true,0,0
cm_exp_20180419_145711.xml,2018-04-19T15:13:56Z,Undefined,ONRM_RootMo_R,eNODEb,0091ML,1,1,1,NOT_AVAILABLE,NOT_AVAILABLE,true,0,0
cm_exp_20180419_145711.xml,2018-04-19T15:13:56Z,Undefined,ONRM_RootMo_R,eNODEb,0091ML,1,1,2,NOT_AVAILABLE,NOT_AVAILABLE,true,0,0
cm_exp_20180419_145711.xml,2018-04-19T15:13:56Z,Undefined,ONRM_RootMo_R,eNODEb,0091ML,1,1,3,NOT_AVAILABLE,NOT_AVAILABLE,true,0,0
cm_exp_20180419_145733.xml,2018-04-19T15:13:56Z,Undefined,ONRM_RootMo_R,eNODEb,0099ML,1,1,1,NOT_AVAILABLE,NOT_AVAILABLE,true,0,0
cm_exp_20180419_145733.xml,2018-04-19T15:13:56Z,Undefined,ONRM_RootMo_R,eNODEb,0099ML,1,1,2,NOT_AVAILABLE,NOT_AVAILABLE,true,0,0
cm_exp_20180419_145733.xml,2018-04-19T15:13:56Z,Undefined,ONRM_RootMo_R,eNODEb,0099ML,1,1,3,NOT_AVAILABLE,NOT_AVAILABLE,true,0,0
cm_exp_20180419_145810.xml,2018-04-19T15:13:56Z,Undefined,ONRM_RootMo_R,eNODEb,0106ML,1,1,1,NOT_AVAILABLE,NOT_AVAILABLE,true,0,0
cm_exp_20180419_145810.xml,2018-04-19T15:13:56Z,Undefined,ONRM_RootMo_R,eNODEb,0106ML,1,1,2,NOT_AVAILABLE,NOT_AVAILABLE,true,0,0
cm_exp_20180419_145810.xml,2018-04-19T15:13:56Z,Undefined,ONRM_RootMo_R,eNODEb,0106ML,1,1,3,NOT_AVAILABLE,NOT_AVAILABLE,true,0,0
cm_exp_20180419_145835.xml,2018-04-19T15:13:56Z,Undefined,ONRM_RootMo_R,eNODEb,0119ML,1,1,1,NOT_AVAILABLE,NOT_AVAILABLE,true,0,0
cm_exp_20180419_145835.xml,2018-04-19T15:13:56Z,Undefined,ONRM_RootMo_R,eNODEb,0119ML,1,1,2,NOT_AVAILABLE,NOT_AVAILABLE,true,0,0
cm_exp_20180419_145835.xml,2018-04-19T15:13:56Z,Undefined,ONRM_RootMo_R,eNODEb,0119ML,1,1,3,NOT_AVAILABLE,NOT_AVAILABLE,true,0,0
cm_exp_20180419_145940.xml,2018-04-19T15:13:56Z,Undefined,ONRM_RootMo_R,eNODEb,0138ML,1,1,1,NOT_AVAILABLE,NOT_AVAILABLE,true,0,0
cm_exp_20180419_145940.xml,2018-04-19T15:13:56Z,Undefined,ONRM_RootMo_R,eNODEb,0138ML,1,1,2,NOT_AVAILABLE,NOT_AVAILABLE,true,0,0
cm_exp_20180419_145940.xml,2018-04-19T15:13:56Z,Undefined,ONRM_RootMo_R,eNODEb,0138ML,1,1,3,NOT_AVAILABLE,NOT_AVAILABLE,true,0,0
cm_exp_20180419_150007.xml,2018-04-19T15:13:56Z,Undefined,ONRM_RootMo_R,eNODEb,0150ML,1,1,1,NOT_AVAILABLE,NOT_AVAILABLE,true,0,0
cm_exp_20180419_150007.xml,2018-04-19T15:13:56Z,Undefined,ONRM_RootMo_R,eNODEb,0150ML,1,1,2,NOT_AVAILABLE,NOT_AVAILABLE,true,0,0
cm_exp_20180419_150007.xml,2018-04-19T15:13:56Z,Undefined,ONRM_RootMo_R,eNODEb,0150ML,1,1,3,NOT_AVAILABLE,NOT_AVAILABLE,true,0,0
cm_exp_20180419_150024.xml,2018-04-19T15:13:56Z,Undefined,ONRM_RootMo_R,eNODEb,0154ML,1,1,1,NOT_AVAILABLE,NOT_AVAILABLE,true,0,0
cm_exp_20180419_150024.xml,2018-04-19T15:13:56Z,Undefined,ONRM_RootMo_R,eNODEb,0154ML,1,1,2,NOT_AVAILABLE,NOT_AVAILABLE,true,0,0
cm_exp_20180419_150024.xml,2018-04-19T15:13:56Z,Undefined,ONRM_RootMo_R,eNODEb,0154ML,1,1,3,NOT_AVAILABLE,NOT_AVAILABLE,true,0,0
cm_exp_20180419_150054.xml,2018-04-19T15:13:56Z,Undefined,ONRM_RootMo_R,eNODEb,0196ML,1,1,1,NOT_AVAILABLE,NOT_AVAILABLE,true,0,0
cm_exp_20180419_150054.xml,2018-04-19T15:13:56Z,Undefined,ONRM_RootMo_R,eNODEb,0196ML,1,1,2,NOT_AVAILABLE,NOT_AVAILABLE,true,0,0
cm_exp_20180419_150054.xml,2018-04-19T15:13:56Z,Undefined,ONRM_RootMo_R,eNODEb,0196ML,1,1,3,NOT_AVAILABLE,NOT_AVAILABLE,true,0,0
cm_exp_20180419_150146.xml,2018-04-19T15:13:56Z,Undefined,ONRM_RootMo_R,eNODEb,0205ML,1,1,1,NOT_AVAILABLE,NOT_AVAILABLE,true,0,0
cm_exp_20180419_150146.xml,2018-04-19T15:13:56Z,Undefined,ONRM_RootMo_R,eNODEb,0205ML,1,1,2,NOT_AVAILABLE,NOT_AVAILABLE,true,0,0
cm_exp_20180419_150146.xml,2018-04-19T15:13:56Z,Undefined,ONRM_RootMo_R,eNODEb,0205ML,1,1,3,NOT_AVAILABLE,NOT_AVAILABLE,true,0,0
cm_exp_20180419_150249.xml,2018-04-19T15:13:56Z,Undefined,ONRM_RootMo_R,eNODEb,0230ML,1,1,1,NOT_AVAILABLE,NOT_AVAILABLE,true,0,0
cm_exp_20180419_150249.xml,2018-04-19T15:13:56Z,Undefined,ONRM_RootMo_R,eNODEb,0230ML,1,1,2,NOT_AVAILABLE,NOT_AVAILABLE,true,0,0
cm_exp_20180419_150249.xml,2018-04-19T15:13:56Z,Undefined,ONRM_RootMo_R,eNODEb,0230ML,1,1,3,NOT_AVAILABLE,NOT_AVAILABLE,true,0,0
cm_exp_20180419_150408.xml,2018-04-19T15:13:56Z,Undefined,ONRM_RootMo_R,eNODEb,0230ML,1,1,1,NOT_AVAILABLE,NOT_AVAILABLE,true,0,0
cm_exp_20180419_150408.xml,2018-04-19T15:13:56Z,Undefined,ONRM_RootMo_R,eNODEb,0230ML,1,1,2,NOT_AVAILABLE,NOT_AVAILABLE,true,0,0
cm_exp_20180419_150408.xml,2018-04-19T15:13:56Z,Undefined,ONRM_RootMo_R,eNODEb,0230ML,1,1,3,NOT_AVAILABLE,NOT_AVAILABLE,true,0,0
cm_exp_20180419_150554.xml,2018-04-19T15:13:56Z,Undefined,ONRM_RootMo_R,eNODEb,0270ML,1,1,1,NOT_AVAILABLE,NOT_AVAILABLE,true,0,0
cm_exp_20180419_150554.xml,2018-04-19T15:13:56Z,Undefined,ONRM_RootMo_R,eNODEb,0270ML,1,1,2,NOT_AVAILABLE,NOT_AVAILABLE,true,0,0
cm_exp_20180419_150554.xml,2018-04-19T15:13:56Z,Undefined,ONRM_RootMo_R,eNODEb,0270ML,1,1,3,NOT_AVAILABLE,NOT_AVAILABLE,true,0,0
cm_exp_20180419_150618.xml,2018-04-19T15:13:56Z,Undefined,ONRM_RootMo_R,eNODEb,0304ML,1,1,1,NOT_AVAILABLE,NOT_AVAILABLE,true,0,0
cm_exp_20180419_150750.xml,2018-04-19T15:13:56Z,Undefined,ONRM_RootMo_R,eNODEb,0370ML,1,1,1,NOT_AVAILABLE,NOT_AVAILABLE,true,0,0
cm_exp_20180419_150750.xml,2018-04-19T15:13:56Z,Undefined,ONRM_RootMo_R,eNODEb,0370ML,1,1,2,NOT_AVAILABLE,NOT_AVAILABLE,true,0,0
cm_exp_20180419_150750.xml,2018-04-19T15:13:56Z,Undefined,ONRM_RootMo_R,eNODEb,0370ML,1,1,3,NOT_AVAILABLE,NOT_AVAILABLE,true,0,0
cm_exp_20180419_150846.xml,2018-04-19T15:13:56Z,Undefined,ONRM_RootMo_R,eNODEb,0380ML,1,1,1,NOT_AVAILABLE,NOT_AVAILABLE,true,0,0
cm_exp_20180419_150846.xml,2018-04-19T15:13:56Z,Undefined,ONRM_RootMo_R,eNODEb,0380ML,1,1,2,NOT_AVAILABLE,NOT_AVAILABLE,true,0,0
cm_exp_20180419_150846.xml,2018-04-19T15:13:56Z,Undefined,ONRM_RootMo_R,eNODEb,0380ML,1,1,3,NOT_AVAILABLE,NOT_AVAILABLE,true,0,0
cm_exp_20180419_150943.xml,2018-04-19T15:13:56Z,Undefined,ONRM_RootMo_R,eNODEb,0445ML,1,1,1,NOT_AVAILABLE,NOT_AVAILABLE,true,0,0
cm_exp_20180419_150943.xml,2018-04-19T15:13:56Z,Undefined,ONRM_RootMo_R,eNODEb,0445ML,1,1,2,NOT_AVAILABLE,NOT_AVAILABLE,true,0,0
cm_exp_20180419_150943.xml,2018-04-19T15:13:56Z,Undefined,ONRM_RootMo_R,eNODEb,0445ML,1,1,3,NOT_AVAILABLE,NOT_AVAILABLE,true,0,0
cm_exp_20180419_151002.xml,2018-04-19T15:13:56Z,Undefined,ONRM_RootMo_R,eNODEb,0447ML,1,1,1,NOT_AVAILABLE,NOT_AVAILABLE,true,0,0
cm_exp_20180419_151042.xml,2018-04-19T15:13:56Z,Undefined,ONRM_RootMo_R,eNODEb,0468ML,1,1,1,NOT_AVAILABLE,NOT_AVAILABLE,true,0,0
cm_exp_20180419_151042.xml,2018-04-19T15:13:56Z,Undefined,ONRM_RootMo_R,eNODEb,0468ML,1,1,2,NOT_AVAILABLE,NOT_AVAILABLE,true,0,0
cm_exp_20180419_151042.xml,2018-04-19T15:13:56Z,Undefined,ONRM_RootMo_R,eNODEb,0468ML,1,1,3,NOT_AVAILABLE,NOT_AVAILABLE,true,0,0
cm_exp_20180419_151106.xml,2018-04-19T15:13:56Z,Undefined,ONRM_RootMo_R,eNODEb,0474ML,1,1,1,NOT_AVAILABLE,NOT_AVAILABLE,true,0,0
cm_exp_20180419_151217.xml,2018-04-19T15:13:56Z,Undefined,ONRM_RootMo_R,eNODEb,0573ML,1,1,1,NOT_AVAILABLE,NOT_AVAILABLE,true,0,0
cm_exp_20180419_151236.xml,2018-04-19T15:13:56Z,Undefined,ONRM_RootMo_R,eNODEb,0620ML,1,1,1,NOT_AVAILABLE,NOT_AVAILABLE,true,0,0
cm_exp_20180419_151236.xml,2018-04-19T15:13:56Z,Undefined,ONRM_RootMo_R,eNODEb,0620ML,1,1,2,NOT_AVAILABLE,NOT_AVAILABLE,true,0,0
cm_exp_20180419_151236.xml,2018-04-19T15:13:56Z,Undefined,ONRM_RootMo_R,eNODEb,0620ML,1,1,3,NOT_AVAILABLE,NOT_AVAILABLE,true,0,0
cm_exp_20180419_151301.xml,2018-04-19T15:13:56Z,Undefined,ONRM_RootMo_R,eNODEb,0876ML,1,1,1,NOT_AVAILABLE,NOT_AVAILABLE,true,0,0
