FileName,varDateTime,configData_dnPrefix,SubNetwork_id,SubNetwork_2_id,MeContext_id,ManagedElement_id,vsDataEquipment_id,vsDataAntennaUnitGroup_id,vsDataAntennaNearUnit_id,administrativeState,anuType,hardwareVersion,iuantDeviceType,productNumber,serialNumber,softwareVersion,uniqueId,onUnitUniqueId,rfPortRef
cm_exp_20180419_145031.xml,2018-04-19T15:13:56Z,Undefined,ONRM_RootMo_R,eNODEb,0003ML,1,1,1,1,1,0,HW_V_A00,1,86010148V01,CSI0798892-XX,FW_V02.05.02,,KACSI0798892-XX,"SubNetwork=ONRM_RootMo_R,SubNetwork=eNODEb,MeContext=0003ML,ManagedElement=1,vsDataEquipment=1,vsDataAuxPlugInUnit=RRU-1,vsDataDeviceGroup=ru,vsDataRfPort=R"
cm_exp_20180419_145031.xml,2018-04-19T15:13:56Z,Undefined,ONRM_RootMo_R,eNODEb,0003ML,1,1,2,1,1,0,HW_V_A00,1,86010148V01,CSI0910159-XX,FW_V02.05.02,,KACSI0910159-XX,"SubNetwork=ONRM_RootMo_R,SubNetwork=eNODEb,MeContext=0003ML,ManagedElement=1,vsDataEquipment=1,vsDataAuxPlugInUnit=RRU-2,vsDataDeviceGroup=ru,vsDataRfPort=R"
cm_exp_20180419_145031.xml,2018-04-19T15:13:56Z,Undefined,ONRM_RootMo_R,eNODEb,0003ML,1,1,3,1,0,0,HW_V_A00,1,86010148V01,CSI0798891-XX,FW_V02.05.02,,KACSI0798891-XX,"SubNetwork=ONRM_RootMo_R,SubNetwork=eNODEb,MeContext=0003ML,ManagedElement=1,vsDataEquipment=1,vsDataAuxPlugInUnit=RRU-3,vsDataDeviceGroup=ru,vsDataRfPort=R"
cm_exp_20180419_145205.xml,2018-04-19T15:13:56Z,Undefined,ONRM_RootMo_R,eNODEb,0017ML,1,1,1,1,1,0,HW_V_A00,1,86010148V01,CSI4007009-XX,FW_V02.05.02,,KACSI4007009-XX,"SubNetwork=ONRM_RootMo_R,SubNetwork=eNODEb,MeContext=0017ML,ManagedElement=1,vsDataEquipment=1,vsDataAuxPlugInUnit=RRU-1,vsDataDeviceGroup=ru,vsDataRfPort=R"
cm_exp_20180419_145205.xml,2018-04-19T15:13:56Z,Undefined,ONRM_RootMo_R,eNODEb,0017ML,1,1,2,1,1,0,HW_V_A00,1,86010148V01,CSI3443961-XX,FW_V02.05.02,,KACSI3443961-XX,"SubNetwork=ONRM_RootMo_R,SubNetwork=eNODEb,MeContext=0017ML,ManagedElement=1,vsDataEquipment=1,vsDataAuxPlugInUnit=RRU-2,vsDataDeviceGroup=ru,vsDataRfPort=R"
cm_exp_20180419_145205.xml,2018-04-19T15:13:56Z,Undefined,ONRM_RootMo_R,eNODEb,0017ML,1,1,3,1,1,0,HW_V_A00,1,86010148V01,CSI3562237-XX,FW_V02.05.02,,KACSI3562237-XX,"SubNetwork=ONRM_RootMo_R,SubNetwork=eNODEb,MeContext=0017ML,ManagedElement=1,vsDataEquipment=1,vsDataAuxPlugInUnit=RRU-3,vsDataDeviceGroup=ru,vsDataRfPort=R"
cm_exp_20180419_145236.xml,2018-04-19T15:13:56Z,Undefined,ONRM_RootMo_R,eNODEb,0021ML,1,1,1,1,1,0,HW_V_A00,1,86010148V01,CSI3562125-XX,FW_V02.05.02,,KACSI3562125-XX,"SubNetwork=ONRM_RootMo_R,SubNetwork=eNODEb,MeContext=0021ML,ManagedElement=1,vsDataEquipment=1,vsDataAuxPlugInUnit=RRU-1,vsDataDeviceGroup=ru,vsDataRfPort=R"
cm_exp_20180419_145236.xml,2018-04-19T15:13:56Z,Undefined,ONRM_RootMo_R,eNODEb,0021ML,1,1,2,1,1,0,HW_V_A00,1,86010148V01,CSI3562423-XX,FW_V02.05.02,,KACSI3562423-XX,"SubNetwork=ONRM_RootMo_R,SubNetwork=eNODEb,MeContext=0021ML,ManagedElement=1,vsDataEquipment=1,vsDataAuxPlugInUnit=RRU-2,vsDataDeviceGroup=ru,vsDataRfPort=R"
cm_exp_20180419_145236.xml,2018-04-19T15:13:56Z,Undefined,ONRM_RootMo_R,eNODEb,0021ML,1,1,3,1,1,0,HW_V_A00,1,86010148V01,CSI3562322-XX,FW_V02.05.02,,KACSI3562322-XX,"SubNetwork=ONRM_RootMo_R,SubNetwork=eNODEb,MeContext=0021ML,ManagedElement=1,vsDataEquipment=1,vsDataAuxPlugInUnit=RRU-3,vsDataDeviceGroup=ru,vsDataRfPort=R"
cm_exp_20180419_145547.xml,2018-04-19T15:13:56Z,Undefined,ONRM_RootMo_R,eNODEb,0024ML,1,1,1,1,1,0,HW_V_A00,1,86010148V01,CSI1585582-XX,FW_V02.05.02,,KACSI1585582-XX,"SubNetwork=ONRM_RootMo_R,SubNetwork=eNODEb,MeContext=0024ML,ManagedElement=1,vsDataEquipment=1,vsDataAuxPlugInUnit=RU-1,vsDataDeviceGroup=ru,vsDataRfPort=A"
cm_exp_20180419_145547.xml,2018-04-19T15:13:56Z,Undefined,ONRM_RootMo_R,eNODEb,0024ML,1,1,2,1,0,0,,1,,,,,,"SubNetwork=ONRM_RootMo_R,SubNetwork=eNODEb,MeContext=0024ML,ManagedElement=1,vsDataEquipment=1,vsDataAuxPlugInUnit=RU-3,vsDataDeviceGroup=ru,vsDataRfPort=A"
cm_exp_20180419_145547.xml,2018-04-19T15:13:56Z,Undefined,ONRM_RootMo_R,eNODEb,0024ML,1,1,3,1,0,0,,1,,,,,,"SubNetwork=ONRM_RootMo_R,SubNetwork=eNODEb,MeContext=0024ML,ManagedElement=1,vsDataEquipment=1,vsDataAuxPlugInUnit=RU-5,vsDataDeviceGroup=ru,vsDataRfPort=A"
cm_exp_20180419_145624.xml,2018-04-19T15:13:56Z,Undefined,ONRM_RootMo_R,eNODEb,0074ML,1,1,1,1,1,0,HW_V_A00,1,86010148V01,CSI3562426-XX,FW_V02.05.02,,KACSI3562426-XX,"SubNetwork=ONRM_RootMo_R,SubNetwork=eNODEb,MeContext=0074ML,ManagedElement=1,vsDataEquipment=1,vsDataAuxPlugInUnit=RRU-1,vsDataDeviceGroup=ru,vsDataRfPort=R"
cm_exp_20180419_145624.xml,2018-04-19T15:13:56Z,Undefined,ONRM_RootMo_R,eNODEb,0074ML,1,1,2,1,1,0,HW_V_A00,1,86010148V01,CSI3561810-XX,FW_V02.05.02,,KACSI3561810-XX,"SubNetwork=ONRM_RootMo_R,SubNetwork=eNODEb,MeContext=0074ML,ManagedElement=1,vsDataEquipment=1,vsDataAuxPlugInUnit=RRU-2,vsDataDeviceGroup=ru,vsDataRfPort=R"
cm_exp_20180419_145624.xml,2018-04-19T15:13:56Z,Undefined,ONRM_RootMo_R,eNODEb,0074ML,1,1,3,1,1,0,HW_V_A00,1,86010148V01,CSI3562124-XX,FW_V02.05.02,,KACSI3562124-XX,"SubNetwork=ONRM_RootMo_R,SubNetwork=eNODEb,MeContext=0074ML,ManagedElement=1,vsDataEquipment=1,vsDataAuxPlugInUnit=RRU-3,vsDataDeviceGroup=ru,vsDataRfPort=R"
cm_exp_20180419_145649.xml,2018-04-19T15:13:56Z,Undefined,ONRM_RootMo_R,eNODEb,0082ML,1,1,1,1,1,0,,1,,,,,,
cm_exp_20180419_145649.xml,2018-04-19T15:13:56Z,Undefined,ONRM_RootMo_R,eNODEb,0082ML,1,1,2,1,1,0,,1,,,,,,
cm_exp_20180419_145649.xml,2018-04-19T15:13:56Z,Undefined,ONRM_RootMo_R,eNODEb,0082ML,1,1,3,1,1,0,,1,,,,,,
cm_exp_20180419_145711.xml,2018-04-19T15:13:56Z,Undefined,ONRM_RootMo_R,eNODEb,0091ML,1,1,1,1,1,0,HW_V_A00,1,86010148V01,CSI0912666-XX,FW_V02.05.02,,KACSI0912666-XX,"SubNetwork=ONRM_RootMo_R,SubNetwork=eNODEb,MeContext=0091ML,ManagedElement=1,vsDataEquipment=1,vsDataAuxPlugInUnit=RRU-1,vsDataDeviceGroup=ru,vsDataRfPort=R"
cm_exp_20180419_145711.xml,2018-04-19T15:13:56Z,Undefined,ONRM_RootMo_R,eNODEb,0091ML,1,1,2,1,1,0,HW_V_A00,1,86010148V01,CSI0798821-XX,FW_V02.05.02,,KACSI0798821-XX,"SubNetwork=ONRM_RootMo_R,SubNetwork=eNODEb,MeContext=0091ML,ManagedElement=1,vsDataEquipment=1,vsDataAuxPlugInUnit=RRU-2,vsDataDeviceGroup=ru,vsDataRfPort=R"
cm_exp_20180419_145711.xml,2018-04-19T15:13:56Z,Undefined,ONRM_RootMo_R,eNODEb,0091ML,1,1,3,1,1,0,HW_V_A00,1,86010148V01,CSI0799037-XX,FW_V02.05.02,,KACSI0799037-XX,"SubNetwork=ONRM_RootMo_R,SubNetwork=eNODEb,MeContext=0091ML,ManagedElement=1,vsDataEquipment=1,vsDataAuxPlugInUnit=RRU-3,vsDataDeviceGroup=ru,vsDataRfPort=R"
cm_exp_20180419_145810.xml,2018-04-19T15:13:56Z,Undefined,ONRM_RootMo_R,eNODEb,0106ML,1,1,1,1,0,0,,1,,,,,,"SubNetwork=ONRM_RootMo_R,SubNetwork=eNODEb,MeContext=0106ML,ManagedElement=1,vsDataEquipment=1,vsDataAuxPlugInUnit=RU-1,vsDataDeviceGroup=ru,vsDataRfPort=A"
cm_exp_20180419_145810.xml,2018-04-19T15:13:56Z,Undefined,ONRM_RootMo_R,eNODEb,0106ML,1,1,2,1,0,0,,1,,,,,,"SubNetwork=ONRM_RootMo_R,SubNetwork=eNODEb,MeContext=0106ML,ManagedElement=1,vsDataEquipment=1,vsDataAuxPlugInUnit=RU-3,vsDataDeviceGroup=ru,vsDataRfPort=A"
cm_exp_20180419_145810.xml,2018-04-19T15:13:56Z,Undefined,ONRM_RootMo_R,eNODEb,0106ML,1,1,3,1,0,0,,1,,,,,,"SubNetwork=ONRM_RootMo_R,SubNetwork=eNODEb,MeContext=0106ML,ManagedElement=1,vsDataEquipment=1,vsDataAuxPlugInUnit=RU-5,vsDataDeviceGroup=ru,vsDataRfPort=A"
cm_exp_20180419_145835.xml,2018-04-19T15:13:56Z,Undefined,ONRM_RootMo_R,eNODEb,0119ML,1,1,1,1,0,0,,1,,,,,,"SubNetwork=ONRM_RootMo_R,SubNetwork=eNODEb,MeContext=0119ML,ManagedElement=1,vsDataEquipment=1,vsDataAuxPlugInUnit=RU-1,vsDataDeviceGroup=ru,vsDataRfPort=A"
cm_exp_20180419_145835.xml,2018-04-19T15:13:56Z,Undefined,ONRM_RootMo_R,eNODEb,0119ML,1,1,2,1,0,0,,1,,,,,,"SubNetwork=ONRM_RootMo_R,SubNetwork=eNODEb,MeContext=0119ML,ManagedElement=1,vsDataEquipment=1,vsDataAuxPlugInUnit=RU-3,vsDataDeviceGroup=ru,vsDataRfPort=A"
cm_exp_20180419_145835.xml,2018-04-19T15:13:56Z,Undefined,ONRM_RootMo_R,eNODEb,0119ML,1,1,3,1,0,0,,1,,,,,,"SubNetwork=ONRM_RootMo_R,SubNetwork=eNODEb,MeContext=0119ML,ManagedElement=1,vsDataEquipment=1,vsDataAuxPlugInUnit=RU-5,vsDataDeviceGroup=ru,vsDataRfPort=A"
cm_exp_20180419_145940.xml,2018-04-19T15:13:56Z,Undefined,ONRM_RootMo_R,eNODEb,0138ML,1,1,1,1,1,0,HW_V_A00,1,86010148V01,CSI3444065-XX,FW_V02.05.02,,KACSI3444065-XX,"SubNetwork=ONRM_RootMo_R,SubNetwork=eNODEb,MeContext=0138ML,ManagedElement=1,vsDataEquipment=1,vsDataAuxPlugInUnit=RRU-1,vsDataDeviceGroup=ru,vsDataRfPort=R"
cm_exp_20180419_145940.xml,2018-04-19T15:13:56Z,Undefined,ONRM_RootMo_R,eNODEb,0138ML,1,1,2,1,1,0,,1,,,,,,"SubNetwork=ONRM_RootMo_R,SubNetwork=eNODEb,MeContext=0138ML,ManagedElement=1,vsDataEquipment=1,vsDataAuxPlugInUnit=RRU-2,vsDataDeviceGroup=ru,vsDataRfPort=R"
cm_exp_20180419_145940.xml,2018-04-19T15:13:56Z,Undefined,ONRM_RootMo_R,eNODEb,0138ML,1,1,3,1,1,0,HW_V_A00,1,86010148V01,CSI3560519-XX,FW_V02.05.02,,KACSI3560519-XX,"SubNetwork=ONRM_RootMo_R,SubNetwork=eNODEb,MeContext=0138ML,ManagedElement=1,vsDataEquipment=1,vsDataAuxPlugInUnit=RRU-3,vsDataDeviceGroup=ru,vsDataRfPort=R"
cm_exp_20180419_150024.xml,2018-04-19T15:13:56Z,Undefined,ONRM_RootMo_R,eNODEb,0154ML,1,1,1,1,1,0,HW_V_A00,1,86010148V01,CSI4023971-XX,FW_V02.05.02,,KACSI4023971-XX,"SubNetwork=ONRM_RootMo_R,SubNetwork=eNODEb,MeContext=0154ML,ManagedElement=1,vsDataEquipment=1,vsDataAuxPlugInUnit=RRU-1,vsDataDeviceGroup=ru,vsDataRfPort=R"
cm_exp_20180419_150024.xml,2018-04-19T15:13:56Z,Undefined,ONRM_RootMo_R,eNODEb,0154ML,1,1,2,1,1,0,HW_V_A00,1,86010148V01,CSI3444066-XX,FW_V02.05.02,,KACSI3444066-XX,"SubNetwork=ONRM_RootMo_R,SubNetwork=eNODEb,MeContext=0154ML,ManagedElement=1,vsDataEquipment=1,vsDataAuxPlugInUnit=RRU-2,vsDataDeviceGroup=ru,vsDataRfPort=R"
cm_exp_20180419_150024.xml,2018-04-19T15:13:56Z,Undefined,ONRM_RootMo_R,eNODEb,0154ML,1,1,3,1,1,0,HW_V_A00,1,86010148V01,CSI4025412-XX,FW_V02.05.02,,KACSI4025412-XX,"SubNetwork=ONRM_RootMo_R,SubNetwork=eNODEb,MeContext=0154ML,ManagedElement=1,vsDataEquipment=1,vsDataAuxPlugInUnit=RRU-3,vsDataDeviceGroup=ru,vsDataRfPort=R"
cm_exp_20180419_150054.xml,2018-04-19T15:13:56Z,Undefined,ONRM_RootMo_R,eNODEb,0196ML,1,1,1,1,1,0,HW_V_A00,1,86010148V01,CSI3561887-XX,FW_V02.05.02,,KACSI3561887-XX,"SubNetwork=ONRM_RootMo_R,SubNetwork=eNODEb,MeContext=0196ML,ManagedElement=1,vsDataEquipment=1,vsDataAuxPlugInUnit=RU-1,vsDataDeviceGroup=ru,vsDataRfPort=A"
cm_exp_20180419_150054.xml,2018-04-19T15:13:56Z,Undefined,ONRM_RootMo_R,eNODEb,0196ML,1,1,2,1,1,0,HW_V_A00,1,86010148V01,CSI3445573-XX,FW_V02.05.02,,KACSI3445573-XX,"SubNetwork=ONRM_RootMo_R,SubNetwork=eNODEb,MeContext=0196ML,ManagedElement=1,vsDataEquipment=1,vsDataAuxPlugInUnit=RU-3,vsDataDeviceGroup=ru,vsDataRfPort=A"
cm_exp_20180419_150054.xml,2018-04-19T15:13:56Z,Undefined,ONRM_RootMo_R,eNODEb,0196ML,1,1,3,1,1,0,,1,,,,,,"SubNetwork=ONRM_RootMo_R,SubNetwork=eNODEb,MeContext=0196ML,ManagedElement=1,vsDataEquipment=1,vsDataAuxPlugInUnit=RU-5,vsDataDeviceGroup=ru,vsDataRfPort=A"
cm_exp_20180419_150110.xml,2018-04-19T15:13:56Z,Undefined,ONRM_RootMo_R,eNODEb,0198ML,1,1,1,1,1,0,HW_V_A00,1,86010148V01,CSI3560507-XX,FW_V02.05.02,,KACSI3560507-XX,"SubNetwork=ONRM_RootMo_R,SubNetwork=eNODEb,MeContext=0198ML,ManagedElement=1,vsDataEquipment=1,vsDataAuxPlugInUnit=RRU-1,vsDataDeviceGroup=ru,vsDataRfPort=R"
cm_exp_20180419_150110.xml,2018-04-19T15:13:56Z,Undefined,ONRM_RootMo_R,eNODEb,0198ML,1,1,2,1,1,0,HW_V_A00,1,86010148V01,CSI4006944-XX,FW_V02.05.02,,KACSI4006944-XX,"SubNetwork=ONRM_RootMo_R,SubNetwork=eNODEb,MeContext=0198ML,ManagedElement=1,vsDataEquipment=1,vsDataAuxPlugInUnit=RRU-2,vsDataDeviceGroup=ru,vsDataRfPort=R"
cm_exp_20180419_150110.xml,2018-04-19T15:13:56Z,Undefined,ONRM_RootMo_R,eNODEb,0198ML,1,1,3,1,1,0,HW_V_A00,1,86010148V01,CSI3444070-XX,FW_V02.05.02,,KACSI3444070-XX,"SubNetwork=ONRM_RootMo_R,SubNetwork=eNODEb,MeContext=0198ML,ManagedElement=1,vsDataEquipment=1,vsDataAuxPlugInUnit=RRU-3,vsDataDeviceGroup=ru,vsDataRfPort=R"
cm_exp_20180419_150127.xml,2018-04-19T15:13:56Z,Undefined,ONRM_RootMo_R,eNODEb,0204ML,1,1,1,1,1,0,HW_V_A00,1,86010148V01,CSI3558624-XX,FW_V02.05.02,,KACSI3558624-XX,"SubNetwork=ONRM_RootMo_R,SubNetwork=eNODEb,MeContext=0204ML,ManagedElement=1,vsDataEquipment=1,vsDataAuxPlugInUnit=RRU-1,vsDataDeviceGroup=ru,vsDataRfPort=R"
cm_exp_20180419_150127.xml,2018-04-19T15:13:56Z,Undefined,ONRM_RootMo_R,eNODEb,0204ML,1,1,2,1,1,0,HW_V_A00,1,86010148V01,CSI4022606-XX,FW_V02.05.02,,KACSI4022606-XX,"SubNetwork=ONRM_RootMo_R,SubNetwork=eNODEb,MeContext=0204ML,ManagedElement=1,vsDataEquipment=1,vsDataAuxPlugInUnit=RRU-2,vsDataDeviceGroup=ru,vsDataRfPort=R"
cm_exp_20180419_150127.xml,2018-04-19T15:13:56Z,Undefined,ONRM_RootMo_R,eNODEb,0204ML,1,1,3,1,0,0,HW_V_A00,1,86010148V01,CSI4025397-XX,FW_V02.05.02,,KACSI4025397-XX,"SubNetwork=ONRM_RootMo_R,SubNetwork=eNODEb,MeContext=0204ML,ManagedElement=1,vsDataEquipment=1,vsDataAuxPlugInUnit=RRU-3,vsDataDeviceGroup=ru,vsDataRfPort=R"
cm_exp_20180419_150249.xml,2018-04-19T15:13:56Z,Undefined,ONRM_RootMo_R,eNODEb,0230ML,1,1,1,1,1,0,,1,,,,,,"SubNetwork=ONRM_RootMo_R,SubNetwork=eNODEb,MeContext=0230ML,ManagedElement=1,vsDataEquipment=1,vsDataAuxPlugInUnit=RRU-1,vsDataDeviceGroup=ru,vsDataRfPort=R"
cm_exp_20180419_150249.xml,2018-04-19T15:13:56Z,Undefined,ONRM_RootMo_R,eNODEb,0230ML,1,1,2,1,1,0,HW_V_A00,1,86010148V01,CSI4131801-XX,FW_V02.05.02,,KACSI4131801-XX,"SubNetwork=ONRM_RootMo_R,SubNetwork=eNODEb,MeContext=0230ML,ManagedElement=1,vsDataEquipment=1,vsDataAuxPlugInUnit=RRU-2,vsDataDeviceGroup=ru,vsDataRfPort=R"
cm_exp_20180419_150249.xml,2018-04-19T15:13:56Z,Undefined,ONRM_RootMo_R,eNODEb,0230ML,1,1,3,1,1,0,,1,,,,,,"SubNetwork=ONRM_RootMo_R,SubNetwork=eNODEb,MeContext=0230ML,ManagedElement=1,vsDataEquipment=1,vsDataAuxPlugInUnit=RRU-3,vsDataDeviceGroup=ru,vsDataRfPort=R"
cm_exp_20180419_150408.xml,2018-04-19T15:13:56Z,Undefined,ONRM_RootMo_R,eNODEb,0230ML,1,1,1,1,1,0,,1,,,,,,"SubNetwork=ONRM_RootMo_R,SubNetwork=eNODEb,MeContext=0230ML,ManagedElement=1,vsDataEquipment=1,vsDataAuxPlugInUnit=RRU-1,vsDataDeviceGroup=ru,vsDataRfPort=R"
cm_exp_20180419_150408.xml,2018-04-19T15:13:56Z,Undefined,ONRM_RootMo_R,eNODEb,0230ML,1,1,2,1,1,0,HW_V_A00,1,86010148V01,CSI4131801-XX,FW_V02.05.02,,KACSI4131801-XX,"SubNetwork=ONRM_RootMo_R,SubNetwork=eNODEb,MeContext=0230ML,ManagedElement=1,vsDataEquipment=1,vsDataAuxPlugInUnit=RRU-2,vsDataDeviceGroup=ru,vsDataRfPort=R"
cm_exp_20180419_150408.xml,2018-04-19T15:13:56Z,Undefined,ONRM_RootMo_R,eNODEb,0230ML,1,1,3,1,1,0,,1,,,,,,"SubNetwork=ONRM_RootMo_R,SubNetwork=eNODEb,MeContext=0230ML,ManagedElement=1,vsDataEquipment=1,vsDataAuxPlugInUnit=RRU-3,vsDataDeviceGroup=ru,vsDataRfPort=R"
cm_exp_20180419_150451.xml,2018-04-19T15:13:56Z,Undefined,ONRM_RootMo_R,eNODEb,0243ML,1,1,1,1,1,0,,1,,,,,,"SubNetwork=ONRM_RootMo_R,SubNetwork=eNODEb,MeContext=0243ML,ManagedElement=1,vsDataEquipment=1,vsDataAuxPlugInUnit=RRU-1,vsDataDeviceGroup=ru,vsDataRfPort=R"
cm_exp_20180419_150451.xml,2018-04-19T15:13:56Z,Undefined,ONRM_RootMo_R,eNODEb,0243ML,1,1,2,1,1,0,HW_V_A00,1,86010148V01,CSI4022641-XX,FW_V02.05.02,,KACSI4022641-XX,"SubNetwork=ONRM_RootMo_R,SubNetwork=eNODEb,MeContext=0243ML,ManagedElement=1,vsDataEquipment=1,vsDataAuxPlugInUnit=RRU-2,vsDataDeviceGroup=ru,vsDataRfPort=R"
cm_exp_20180419_150451.xml,2018-04-19T15:13:56Z,Undefined,ONRM_RootMo_R,eNODEb,0243ML,1,1,3,1,1,0,,1,,,,,,"SubNetwork=ONRM_RootMo_R,SubNetwork=eNODEb,MeContext=0243ML,ManagedElement=1,vsDataEquipment=1,vsDataAuxPlugInUnit=RRU-3,vsDataDeviceGroup=ru,vsDataRfPort=R"
cm_exp_20180419_150511.xml,2018-04-19T15:13:56Z,Undefined,ONRM_RootMo_R,eNODEb,0250ML,1,1,1,1,1,0,HW_V_A00,1,86010148V01,CSI3329541-XX,FW_V02.05.02,,KACSI3329541-XX,"SubNetwork=ONRM_RootMo_R,SubNetwork=eNODEb,MeContext=0250ML,ManagedElement=1,vsDataEquipment=1,vsDataAuxPlugInUnit=RU-1,vsDataDeviceGroup=ru,vsDataRfPort=A"
cm_exp_20180419_150511.xml,2018-04-19T15:13:56Z,Undefined,ONRM_RootMo_R,eNODEb,0250ML,1,1,2,1,1,0,HW_V_A00,1,86010148V01,CSI3561779-XX,FW_V02.05.02,,KACSI3561779-XX,"SubNetwork=ONRM_RootMo_R,SubNetwork=eNODEb,MeContext=0250ML,ManagedElement=1,vsDataEquipment=1,vsDataAuxPlugInUnit=RU-3,vsDataDeviceGroup=ru,vsDataRfPort=A"
cm_exp_20180419_150511.xml,2018-04-19T15:13:56Z,Undefined,ONRM_RootMo_R,eNODEb,0250ML,1,1,3,1,1,0,HW_V_A00,1,86010148V01,CSI1461620-XX,FW_V02.05.02,,KACSI1461620-XX,"SubNetwork=ONRM_RootMo_R,SubNetwork=eNODEb,MeContext=0250ML,ManagedElement=1,vsDataEquipment=1,vsDataAuxPlugInUnit=RU-5,vsDataDeviceGroup=ru,vsDataRfPort=A"
cm_exp_20180419_150554.xml,2018-04-19T15:13:56Z,Undefined,ONRM_RootMo_R,eNODEb,0270ML,1,1,1,1,1,0,HW_V_A00,1,86010148V01,CSI1461606-XX,FW_V02.05.02,,KACSI1461606-XX,"SubNetwork=ONRM_RootMo_R,SubNetwork=eNODEb,MeContext=0270ML,ManagedElement=1,vsDataEquipment=1,vsDataAuxPlugInUnit=RRU-1,vsDataDeviceGroup=ru,vsDataRfPort=R"
cm_exp_20180419_150554.xml,2018-04-19T15:13:56Z,Undefined,ONRM_RootMo_R,eNODEb,0270ML,1,1,2,1,1,0,HW_V_A00,1,86010148V01,CSI3445473-XX,FW_V02.05.02,,KACSI3445473-XX,"SubNetwork=ONRM_RootMo_R,SubNetwork=eNODEb,MeContext=0270ML,ManagedElement=1,vsDataEquipment=1,vsDataAuxPlugInUnit=RRU-2,vsDataDeviceGroup=ru,vsDataRfPort=R"
cm_exp_20180419_150554.xml,2018-04-19T15:13:56Z,Undefined,ONRM_RootMo_R,eNODEb,0270ML,1,1,3,1,1,0,HW_V_A00,1,86010148V01,CSI1461625-XX,FW_V02.05.02,,KACSI1461625-XX,"SubNetwork=ONRM_RootMo_R,SubNetwork=eNODEb,MeContext=0270ML,ManagedElement=1,vsDataEquipment=1,vsDataAuxPlugInUnit=RRU-3,vsDataDeviceGroup=ru,vsDataRfPort=R"
cm_exp_20180419_150643.xml,2018-04-19T15:13:56Z,Undefined,ONRM_RootMo_R,eNODEb,0312ML,1,1,1,1,1,0,HW_V_A00,1,86010148V01,CSI0912485-XX,FW_V02.05.02,,KACSI0912485-XX,"SubNetwork=ONRM_RootMo_R,SubNetwork=eNODEb,MeContext=0312ML,ManagedElement=1,vsDataEquipment=1,vsDataAuxPlugInUnit=RRU-1,vsDataDeviceGroup=ru,vsDataRfPort=R"
cm_exp_20180419_150643.xml,2018-04-19T15:13:56Z,Undefined,ONRM_RootMo_R,eNODEb,0312ML,1,1,2,1,1,0,HW_V_A00,1,86010148V01,CSI0702193-XX,FW_V02.05.02,,KACSI0702193-XX,"SubNetwork=ONRM_RootMo_R,SubNetwork=eNODEb,MeContext=0312ML,ManagedElement=1,vsDataEquipment=1,vsDataAuxPlugInUnit=RRU-2,vsDataDeviceGroup=ru,vsDataRfPort=R"
cm_exp_20180419_150643.xml,2018-04-19T15:13:56Z,Undefined,ONRM_RootMo_R,eNODEb,0312ML,1,1,3,1,1,0,HW_V_A00,1,86010148V01,CSI0798238-XX,FW_V02.05.02,,KACSI0798238-XX,"SubNetwork=ONRM_RootMo_R,SubNetwork=eNODEb,MeContext=0312ML,ManagedElement=1,vsDataEquipment=1,vsDataAuxPlugInUnit=RRU-3,vsDataDeviceGroup=ru,vsDataRfPort=R"
cm_exp_20180419_150750.xml,2018-04-19T15:13:56Z,Undefined,ONRM_RootMo_R,eNODEb,0370ML,1,1,1,1,1,0,HW_V_A00,1,86010148V01,CSI4025229-XX,FW_V02.05.02,,KACSI4025229-XX,"SubNetwork=ONRM_RootMo_R,SubNetwork=eNODEb,MeContext=0370ML,ManagedElement=1,vsDataEquipment=1,vsDataAuxPlugInUnit=RRU-1,vsDataDeviceGroup=ru,vsDataRfPort=R"
cm_exp_20180419_150750.xml,2018-04-19T15:13:56Z,Undefined,ONRM_RootMo_R,eNODEb,0370ML,1,1,2,1,1,0,HW_V_A00,1,86010148V01,CSI3329552-XX,FW_V02.05.02,,KACSI3329552-XX,"SubNetwork=ONRM_RootMo_R,SubNetwork=eNODEb,MeContext=0370ML,ManagedElement=1,vsDataEquipment=1,vsDataAuxPlugInUnit=RRU-2,vsDataDeviceGroup=ru,vsDataRfPort=R"
cm_exp_20180419_150750.xml,2018-04-19T15:13:56Z,Undefined,ONRM_RootMo_R,eNODEb,0370ML,1,1,3,1,1,0,HW_V_A00,1,86010148V01,CSI4025226-XX,FW_V02.05.02,,KACSI4025226-XX,"SubNetwork=ONRM_RootMo_R,SubNetwork=eNODEb,MeContext=0370ML,ManagedElement=1,vsDataEquipment=1,vsDataAuxPlugInUnit=RRU-3,vsDataDeviceGroup=ru,vsDataRfPort=R"
cm_exp_20180419_150846.xml,2018-04-19T15:13:56Z,Undefined,ONRM_RootMo_R,eNODEb,0380ML,1,1,1,1,1,0,,1,,,,,,
cm_exp_20180419_150846.xml,2018-04-19T15:13:56Z,Undefined,ONRM_RootMo_R,eNODEb,0380ML,1,1,2,1,1,0,,1,,,,,,
cm_exp_20180419_150846.xml,2018-04-19T15:13:56Z,Undefined,ONRM_RootMo_R,eNODEb,0380ML,1,1,3,1,1,0,,1,,,,,,
cm_exp_20180419_150917.xml,2018-04-19T15:13:56Z,Undefined,ONRM_RootMo_R,eNODEb,0430ML,1,1,1,1,0,0,,1,,,,,,"SubNetwork=ONRM_RootMo_R,SubNetwork=eNODEb,MeContext=0430ML,ManagedElement=1,vsDataEquipment=1,vsDataAuxPlugInUnit=RRU-1,vsDataDeviceGroup=ru,vsDataRfPort=R"
cm_exp_20180419_150917.xml,2018-04-19T15:13:56Z,Undefined,ONRM_RootMo_R,eNODEb,0430ML,1,1,2,1,0,0,,1,,,,,,"SubNetwork=ONRM_RootMo_R,SubNetwork=eNODEb,MeContext=0430ML,ManagedElement=1,vsDataEquipment=1,vsDataAuxPlugInUnit=RRU-2,vsDataDeviceGroup=ru,vsDataRfPort=R"
cm_exp_20180419_150917.xml,2018-04-19T15:13:56Z,Undefined,ONRM_RootMo_R,eNODEb,0430ML,1,1,3,1,0,0,,1,,,,,,"SubNetwork=ONRM_RootMo_R,SubNetwork=eNODEb,MeContext=0430ML,ManagedElement=1,vsDataEquipment=1,vsDataAuxPlugInUnit=RRU-3,vsDataDeviceGroup=ru,vsDataRfPort=R"
cm_exp_20180419_150943.xml,2018-04-19T15:13:56Z,Undefined,ONRM_RootMo_R,eNODEb,0445ML,1,1,1,1,1,0,HW_V_A00,1,86010148V01,CSI4025416-XX,FW_V02.05.02,,KACSI4025416-XX,"SubNetwork=ONRM_RootMo_R,SubNetwork=eNODEb,MeContext=0445ML,ManagedElement=1,vsDataEquipment=1,vsDataAuxPlugInUnit=RU-1,vsDataDeviceGroup=ru,vsDataRfPort=A"
cm_exp_20180419_150943.xml,2018-04-19T15:13:56Z,Undefined,ONRM_RootMo_R,eNODEb,0445ML,1,1,2,1,1,0,HW_V_A00,1,86010148V01,CSI3560762-XX,FW_V02.05.02,,KACSI3560762-XX,"SubNetwork=ONRM_RootMo_R,SubNetwork=eNODEb,MeContext=0445ML,ManagedElement=1,vsDataEquipment=1,vsDataAuxPlugInUnit=RU-3,vsDataDeviceGroup=ru,vsDataRfPort=A"
cm_exp_20180419_150943.xml,2018-04-19T15:13:56Z,Undefined,ONRM_RootMo_R,eNODEb,0445ML,1,1,3,1,1,0,HW_V_A00,1,86010148,CSG4285295,FW_V02.03.01,,KACSG4285295,"SubNetwork=ONRM_RootMo_R,SubNetwork=eNODEb,MeContext=0445ML,ManagedElement=1,vsDataEquipment=1,vsDataAuxPlugInUnit=RU-5,vsDataDeviceGroup=ru,vsDataRfPort=A"
cm_exp_20180419_151042.xml,2018-04-19T15:13:56Z,Undefined,ONRM_RootMo_R,eNODEb,0468ML,1,1,1,1,1,0,,1,,,,,,"SubNetwork=ONRM_RootMo_R,SubNetwork=eNODEb,MeContext=0468ML,ManagedElement=1,vsDataEquipment=1,vsDataAuxPlugInUnit=RU-1,vsDataDeviceGroup=ru,vsDataRfPort=A"
cm_exp_20180419_151042.xml,2018-04-19T15:13:56Z,Undefined,ONRM_RootMo_R,eNODEb,0468ML,1,1,2,1,1,0,HW_V_A00,1,86010148V01,CSI3561813-XX,FW_V02.05.02,,KACSI3561813-XX,"SubNetwork=ONRM_RootMo_R,SubNetwork=eNODEb,MeContext=0468ML,ManagedElement=1,vsDataEquipment=1,vsDataAuxPlugInUnit=RU-3,vsDataDeviceGroup=ru,vsDataRfPort=A"
cm_exp_20180419_151042.xml,2018-04-19T15:13:56Z,Undefined,ONRM_RootMo_R,eNODEb,0468ML,1,1,3,1,1,0,HW_V_A00,1,86010148V01,CSI4024139-XX,FW_V02.05.02,,KACSI4024139-XX,"SubNetwork=ONRM_RootMo_R,SubNetwork=eNODEb,MeContext=0468ML,ManagedElement=1,vsDataEquipment=1,vsDataAuxPlugInUnit=RU-5,vsDataDeviceGroup=ru,vsDataRfPort=A"
cm_exp_20180419_151217.xml,2018-04-19T15:13:56Z,Undefined,ONRM_RootMo_R,eNODEb,0573ML,1,1,1,1,1,0,HW_V_A00,1,86010148V01,CSI3562323-XX,FW_V02.05.02,,KACSI3562323-XX,"SubNetwork=ONRM_RootMo_R,SubNetwork=eNODEb,MeContext=0573ML,ManagedElement=1,vsDataEquipment=1,vsDataAuxPlugInUnit=RRU-1,vsDataDeviceGroup=ru,vsDataRfPort=R"
cm_exp_20180419_151217.xml,2018-04-19T15:13:56Z,Undefined,ONRM_RootMo_R,eNODEb,0573ML,1,1,2,1,1,0,HW_V_A00,1,86010148V01,CSI4022570-XX,FW_V02.05.02,,KACSI4022570-XX,"SubNetwork=ONRM_RootMo_R,SubNetwork=eNODEb,MeContext=0573ML,ManagedElement=1,vsDataEquipment=1,vsDataAuxPlugInUnit=RRU-3,vsDataDeviceGroup=ru,vsDataRfPort=R"
cm_exp_20180419_151217.xml,2018-04-19T15:13:56Z,Undefined,ONRM_RootMo_R,eNODEb,0573ML,1,1,3,1,1,0,HW_V_A00,1,86010148V01,CSI4024178-XX,FW_V02.05.02,,KACSI4024178-XX,"SubNetwork=ONRM_RootMo_R,SubNetwork=eNODEb,MeContext=0573ML,ManagedElement=1,vsDataEquipment=1,vsDataAuxPlugInUnit=RRU-5,vsDataDeviceGroup=ru,vsDataRfPort=R"
cm_exp_20180419_151236.xml,2018-04-19T15:13:56Z,Undefined,ONRM_RootMo_R,eNODEb,0620ML,1,1,1,1,1,0,HW_V_A00,1,86010148V01,CSI3445268-XX,FW_V02.05.02,,KACSI3445268-XX,"SubNetwork=ONRM_RootMo_R,SubNetwork=eNODEb,MeContext=0620ML,ManagedElement=1,vsDataEquipment=1,vsDataAuxPlugInUnit=RRU-1,vsDataDeviceGroup=ru,vsDataRfPort=R"
cm_exp_20180419_151236.xml,2018-04-19T15:13:56Z,Undefined,ONRM_RootMo_R,eNODEb,0620ML,1,1,2,1,1,0,HW_V_A00,1,86010148V01,CSI3560751-XX,FW_V02.05.02,,KACSI3560751-XX,"SubNetwork=ONRM_RootMo_R,SubNetwork=eNODEb,MeContext=0620ML,ManagedElement=1,vsDataEquipment=1,vsDataAuxPlugInUnit=RRU-3,vsDataDeviceGroup=ru,vsDataRfPort=R"
cm_exp_20180419_151236.xml,2018-04-19T15:13:56Z,Undefined,ONRM_RootMo_R,eNODEb,0620ML,1,1,3,1,1,0,HW_V_A00,1,86010148V01,CSI4025417-XX,FW_V02.05.02,,KACSI4025417-XX,"SubNetwork=ONRM_RootMo_R,SubNetwork=eNODEb,MeContext=0620ML,ManagedElement=1,vsDataEquipment=1,vsDataAuxPlugInUnit=RRU-5,vsDataDeviceGroup=ru,vsDataRfPort=R"
cm_exp_20180419_151301.xml,2018-04-19T15:13:56Z,Undefined,ONRM_RootMo_R,eNODEb,0876ML,1,1,1,1,1,0,HW_V_A00,1,86010148V01,CSI0702907-XX,FW_V02.05.02,,KACSI0702907-XX,"SubNetwork=ONRM_RootMo_R,SubNetwork=eNODEb,MeContext=0876ML,ManagedElement=1,vsDataEquipment=1,vsDataAuxPlugInUnit=RRU-1,vsDataDeviceGroup=ru,vsDataRfPort=R"
cm_exp_20180419_151301.xml,2018-04-19T15:13:56Z,Undefined,ONRM_RootMo_R,eNODEb,0876ML,1,1,2,1,1,0,HW_V_A00,1,86010148V01,CSI1588001-XX,FW_V02.05.02,,KACSI1588001-XX,"SubNetwork=ONRM_RootMo_R,SubNetwork=eNODEb,MeContext=0876ML,ManagedElement=1,vsDataEquipment=1,vsDataAuxPlugInUnit=RRU-3,vsDataDeviceGroup=ru,vsDataRfPort=R"
cm_exp_20180419_151301.xml,2018-04-19T15:13:56Z,Undefined,ONRM_RootMo_R,eNODEb,0876ML,1,1,3,1,1,0,HW_V_A00,1,86010148V01,CSI0799169-XX,FW_V02.05.02,,KACSI0799169-XX,"SubNetwork=ONRM_RootMo_R,SubNetwork=eNODEb,MeContext=0876ML,ManagedElement=1,vsDataEquipment=1,vsDataAuxPlugInUnit=RRU-5,vsDataDeviceGroup=ru,vsDataRfPort=R"
