FileName,varDateTime,configData_dnPrefix,SubNetwork_id,SubNetwork_2_id,MeContext_id,ManagedElement_id,vsDataEquipment_id,vsDataAuxPlugInUnit_id,vsDataRbsSubrack_id,vsDataRbsSlot_id,administrativeState,piuType,position,positionInformation,positionRef,productData_productionDate,productData_productName,productData_productNumber,productData_productRevision,productData_serialNumber,unitType,positionCoordinates_geoDatum,positionCoordinates_altitude,positionCoordinates_latitude,positionCoordinates_longitude,supportUnitRef,positionCoordinates
cm_exp_20180419_145031.xml,2018-04-19T15:13:56Z,Undefined,ONRM_RootMo_R,eNODEb,0003ML,1,1,RRU-1,,,1,"SubNetwork=ONRM_RootMo_R,SubNetwork=eNODEb,MeContext=0003ML,ManagedElement=1,vsDataSwManagement=1,vsDataPiuType=KRC161282/2_*",0,,,20150303,RRUS 12 B3,KRC 161 282/2,R1K,D16N412233,RRU,WGS84,0,0,0,,
cm_exp_20180419_145031.xml,2018-04-19T15:13:56Z,Undefined,ONRM_RootMo_R,eNODEb,0003ML,1,1,RRU-2,,,1,"SubNetwork=ONRM_RootMo_R,SubNetwork=eNODEb,MeContext=0003ML,ManagedElement=1,vsDataSwManagement=1,vsDataPiuType=KRC161282/2_*",0,,,20150303,RRUS 12 B3,KRC 161 282/2,R1K,D16N427430,RRU,WGS84,0,0,0,,
cm_exp_20180419_145031.xml,2018-04-19T15:13:56Z,Undefined,ONRM_RootMo_R,eNODEb,0003ML,1,1,RRU-3,,,1,"SubNetwork=ONRM_RootMo_R,SubNetwork=eNODEb,MeContext=0003ML,ManagedElement=1,vsDataSwManagement=1,vsDataPiuType=KRC161282/2_*",0,,,20150303,RRUS 12 B3,KRC 161 282/2,R1K,D16N427424,RRU,WGS84,0,0,0,,
cm_exp_20180419_145108.xml,2018-04-19T15:13:56Z,Undefined,ONRM_RootMo_R,eNODEb,0009ML,1,1,RU-1,,,1,"SubNetwork=ONRM_RootMo_R,SubNetwork=eNODEb,MeContext=0009ML,ManagedElement=1,vsDataSwManagement=1,vsDataPiuType=KRC11865/2_*",0,,,20120910,RUS 01 B3,KRC 118 65/2,R1F,CB4N760200,RU,WGS84,0,0,0,,
cm_exp_20180419_145108.xml,2018-04-19T15:13:56Z,Undefined,ONRM_RootMo_R,eNODEb,0009ML,1,1,RU-2,,,1,"SubNetwork=ONRM_RootMo_R,SubNetwork=eNODEb,MeContext=0009ML,ManagedElement=1,vsDataSwManagement=1,vsDataPiuType=KRC11865/2_*",0,,,20120910,RUS 01 B3,KRC 118 65/2,R1F,CB4N760199,RU,WGS84,0,0,0,,
cm_exp_20180419_145108.xml,2018-04-19T15:13:56Z,Undefined,ONRM_RootMo_R,eNODEb,0009ML,1,1,RU-3,,,1,"SubNetwork=ONRM_RootMo_R,SubNetwork=eNODEb,MeContext=0009ML,ManagedElement=1,vsDataSwManagement=1,vsDataPiuType=KRC11865/2_*",0,,,20120926,RUS 01 B3,KRC 118 65/2,R1F,D162874127,RU,WGS84,0,0,0,,
cm_exp_20180419_145108.xml,2018-04-19T15:13:56Z,Undefined,ONRM_RootMo_R,eNODEb,0009ML,1,1,RU-4,,,1,"SubNetwork=ONRM_RootMo_R,SubNetwork=eNODEb,MeContext=0009ML,ManagedElement=1,vsDataSwManagement=1,vsDataPiuType=KRC11865/2_*",0,,,20120910,RUS 01 B3,KRC 118 65/2,R1F,CB4N760171,RU,WGS84,0,0,0,,
cm_exp_20180419_145108.xml,2018-04-19T15:13:56Z,Undefined,ONRM_RootMo_R,eNODEb,0009ML,1,1,RU-5,,,1,"SubNetwork=ONRM_RootMo_R,SubNetwork=eNODEb,MeContext=0009ML,ManagedElement=1,vsDataSwManagement=1,vsDataPiuType=KRC11865/2_*",0,,,20120926,RUS 01 B3,KRC 118 65/2,R1F,D162874169,RU,WGS84,0,0,0,,
cm_exp_20180419_145108.xml,2018-04-19T15:13:56Z,Undefined,ONRM_RootMo_R,eNODEb,0009ML,1,1,RU-6,,,1,"SubNetwork=ONRM_RootMo_R,SubNetwork=eNODEb,MeContext=0009ML,ManagedElement=1,vsDataSwManagement=1,vsDataPiuType=KRC11865/2_*",0,,,20121019,RUS 01 B3,KRC 118 65/2,R1F,D163341985,RU,WGS84,0,0,0,,
cm_exp_20180419_145140.xml,2018-04-19T15:13:56Z,Undefined,ONRM_RootMo_R,eNODEb,0013ML,1,1,RU-1,,,1,"SubNetwork=ONRM_RootMo_R,SubNetwork=eNODEb,MeContext=0013ML,ManagedElement=1,vsDataSwManagement=1,vsDataPiuType=KRC11865/2_*",0,,,20120607,RUS 01 B3,KRC 118 65/2,R1F,D160736303,RU,WGS84,0,0,0,,
cm_exp_20180419_145140.xml,2018-04-19T15:13:56Z,Undefined,ONRM_RootMo_R,eNODEb,0013ML,1,1,RU-2,,,1,"SubNetwork=ONRM_RootMo_R,SubNetwork=eNODEb,MeContext=0013ML,ManagedElement=1,vsDataSwManagement=1,vsDataPiuType=KRC161280/1_*",0,,,20160118,RUS 02 B3,KRC 161 280/1,R1L,D16R920210,RU,WGS84,0,0,0,,
cm_exp_20180419_145140.xml,2018-04-19T15:13:56Z,Undefined,ONRM_RootMo_R,eNODEb,0013ML,1,1,RU-3,,,1,"SubNetwork=ONRM_RootMo_R,SubNetwork=eNODEb,MeContext=0013ML,ManagedElement=1,vsDataSwManagement=1,vsDataPiuType=KRC11865/2_*",0,,,20120607,RUS 01 B3,KRC 118 65/2,R1F,D160736301,RU,WGS84,0,0,0,,
cm_exp_20180419_145140.xml,2018-04-19T15:13:56Z,Undefined,ONRM_RootMo_R,eNODEb,0013ML,1,1,RU-4,,,1,"SubNetwork=ONRM_RootMo_R,SubNetwork=eNODEb,MeContext=0013ML,ManagedElement=1,vsDataSwManagement=1,vsDataPiuType=KRC161280/1_*",0,,,20160118,RUS 02 B3,KRC 161 280/1,R1L,D16R920293,RU,WGS84,0,0,0,,
cm_exp_20180419_145140.xml,2018-04-19T15:13:56Z,Undefined,ONRM_RootMo_R,eNODEb,0013ML,1,1,RU-5,,,1,"SubNetwork=ONRM_RootMo_R,SubNetwork=eNODEb,MeContext=0013ML,ManagedElement=1,vsDataSwManagement=1,vsDataPiuType=KRC11865/2_*",0,,,20120612,RUS 01 B3,KRC 118 65/2,R1F,D160833124,RU,WGS84,0,0,0,,
cm_exp_20180419_145140.xml,2018-04-19T15:13:56Z,Undefined,ONRM_RootMo_R,eNODEb,0013ML,1,1,RU-6,,,1,"SubNetwork=ONRM_RootMo_R,SubNetwork=eNODEb,MeContext=0013ML,ManagedElement=1,vsDataSwManagement=1,vsDataPiuType=KRC161280/1_*",0,,,20160118,RUS 02 B3,KRC 161 280/1,R1L,D16R920275,RU,WGS84,0,0,0,,
cm_exp_20180419_145205.xml,2018-04-19T15:13:56Z,Undefined,ONRM_RootMo_R,eNODEb,0017ML,1,1,RRU-1,,,1,"SubNetwork=ONRM_RootMo_R,SubNetwork=eNODEb,MeContext=0017ML,ManagedElement=1,vsDataSwManagement=1,vsDataPiuType=KRC161282/2_*",0,,,20150310,RRUS 12 B3,KRC 161 282/2,R1K,D16N594843,RRU,WGS84,0,0,0,,
cm_exp_20180419_145205.xml,2018-04-19T15:13:56Z,Undefined,ONRM_RootMo_R,eNODEb,0017ML,1,1,RRU-2,,,1,"SubNetwork=ONRM_RootMo_R,SubNetwork=eNODEb,MeContext=0017ML,ManagedElement=1,vsDataSwManagement=1,vsDataPiuType=KRC161282/2_*",0,,,20150303,RRUS 12 B3,KRC 161 282/2,R1K,D16N421590,RRU,WGS84,0,0,0,,
cm_exp_20180419_145205.xml,2018-04-19T15:13:56Z,Undefined,ONRM_RootMo_R,eNODEb,0017ML,1,1,RRU-3,,,1,"SubNetwork=ONRM_RootMo_R,SubNetwork=eNODEb,MeContext=0017ML,ManagedElement=1,vsDataSwManagement=1,vsDataPiuType=KRC161282/2_*",0,,,20150303,RRUS 12 B3,KRC 161 282/2,R1K,D16N420660,RRU,WGS84,0,0,0,,
cm_exp_20180419_145236.xml,2018-04-19T15:13:56Z,Undefined,ONRM_RootMo_R,eNODEb,0021ML,1,1,RRU-1,,,1,"SubNetwork=ONRM_RootMo_R,SubNetwork=eNODEb,MeContext=0021ML,ManagedElement=1,vsDataSwManagement=1,vsDataPiuType=KRC161282/2_*",0,,,20150303,RRUS 12 B3,KRC 161 282/2,R1K,D16N412271,RRU,WGS84,0,0,0,,
cm_exp_20180419_145236.xml,2018-04-19T15:13:56Z,Undefined,ONRM_RootMo_R,eNODEb,0021ML,1,1,RRU-2,,,1,"SubNetwork=ONRM_RootMo_R,SubNetwork=eNODEb,MeContext=0021ML,ManagedElement=1,vsDataSwManagement=1,vsDataPiuType=KRC161282/2_*",0,,,20150303,RRUS 12 B3,KRC 161 282/2,R1K,D16N426887,RRU,WGS84,0,0,0,,
cm_exp_20180419_145236.xml,2018-04-19T15:13:56Z,Undefined,ONRM_RootMo_R,eNODEb,0021ML,1,1,RRU-3,,,1,"SubNetwork=ONRM_RootMo_R,SubNetwork=eNODEb,MeContext=0021ML,ManagedElement=1,vsDataSwManagement=1,vsDataPiuType=KRC161282/2_*",0,,,20150303,RRUS 12 B3,KRC 161 282/2,R1K,D16N426891,RRU,WGS84,0,0,0,,
cm_exp_20180419_145547.xml,2018-04-19T15:13:56Z,Undefined,ONRM_RootMo_R,eNODEb,0024ML,1,1,RU-1,,,1,"SubNetwork=ONRM_RootMo_R,SubNetwork=eNODEb,MeContext=0024ML,ManagedElement=1,vsDataSwManagement=1,vsDataPiuType=KRC11865/2_*",0,,,20120716,RUS 01 B3,KRC 118 65/2,R1F,D161442580,RU,WGS84,0,0,0,,
cm_exp_20180419_145547.xml,2018-04-19T15:13:56Z,Undefined,ONRM_RootMo_R,eNODEb,0024ML,1,1,RU-2,,,1,"SubNetwork=ONRM_RootMo_R,SubNetwork=eNODEb,MeContext=0024ML,ManagedElement=1,vsDataSwManagement=1,vsDataPiuType=KRC11865/2_*",0,,,20120614,RUS 01 B3,KRC 118 65/2,R1F,D160864142,RU,WGS84,0,0,0,,
cm_exp_20180419_145547.xml,2018-04-19T15:13:56Z,Undefined,ONRM_RootMo_R,eNODEb,0024ML,1,1,RU-3,,,1,"SubNetwork=ONRM_RootMo_R,SubNetwork=eNODEb,MeContext=0024ML,ManagedElement=1,vsDataSwManagement=1,vsDataPiuType=KRC11865/2_*",0,,,20120716,RUS 01 B3,KRC 118 65/2,R1F,D161442606,RU,WGS84,0,0,0,,
cm_exp_20180419_145547.xml,2018-04-19T15:13:56Z,Undefined,ONRM_RootMo_R,eNODEb,0024ML,1,1,RU-4,,,1,"SubNetwork=ONRM_RootMo_R,SubNetwork=eNODEb,MeContext=0024ML,ManagedElement=1,vsDataSwManagement=1,vsDataPiuType=KRC11865/2_*",0,,,20120614,RUS 01 B3,KRC 118 65/2,R1F,D160864137,RU,WGS84,0,0,0,,
cm_exp_20180419_145547.xml,2018-04-19T15:13:56Z,Undefined,ONRM_RootMo_R,eNODEb,0024ML,1,1,RU-5,,,1,"SubNetwork=ONRM_RootMo_R,SubNetwork=eNODEb,MeContext=0024ML,ManagedElement=1,vsDataSwManagement=1,vsDataPiuType=KRC11865/2_*",0,,,20120612,RUS 01 B3,KRC 118 65/2,R1F,D160833125,RU,WGS84,0,0,0,,
cm_exp_20180419_145547.xml,2018-04-19T15:13:56Z,Undefined,ONRM_RootMo_R,eNODEb,0024ML,1,1,RU-6,,,1,"SubNetwork=ONRM_RootMo_R,SubNetwork=eNODEb,MeContext=0024ML,ManagedElement=1,vsDataSwManagement=1,vsDataPiuType=KRC11865/2_*",0,,,20120614,RUS 01 B3,KRC 118 65/2,R1F,D160864240,RU,WGS84,0,0,0,,
cm_exp_20180419_145624.xml,2018-04-19T15:13:56Z,Undefined,ONRM_RootMo_R,eNODEb,0074ML,1,1,RRU-1,,,1,"SubNetwork=ONRM_RootMo_R,SubNetwork=eNODEb,MeContext=0074ML,ManagedElement=1,vsDataSwManagement=1,vsDataPiuType=KRC161282/2_*",0,,,20150208,RRUS 12 B3,KRC 161 282/2,R1K,D16M785738,RRU,WGS84,0,0,0,,
cm_exp_20180419_145624.xml,2018-04-19T15:13:56Z,Undefined,ONRM_RootMo_R,eNODEb,0074ML,1,1,RRU-2,,,1,"SubNetwork=ONRM_RootMo_R,SubNetwork=eNODEb,MeContext=0074ML,ManagedElement=1,vsDataSwManagement=1,vsDataPiuType=KRC161282/2_*",0,,,20150208,RRUS 12 B3,KRC 161 282/2,R1K,D16M785743,RRU,WGS84,0,0,0,,
cm_exp_20180419_145624.xml,2018-04-19T15:13:56Z,Undefined,ONRM_RootMo_R,eNODEb,0074ML,1,1,RRU-3,,,1,"SubNetwork=ONRM_RootMo_R,SubNetwork=eNODEb,MeContext=0074ML,ManagedElement=1,vsDataSwManagement=1,vsDataPiuType=KRC161282/2_*",0,,,20130607,RRUS 12 B3,KRC 161 282/2,R1F,D167893169,RRU,WGS84,0,0,0,,
cm_exp_20180419_145649.xml,2018-04-19T15:13:56Z,Undefined,ONRM_RootMo_R,eNODEb,0082ML,1,1,RU-1,,,1,"SubNetwork=ONRM_RootMo_R,SubNetwork=eNODEb,MeContext=0082ML,ManagedElement=1,vsDataSwManagement=1,vsDataPiuType=KRC11865/2_*",0,,,20120926,RUS 01 B3,KRC 118 65/2,R1F,D162879300,RU,WGS84,0,0,0,,
cm_exp_20180419_145649.xml,2018-04-19T15:13:56Z,Undefined,ONRM_RootMo_R,eNODEb,0082ML,1,1,RU-2,,,1,"SubNetwork=ONRM_RootMo_R,SubNetwork=eNODEb,MeContext=0082ML,ManagedElement=1,vsDataSwManagement=1,vsDataPiuType=KRC11865/2_*",0,,,20120910,RUS 01 B3,KRC 118 65/2,R1F,CB4N754345,RU,WGS84,0,0,0,,
cm_exp_20180419_145649.xml,2018-04-19T15:13:56Z,Undefined,ONRM_RootMo_R,eNODEb,0082ML,1,1,RU-3,,,1,"SubNetwork=ONRM_RootMo_R,SubNetwork=eNODEb,MeContext=0082ML,ManagedElement=1,vsDataSwManagement=1,vsDataPiuType=KRC11865/2_*",0,,,20120926,RUS 01 B3,KRC 118 65/2,R1F,D162874126,RU,WGS84,0,0,0,,
cm_exp_20180419_145649.xml,2018-04-19T15:13:56Z,Undefined,ONRM_RootMo_R,eNODEb,0082ML,1,1,RU-4,,,1,"SubNetwork=ONRM_RootMo_R,SubNetwork=eNODEb,MeContext=0082ML,ManagedElement=1,vsDataSwManagement=1,vsDataPiuType=KRC11865/2_*",0,,,20120910,RUS 01 B3,KRC 118 65/2,R1F,CB4N754339,RU,WGS84,0,0,0,,
cm_exp_20180419_145649.xml,2018-04-19T15:13:56Z,Undefined,ONRM_RootMo_R,eNODEb,0082ML,1,1,RU-5,,,1,"SubNetwork=ONRM_RootMo_R,SubNetwork=eNODEb,MeContext=0082ML,ManagedElement=1,vsDataSwManagement=1,vsDataPiuType=KRC11865/2_*",0,,,20120926,RUS 01 B3,KRC 118 65/2,R1F,D162874173,RU,WGS84,0,0,0,,
cm_exp_20180419_145649.xml,2018-04-19T15:13:56Z,Undefined,ONRM_RootMo_R,eNODEb,0082ML,1,1,RU-6,,,1,"SubNetwork=ONRM_RootMo_R,SubNetwork=eNODEb,MeContext=0082ML,ManagedElement=1,vsDataSwManagement=1,vsDataPiuType=KRC11865/2_*",0,,,20120910,RUS 01 B3,KRC 118 65/2,R1F,CB4N754144,RU,WGS84,0,0,0,,
cm_exp_20180419_145711.xml,2018-04-19T15:13:56Z,Undefined,ONRM_RootMo_R,eNODEb,0091ML,1,1,RRU-1,,,1,"SubNetwork=ONRM_RootMo_R,SubNetwork=eNODEb,MeContext=0091ML,ManagedElement=1,vsDataSwManagement=1,vsDataPiuType=KRC161282/2_*",0,,,20150303,RRUS 12 B3,KRC 161 282/2,R1K,D16N427581,RRU,,,,,,
cm_exp_20180419_145711.xml,2018-04-19T15:13:56Z,Undefined,ONRM_RootMo_R,eNODEb,0091ML,1,1,RRU-2,,,1,"SubNetwork=ONRM_RootMo_R,SubNetwork=eNODEb,MeContext=0091ML,ManagedElement=1,vsDataSwManagement=1,vsDataPiuType=KRC161282/2_*",0,,,20150303,RRUS 12 B3,KRC 161 282/2,R1K,D16N412109,RRU,,,,,,
cm_exp_20180419_145711.xml,2018-04-19T15:13:56Z,Undefined,ONRM_RootMo_R,eNODEb,0091ML,1,1,RRU-3,,,1,"SubNetwork=ONRM_RootMo_R,SubNetwork=eNODEb,MeContext=0091ML,ManagedElement=1,vsDataSwManagement=1,vsDataPiuType=KRC161282/2_*",0,,,20150303,RRUS 12 B3,KRC 161 282/2,R1K,D16N427413,RRU,,,,,,
cm_exp_20180419_145733.xml,2018-04-19T15:13:56Z,Undefined,ONRM_RootMo_R,eNODEb,0099ML,1,1,RRU-1,,,1,"SubNetwork=ONRM_RootMo_R,SubNetwork=eNODEb,MeContext=0099ML,ManagedElement=1,vsDataSwManagement=1,vsDataPiuType=KRC161282/2_*",0,,,20151209,RRUS 12 B3,KRC 161 282/2,R1K,CR9F115524,RRU,WGS84,0,0,0,,
cm_exp_20180419_145733.xml,2018-04-19T15:13:56Z,Undefined,ONRM_RootMo_R,eNODEb,0099ML,1,1,RRU-2,,,1,"SubNetwork=ONRM_RootMo_R,SubNetwork=eNODEb,MeContext=0099ML,ManagedElement=1,vsDataSwManagement=1,vsDataPiuType=KRC161282/2_*",0,,,20151209,RRUS 12 B3,KRC 161 282/2,R1K,CR9F113242,RRU,WGS84,0,0,0,,
cm_exp_20180419_145733.xml,2018-04-19T15:13:56Z,Undefined,ONRM_RootMo_R,eNODEb,0099ML,1,1,RRU-3,,,1,"SubNetwork=ONRM_RootMo_R,SubNetwork=eNODEb,MeContext=0099ML,ManagedElement=1,vsDataSwManagement=1,vsDataPiuType=KRC161282/2_*",0,,,20151210,RRUS 12 B3,KRC 161 282/2,R1K,CR9F121489,RRU,WGS84,0,0,0,,
cm_exp_20180419_145810.xml,2018-04-19T15:13:56Z,Undefined,ONRM_RootMo_R,eNODEb,0106ML,1,1,RU-1,,,1,"SubNetwork=ONRM_RootMo_R,SubNetwork=eNODEb,MeContext=0106ML,ManagedElement=1,vsDataSwManagement=1,vsDataPiuType=KRC11865/1_*",0,,,20110930,RUS 01 B3,KRC 118 65/1,R2A,CC47103397,RU,WGS84,0,0,0,,
cm_exp_20180419_145810.xml,2018-04-19T15:13:56Z,Undefined,ONRM_RootMo_R,eNODEb,0106ML,1,1,RU-2,,,1,"SubNetwork=ONRM_RootMo_R,SubNetwork=eNODEb,MeContext=0106ML,ManagedElement=1,vsDataSwManagement=1,vsDataPiuType=KRC161280/1_*",0,,,20160118,RUS 02 B3,KRC 161 280/1,R1L,D16R920221,RU,WGS84,0,0,0,,
cm_exp_20180419_145810.xml,2018-04-19T15:13:56Z,Undefined,ONRM_RootMo_R,eNODEb,0106ML,1,1,RU-3,,,1,"SubNetwork=ONRM_RootMo_R,SubNetwork=eNODEb,MeContext=0106ML,ManagedElement=1,vsDataSwManagement=1,vsDataPiuType=KRC11865/1_*",0,,,20110805,RUS 01 B3,KRC 118 65/1,R2A,CC46193738,RU,WGS84,0,0,0,,
cm_exp_20180419_145810.xml,2018-04-19T15:13:56Z,Undefined,ONRM_RootMo_R,eNODEb,0106ML,1,1,RU-4,,,1,"SubNetwork=ONRM_RootMo_R,SubNetwork=eNODEb,MeContext=0106ML,ManagedElement=1,vsDataSwManagement=1,vsDataPiuType=KRC161280/1_*",0,,,20160118,RUS 02 B3,KRC 161 280/1,R1L,D16R920290,RU,WGS84,0,0,0,,
cm_exp_20180419_145810.xml,2018-04-19T15:13:56Z,Undefined,ONRM_RootMo_R,eNODEb,0106ML,1,1,RU-5,,,1,"SubNetwork=ONRM_RootMo_R,SubNetwork=eNODEb,MeContext=0106ML,ManagedElement=1,vsDataSwManagement=1,vsDataPiuType=KRC11865/1_*",0,,,20110930,RUS 01 B3,KRC 118 65/1,R2A,CC47096265,RU,WGS84,0,0,0,,
cm_exp_20180419_145810.xml,2018-04-19T15:13:56Z,Undefined,ONRM_RootMo_R,eNODEb,0106ML,1,1,RU-6,,,1,"SubNetwork=ONRM_RootMo_R,SubNetwork=eNODEb,MeContext=0106ML,ManagedElement=1,vsDataSwManagement=1,vsDataPiuType=KRC161280/1_*",0,,,20160118,RUS 02 B3,KRC 161 280/1,R1L,D16R920272,RU,WGS84,0,0,0,,
cm_exp_20180419_145835.xml,2018-04-19T15:13:56Z,Undefined,ONRM_RootMo_R,eNODEb,0119ML,1,1,RU-1,,,1,"SubNetwork=ONRM_RootMo_R,SubNetwork=eNODEb,MeContext=0119ML,ManagedElement=1,vsDataSwManagement=1,vsDataPiuType=KRC11865/2_*",0,,,20120625,RUS 01 B3,KRC 118 65/2,R1F,D161069979,RU,WGS84,0,0,0,,
cm_exp_20180419_145835.xml,2018-04-19T15:13:56Z,Undefined,ONRM_RootMo_R,eNODEb,0119ML,1,1,RU-2,,,1,"SubNetwork=ONRM_RootMo_R,SubNetwork=eNODEb,MeContext=0119ML,ManagedElement=1,vsDataSwManagement=1,vsDataPiuType=KRC11865/2_*",0,,,20120910,RUS 01 B3,KRC 118 65/2,R1F,CB4N760175,RU,WGS84,0,0,0,,
cm_exp_20180419_145835.xml,2018-04-19T15:13:56Z,Undefined,ONRM_RootMo_R,eNODEb,0119ML,1,1,RU-3,,,1,"SubNetwork=ONRM_RootMo_R,SubNetwork=eNODEb,MeContext=0119ML,ManagedElement=1,vsDataSwManagement=1,vsDataPiuType=KRC11865/2_*",0,,,20120625,RUS 01 B3,KRC 118 65/2,R1F,D161070162,RU,WGS84,0,0,0,,
cm_exp_20180419_145835.xml,2018-04-19T15:13:56Z,Undefined,ONRM_RootMo_R,eNODEb,0119ML,1,1,RU-4,,,1,"SubNetwork=ONRM_RootMo_R,SubNetwork=eNODEb,MeContext=0119ML,ManagedElement=1,vsDataSwManagement=1,vsDataPiuType=KRC11865/2_*",0,,,20120910,RUS 01 B3,KRC 118 65/2,R1F,CB4N760173,RU,WGS84,0,0,0,,
cm_exp_20180419_145835.xml,2018-04-19T15:13:56Z,Undefined,ONRM_RootMo_R,eNODEb,0119ML,1,1,RU-5,,,1,"SubNetwork=ONRM_RootMo_R,SubNetwork=eNODEb,MeContext=0119ML,ManagedElement=1,vsDataSwManagement=1,vsDataPiuType=KRC11865/2_*",0,,,20120621,RUS 01 B3,KRC 118 65/2,R1F,D160985881,RU,WGS84,0,0,0,,
cm_exp_20180419_145835.xml,2018-04-19T15:13:56Z,Undefined,ONRM_RootMo_R,eNODEb,0119ML,1,1,RU-6,,,1,"SubNetwork=ONRM_RootMo_R,SubNetwork=eNODEb,MeContext=0119ML,ManagedElement=1,vsDataSwManagement=1,vsDataPiuType=KRC11865/2_*",0,,,20120910,RUS 01 B3,KRC 118 65/2,R1F,CB4N760178,RU,WGS84,0,0,0,,
cm_exp_20180419_145940.xml,2018-04-19T15:13:56Z,Undefined,ONRM_RootMo_R,eNODEb,0138ML,1,1,RRU-1,,,1,"SubNetwork=ONRM_RootMo_R,SubNetwork=eNODEb,MeContext=0138ML,ManagedElement=1,vsDataSwManagement=1,vsDataPiuType=KRC161282/2_*",0,,,20150212,RRUS 12 B3,KRC 161 282/2,R1K,D16M895860,RRU,WGS84,0,0,0,,
cm_exp_20180419_145940.xml,2018-04-19T15:13:56Z,Undefined,ONRM_RootMo_R,eNODEb,0138ML,1,1,RRU-2,,,1,"SubNetwork=ONRM_RootMo_R,SubNetwork=eNODEb,MeContext=0138ML,ManagedElement=1,vsDataSwManagement=1,vsDataPiuType=KRC161282/2_*",0,,,20160405,RRUS 12 B3,KRC 161 282/2,R2H/1,D16S823168,RRU,WGS84,0,0,0,,
cm_exp_20180419_145940.xml,2018-04-19T15:13:56Z,Undefined,ONRM_RootMo_R,eNODEb,0138ML,1,1,RRU-3,,,1,"SubNetwork=ONRM_RootMo_R,SubNetwork=eNODEb,MeContext=0138ML,ManagedElement=1,vsDataSwManagement=1,vsDataPiuType=KRC161282/2_*",0,,,20150212,RRUS 12 B3,KRC 161 282/2,R1K,D16M895794,RRU,WGS84,0,0,0,,
cm_exp_20180419_150007.xml,2018-04-19T15:13:56Z,Undefined,ONRM_RootMo_R,eNODEb,0150ML,1,1,RRU-1,,,1,"SubNetwork=ONRM_RootMo_R,SubNetwork=eNODEb,MeContext=0150ML,ManagedElement=1,vsDataSwManagement=1,vsDataPiuType=KRC161282/2_*",0,,,20151209,RRUS 12 B3,KRC 161 282/2,R1K,CR9F115536,RRU,WGS84,0,0,0,,
cm_exp_20180419_150007.xml,2018-04-19T15:13:56Z,Undefined,ONRM_RootMo_R,eNODEb,0150ML,1,1,RRU-2,,,1,"SubNetwork=ONRM_RootMo_R,SubNetwork=eNODEb,MeContext=0150ML,ManagedElement=1,vsDataSwManagement=1,vsDataPiuType=KRC161282/2_*",0,,,20151209,RRUS 12 B3,KRC 161 282/2,R1K,CR9F113222,RRU,WGS84,0,0,0,,
cm_exp_20180419_150007.xml,2018-04-19T15:13:56Z,Undefined,ONRM_RootMo_R,eNODEb,0150ML,1,1,RRU-3,,,1,"SubNetwork=ONRM_RootMo_R,SubNetwork=eNODEb,MeContext=0150ML,ManagedElement=1,vsDataSwManagement=1,vsDataPiuType=KRC161282/2_*",0,,,20151209,RRUS 12 B3,KRC 161 282/2,R1K,CR9F116620,RRU,WGS84,0,0,0,,
cm_exp_20180419_150024.xml,2018-04-19T15:13:56Z,Undefined,ONRM_RootMo_R,eNODEb,0154ML,1,1,RRU-1,,,1,"SubNetwork=ONRM_RootMo_R,SubNetwork=eNODEb,MeContext=0154ML,ManagedElement=1,vsDataSwManagement=1,vsDataPiuType=KRC161282/2_*",0,,,20150213,RRUS 12 B3,KRC 161 282/2,R1K,D16M913694,RRU,WGS84,0,0,0,,
cm_exp_20180419_150024.xml,2018-04-19T15:13:56Z,Undefined,ONRM_RootMo_R,eNODEb,0154ML,1,1,RRU-2,,,1,"SubNetwork=ONRM_RootMo_R,SubNetwork=eNODEb,MeContext=0154ML,ManagedElement=1,vsDataSwManagement=1,vsDataPiuType=KRC161282/2_*",0,,,20150213,RRUS 12 B3,KRC 161 282/2,R1K,D16M915156,RRU,WGS84,0,0,0,,
cm_exp_20180419_150024.xml,2018-04-19T15:13:56Z,Undefined,ONRM_RootMo_R,eNODEb,0154ML,1,1,RRU-3,,,1,"SubNetwork=ONRM_RootMo_R,SubNetwork=eNODEb,MeContext=0154ML,ManagedElement=1,vsDataSwManagement=1,vsDataPiuType=KRC161282/2_*",0,,,20150213,RRUS 12 B3,KRC 161 282/2,R1K,D16M913677,RRU,WGS84,0,0,0,,
cm_exp_20180419_150054.xml,2018-04-19T15:13:56Z,Undefined,ONRM_RootMo_R,eNODEb,0196ML,1,1,RU-1,,,1,"SubNetwork=ONRM_RootMo_R,SubNetwork=eNODEb,MeContext=0196ML,ManagedElement=1,vsDataSwManagement=1,vsDataPiuType=KRC11865/2_*",0,,,20120926,RUS 01 B3,KRC 118 65/2,R1F,D162874154,RU,WGS84,0,0,0,,
cm_exp_20180419_150054.xml,2018-04-19T15:13:56Z,Undefined,ONRM_RootMo_R,eNODEb,0196ML,1,1,RU-2,,,1,"SubNetwork=ONRM_RootMo_R,SubNetwork=eNODEb,MeContext=0196ML,ManagedElement=1,vsDataSwManagement=1,vsDataPiuType=KRC161280/1_*",0,,,20160118,RUS 02 B3,KRC 161 280/1,R1L,D16R923046,RU,WGS84,0,0,0,,
cm_exp_20180419_150054.xml,2018-04-19T15:13:56Z,Undefined,ONRM_RootMo_R,eNODEb,0196ML,1,1,RU-3,,,1,"SubNetwork=ONRM_RootMo_R,SubNetwork=eNODEb,MeContext=0196ML,ManagedElement=1,vsDataSwManagement=1,vsDataPiuType=KRC11865/2_*",0,,,20120926,RUS 01 B3,KRC 118 65/2,R1F,D162874159,RU,WGS84,0,0,0,,
cm_exp_20180419_150054.xml,2018-04-19T15:13:56Z,Undefined,ONRM_RootMo_R,eNODEb,0196ML,1,1,RU-4,,,1,"SubNetwork=ONRM_RootMo_R,SubNetwork=eNODEb,MeContext=0196ML,ManagedElement=1,vsDataSwManagement=1,vsDataPiuType=KRC161280/1_*",0,,,20160118,RUS 02 B3,KRC 161 280/1,R1L,D16R923050,RU,WGS84,0,0,0,,
cm_exp_20180419_150054.xml,2018-04-19T15:13:56Z,Undefined,ONRM_RootMo_R,eNODEb,0196ML,1,1,RU-5,,,1,"SubNetwork=ONRM_RootMo_R,SubNetwork=eNODEb,MeContext=0196ML,ManagedElement=1,vsDataSwManagement=1,vsDataPiuType=KRC11865/2_*",0,,,20120926,RUS 01 B3,KRC 118 65/2,R1F,D162879284,RU,WGS84,0,0,0,,
cm_exp_20180419_150054.xml,2018-04-19T15:13:56Z,Undefined,ONRM_RootMo_R,eNODEb,0196ML,1,1,RU-6,,,1,"SubNetwork=ONRM_RootMo_R,SubNetwork=eNODEb,MeContext=0196ML,ManagedElement=1,vsDataSwManagement=1,vsDataPiuType=KRC161280/1_*",0,,,20160118,RUS 02 B3,KRC 161 280/1,R1L,D16R920295,RU,WGS84,0,0,0,,
cm_exp_20180419_150110.xml,2018-04-19T15:13:56Z,Undefined,ONRM_RootMo_R,eNODEb,0198ML,1,1,RRU-1,,,1,"SubNetwork=ONRM_RootMo_R,SubNetwork=eNODEb,MeContext=0198ML,ManagedElement=1,vsDataSwManagement=1,vsDataPiuType=KRC161282/2_*",0,,,20150303,RRUS 12 B3,KRC 161 282/2,R1K,D16N421609,RRU,WGS84,0,0,0,,
cm_exp_20180419_150110.xml,2018-04-19T15:13:56Z,Undefined,ONRM_RootMo_R,eNODEb,0198ML,1,1,RRU-2,,,1,"SubNetwork=ONRM_RootMo_R,SubNetwork=eNODEb,MeContext=0198ML,ManagedElement=1,vsDataSwManagement=1,vsDataPiuType=KRC161282/2_*",0,,,20150208,RRUS 12 B3,KRC 161 282/2,R1K,D16M787168,RRU,WGS84,0,0,0,,
cm_exp_20180419_150110.xml,2018-04-19T15:13:56Z,Undefined,ONRM_RootMo_R,eNODEb,0198ML,1,1,RRU-3,,,1,"SubNetwork=ONRM_RootMo_R,SubNetwork=eNODEb,MeContext=0198ML,ManagedElement=1,vsDataSwManagement=1,vsDataPiuType=KRC161282/2_*",0,,,20150208,RRUS 12 B3,KRC 161 282/2,R1K,D16M785575,RRU,WGS84,0,0,0,,
cm_exp_20180419_150127.xml,2018-04-19T15:13:56Z,Undefined,ONRM_RootMo_R,eNODEb,0204ML,1,1,RRU-1,,,1,"SubNetwork=ONRM_RootMo_R,SubNetwork=eNODEb,MeContext=0204ML,ManagedElement=1,vsDataSwManagement=1,vsDataPiuType=KRC161282/2_*",0,,,20150212,RRUS 12 B3,KRC 161 282/2,R1K,D16M891346,RRU,WGS84,0,0,0,,
cm_exp_20180419_150127.xml,2018-04-19T15:13:56Z,Undefined,ONRM_RootMo_R,eNODEb,0204ML,1,1,RRU-2,,,1,"SubNetwork=ONRM_RootMo_R,SubNetwork=eNODEb,MeContext=0204ML,ManagedElement=1,vsDataSwManagement=1,vsDataPiuType=KRC161282/2_*",0,,,20150205,RRUS 12 B3,KRC 161 282/2,R1K,D16M736269,RRU,WGS84,0,0,0,,
cm_exp_20180419_150127.xml,2018-04-19T15:13:56Z,Undefined,ONRM_RootMo_R,eNODEb,0204ML,1,1,RRU-3,,,1,"SubNetwork=ONRM_RootMo_R,SubNetwork=eNODEb,MeContext=0204ML,ManagedElement=1,vsDataSwManagement=1,vsDataPiuType=KRC161282/2_*",0,,,20150212,RRUS 12 B3,KRC 161 282/2,R1K,D16M891328,RRU,WGS84,0,0,0,,
cm_exp_20180419_150146.xml,2018-04-19T15:13:56Z,Undefined,ONRM_RootMo_R,eNODEb,0205ML,1,1,RRU-1,,,1,"SubNetwork=ONRM_RootMo_R,SubNetwork=eNODEb,MeContext=0205ML,ManagedElement=1,vsDataSwManagement=1,vsDataPiuType=KRC161282/2_*",0,,,20151209,RRUS 12 B3,KRC 161 282/2,R1K,CR9F116593,RRU,WGS84,0,0,0,,
cm_exp_20180419_150146.xml,2018-04-19T15:13:56Z,Undefined,ONRM_RootMo_R,eNODEb,0205ML,1,1,RRU-2,,,1,"SubNetwork=ONRM_RootMo_R,SubNetwork=eNODEb,MeContext=0205ML,ManagedElement=1,vsDataSwManagement=1,vsDataPiuType=KRC161282/2_*",0,,,20151210,RRUS 12 B3,KRC 161 282/2,R1K,CR9F121491,RRU,WGS84,0,0,0,,
cm_exp_20180419_150146.xml,2018-04-19T15:13:56Z,Undefined,ONRM_RootMo_R,eNODEb,0205ML,1,1,RRU-3,,,1,"SubNetwork=ONRM_RootMo_R,SubNetwork=eNODEb,MeContext=0205ML,ManagedElement=1,vsDataSwManagement=1,vsDataPiuType=KRC161282/2_*",0,,,20151209,RRUS 12 B3,KRC 161 282/2,R1K,CR9F116607,RRU,WGS84,0,0,0,,
cm_exp_20180419_150215.xml,2018-04-19T15:13:56Z,Undefined,ONRM_RootMo_R,eNODEb,0225ML,1,1,RRU-1,,,1,"SubNetwork=ONRM_RootMo_R,SubNetwork=eNODEb,MeContext=0225ML,ManagedElement=1,vsDataSwManagement=1,vsDataPiuType=KRC161282/2_*",0,,,20151209,RRUS 12 B3,KRC 161 282/2,R1K,CR9F115516,RRU,WGS84,0,0,0,,
cm_exp_20180419_150215.xml,2018-04-19T15:13:56Z,Undefined,ONRM_RootMo_R,eNODEb,0225ML,1,1,RRU-2,,,1,"SubNetwork=ONRM_RootMo_R,SubNetwork=eNODEb,MeContext=0225ML,ManagedElement=1,vsDataSwManagement=1,vsDataPiuType=KRC161282/2_*",0,,,20151209,RRUS 12 B3,KRC 161 282/2,R1K,CR9F116617,RRU,WGS84,0,0,0,,
cm_exp_20180419_150215.xml,2018-04-19T15:13:56Z,Undefined,ONRM_RootMo_R,eNODEb,0225ML,1,1,RRU-3,,,1,"SubNetwork=ONRM_RootMo_R,SubNetwork=eNODEb,MeContext=0225ML,ManagedElement=1,vsDataSwManagement=1,vsDataPiuType=KRC161282/2_*",0,,,20151209,RRUS 12 B3,KRC 161 282/2,R1K,CR9F116652,RRU,WGS84,0,0,0,,
cm_exp_20180419_150249.xml,2018-04-19T15:13:56Z,Undefined,ONRM_RootMo_R,eNODEb,0230ML,1,1,RRU-1,,,1,"SubNetwork=ONRM_RootMo_R,SubNetwork=eNODEb,MeContext=0230ML,ManagedElement=1,vsDataSwManagement=1,vsDataPiuType=KRC161282/2_*",0,,,20150213,RRUS 12 B3,KRC 161 282/2,R1K,D16M912455,RRU,WGS84,0,0,0,,
cm_exp_20180419_150249.xml,2018-04-19T15:13:56Z,Undefined,ONRM_RootMo_R,eNODEb,0230ML,1,1,RRU-2,,,1,"SubNetwork=ONRM_RootMo_R,SubNetwork=eNODEb,MeContext=0230ML,ManagedElement=1,vsDataSwManagement=1,vsDataPiuType=KRC161282/2_*",0,,,20150212,RRUS 12 B3,KRC 161 282/2,R1K,D16M895821,RRU,WGS84,0,0,0,,
cm_exp_20180419_150249.xml,2018-04-19T15:13:56Z,Undefined,ONRM_RootMo_R,eNODEb,0230ML,1,1,RRU-3,,,1,"SubNetwork=ONRM_RootMo_R,SubNetwork=eNODEb,MeContext=0230ML,ManagedElement=1,vsDataSwManagement=1,vsDataPiuType=KRC161282/2_*",0,,,20150213,RRUS 12 B3,KRC 161 282/2,R1K,D16M912456,RRU,WGS84,0,0,0,,
cm_exp_20180419_150408.xml,2018-04-19T15:13:56Z,Undefined,ONRM_RootMo_R,eNODEb,0230ML,1,1,RRU-1,,,1,"SubNetwork=ONRM_RootMo_R,SubNetwork=eNODEb,MeContext=0230ML,ManagedElement=1,vsDataSwManagement=1,vsDataPiuType=KRC161282/2_*",0,,,20150213,RRUS 12 B3,KRC 161 282/2,R1K,D16M912455,RRU,WGS84,0,0,0,,
cm_exp_20180419_150408.xml,2018-04-19T15:13:56Z,Undefined,ONRM_RootMo_R,eNODEb,0230ML,1,1,RRU-2,,,1,"SubNetwork=ONRM_RootMo_R,SubNetwork=eNODEb,MeContext=0230ML,ManagedElement=1,vsDataSwManagement=1,vsDataPiuType=KRC161282/2_*",0,,,20150212,RRUS 12 B3,KRC 161 282/2,R1K,D16M895821,RRU,WGS84,0,0,0,,
cm_exp_20180419_150408.xml,2018-04-19T15:13:56Z,Undefined,ONRM_RootMo_R,eNODEb,0230ML,1,1,RRU-3,,,1,"SubNetwork=ONRM_RootMo_R,SubNetwork=eNODEb,MeContext=0230ML,ManagedElement=1,vsDataSwManagement=1,vsDataPiuType=KRC161282/2_*",0,,,20150213,RRUS 12 B3,KRC 161 282/2,R1K,D16M912456,RRU,WGS84,0,0,0,,
cm_exp_20180419_150451.xml,2018-04-19T15:13:56Z,Undefined,ONRM_RootMo_R,eNODEb,0243ML,1,1,RRU-1,,,1,"SubNetwork=ONRM_RootMo_R,SubNetwork=eNODEb,MeContext=0243ML,ManagedElement=1,vsDataSwManagement=1,vsDataPiuType=KRC161282/2_*",0,,,20150208,RRUS 12 B3,KRC 161 282/2,R1K,D16M787173,RRU,WGS84,0,0,0,,
cm_exp_20180419_150451.xml,2018-04-19T15:13:56Z,Undefined,ONRM_RootMo_R,eNODEb,0243ML,1,1,RRU-2,,,1,"SubNetwork=ONRM_RootMo_R,SubNetwork=eNODEb,MeContext=0243ML,ManagedElement=1,vsDataSwManagement=1,vsDataPiuType=KRC161282/2_*",0,,,20150208,RRUS 12 B3,KRC 161 282/2,R1K,D16M785576,RRU,WGS84,0,0,0,,
cm_exp_20180419_150451.xml,2018-04-19T15:13:56Z,Undefined,ONRM_RootMo_R,eNODEb,0243ML,1,1,RRU-3,,,1,"SubNetwork=ONRM_RootMo_R,SubNetwork=eNODEb,MeContext=0243ML,ManagedElement=1,vsDataSwManagement=1,vsDataPiuType=KRC161282/2_*",0,,,20150208,RRUS 12 B3,KRC 161 282/2,R1K,D16M787206,RRU,WGS84,0,0,0,,
cm_exp_20180419_150511.xml,2018-04-19T15:13:56Z,Undefined,ONRM_RootMo_R,eNODEb,0250ML,1,1,RU-1,,,1,"SubNetwork=ONRM_RootMo_R,SubNetwork=eNODEb,MeContext=0250ML,ManagedElement=1,vsDataSwManagement=1,vsDataPiuType=KRC11865/1_*",0,,,20110806,RUS 01 B3,KRC 118 65/1,R2A,CC46212075,RU,WGS84,0,0,0,,
cm_exp_20180419_150511.xml,2018-04-19T15:13:56Z,Undefined,ONRM_RootMo_R,eNODEb,0250ML,1,1,RU-2,,,1,"SubNetwork=ONRM_RootMo_R,SubNetwork=eNODEb,MeContext=0250ML,ManagedElement=1,vsDataSwManagement=1,vsDataPiuType=KRC161280/1_*",0,,,20160118,RUS 02 B3,KRC 161 280/1,R1L,D16R922976,RU,WGS84,0,0,0,,
cm_exp_20180419_150511.xml,2018-04-19T15:13:56Z,Undefined,ONRM_RootMo_R,eNODEb,0250ML,1,1,RU-3,,,1,"SubNetwork=ONRM_RootMo_R,SubNetwork=eNODEb,MeContext=0250ML,ManagedElement=1,vsDataSwManagement=1,vsDataPiuType=KRC11865/2_*",0,,,20120612,RUS 01 B3,KRC 118 65/2,R1F,D160833212,RU,WGS84,0,0,0,,
cm_exp_20180419_150511.xml,2018-04-19T15:13:56Z,Undefined,ONRM_RootMo_R,eNODEb,0250ML,1,1,RU-4,,,1,"SubNetwork=ONRM_RootMo_R,SubNetwork=eNODEb,MeContext=0250ML,ManagedElement=1,vsDataSwManagement=1,vsDataPiuType=KRC161280/1_*",0,,,20160118,RUS 02 B3,KRC 161 280/1,R1L,D16R920291,RU,WGS84,0,0,0,,
cm_exp_20180419_150511.xml,2018-04-19T15:13:56Z,Undefined,ONRM_RootMo_R,eNODEb,0250ML,1,1,RU-5,,,1,"SubNetwork=ONRM_RootMo_R,SubNetwork=eNODEb,MeContext=0250ML,ManagedElement=1,vsDataSwManagement=1,vsDataPiuType=KRC11865/2_*",0,,,20120612,RUS 01 B3,KRC 118 65/2,R1F,D160833213,RU,WGS84,0,0,0,,
cm_exp_20180419_150511.xml,2018-04-19T15:13:56Z,Undefined,ONRM_RootMo_R,eNODEb,0250ML,1,1,RU-6,,,1,"SubNetwork=ONRM_RootMo_R,SubNetwork=eNODEb,MeContext=0250ML,ManagedElement=1,vsDataSwManagement=1,vsDataPiuType=KRC161280/1_*",0,,,20160118,RUS 02 B3,KRC 161 280/1,R1L,D16R922962,RU,WGS84,0,0,0,,
cm_exp_20180419_150529.xml,2018-04-19T15:13:56Z,Undefined,ONRM_RootMo_R,eNODEb,0255ML,1,1,RRU-1,,,1,"SubNetwork=ONRM_RootMo_R,SubNetwork=eNODEb,MeContext=0255ML,ManagedElement=1,vsDataSwManagement=1,vsDataPiuType=KRC161282/2_*",0,,,20151209,RRUS 12 B3,KRC 161 282/2,R1K,CR9F116610,RRU,WGS84,0,0,0,,
cm_exp_20180419_150529.xml,2018-04-19T15:13:56Z,Undefined,ONRM_RootMo_R,eNODEb,0255ML,1,1,RRU-2,,,1,"SubNetwork=ONRM_RootMo_R,SubNetwork=eNODEb,MeContext=0255ML,ManagedElement=1,vsDataSwManagement=1,vsDataPiuType=KRC161282/2_*",0,,,20151209,RRUS 12 B3,KRC 161 282/2,R1K,CR9F115541,RRU,WGS84,0,0,0,,
cm_exp_20180419_150529.xml,2018-04-19T15:13:56Z,Undefined,ONRM_RootMo_R,eNODEb,0255ML,1,1,RRU-3,,,1,"SubNetwork=ONRM_RootMo_R,SubNetwork=eNODEb,MeContext=0255ML,ManagedElement=1,vsDataSwManagement=1,vsDataPiuType=KRC161282/2_*",0,,,20151209,RRUS 12 B3,KRC 161 282/2,R1K,CR9F116608,RRU,WGS84,0,0,0,,
cm_exp_20180419_150554.xml,2018-04-19T15:13:56Z,Undefined,ONRM_RootMo_R,eNODEb,0270ML,1,1,RRU-1,,,1,"SubNetwork=ONRM_RootMo_R,SubNetwork=eNODEb,MeContext=0270ML,ManagedElement=1,vsDataSwManagement=1,vsDataPiuType=KRC161282/2_*",0,,,20150213,RRUS 12 B3,KRC 161 282/2,R1K,D16M927298,RRU,WGS84,0,0,0,,
cm_exp_20180419_150554.xml,2018-04-19T15:13:56Z,Undefined,ONRM_RootMo_R,eNODEb,0270ML,1,1,RRU-2,,,1,"SubNetwork=ONRM_RootMo_R,SubNetwork=eNODEb,MeContext=0270ML,ManagedElement=1,vsDataSwManagement=1,vsDataPiuType=KRC161282/2_*",0,,,20150220,RRUS 12 B3,KRC 161 282/2,R1K,D16N127556,RRU,WGS84,0,0,0,,
cm_exp_20180419_150554.xml,2018-04-19T15:13:56Z,Undefined,ONRM_RootMo_R,eNODEb,0270ML,1,1,RRU-3,,,1,"SubNetwork=ONRM_RootMo_R,SubNetwork=eNODEb,MeContext=0270ML,ManagedElement=1,vsDataSwManagement=1,vsDataPiuType=KRC161282/2_*",0,,,20150213,RRUS 12 B3,KRC 161 282/2,R1K,D16M927364,RRU,WGS84,0,0,0,,
cm_exp_20180419_150618.xml,2018-04-19T15:13:56Z,Undefined,ONRM_RootMo_R,eNODEb,0304ML,1,1,RRU-1,,,1,"SubNetwork=ONRM_RootMo_R,SubNetwork=eNODEb,MeContext=0304ML,ManagedElement=1,vsDataSwManagement=1,vsDataPiuType=KRC161282/2_*",0,,,20151209,RRUS 12 B3,KRC 161 282/2,R1K,CR9F116635,RRU,WGS84,0,0,0,,
cm_exp_20180419_150618.xml,2018-04-19T15:13:56Z,Undefined,ONRM_RootMo_R,eNODEb,0304ML,1,1,RRU-2,,,1,"SubNetwork=ONRM_RootMo_R,SubNetwork=eNODEb,MeContext=0304ML,ManagedElement=1,vsDataSwManagement=1,vsDataPiuType=KRC161282/2_*",0,,,20151205,RRUS 12 B3,KRC 161 282/2,R1K,CR9F078261,RRU,WGS84,0,0,0,,
cm_exp_20180419_150618.xml,2018-04-19T15:13:56Z,Undefined,ONRM_RootMo_R,eNODEb,0304ML,1,1,RRU-3,,,1,"SubNetwork=ONRM_RootMo_R,SubNetwork=eNODEb,MeContext=0304ML,ManagedElement=1,vsDataSwManagement=1,vsDataPiuType=KRC161282/2_*",0,,,20151209,RRUS 12 B3,KRC 161 282/2,R1K,CR9F116655,RRU,WGS84,0,0,0,,
cm_exp_20180419_150643.xml,2018-04-19T15:13:56Z,Undefined,ONRM_RootMo_R,eNODEb,0312ML,1,1,RRU-1,,,1,"SubNetwork=ONRM_RootMo_R,SubNetwork=eNODEb,MeContext=0312ML,ManagedElement=1,vsDataSwManagement=1,vsDataPiuType=KRC161282/2_*",0,,,20150225,RRUS 12 B3,KRC 161 282/2,R1K,D16N275524,RRU,WGS84,0,0,0,,
cm_exp_20180419_150643.xml,2018-04-19T15:13:56Z,Undefined,ONRM_RootMo_R,eNODEb,0312ML,1,1,RRU-2,,,1,"SubNetwork=ONRM_RootMo_R,SubNetwork=eNODEb,MeContext=0312ML,ManagedElement=1,vsDataSwManagement=1,vsDataPiuType=KRC161282/2_*",0,,,20150303,RRUS 12 B3,KRC 161 282/2,R1K,D16N427452,RRU,WGS84,0,0,0,,
cm_exp_20180419_150643.xml,2018-04-19T15:13:56Z,Undefined,ONRM_RootMo_R,eNODEb,0312ML,1,1,RRU-3,,,1,"SubNetwork=ONRM_RootMo_R,SubNetwork=eNODEb,MeContext=0312ML,ManagedElement=1,vsDataSwManagement=1,vsDataPiuType=KRC161282/2_*",0,,,20150303,RRUS 12 B3,KRC 161 282/2,R1K,D16N427475,RRU,WGS84,0,0,0,,
cm_exp_20180419_150750.xml,2018-04-19T15:13:56Z,Undefined,ONRM_RootMo_R,eNODEb,0370ML,1,1,RRU-1,,,1,"SubNetwork=ONRM_RootMo_R,SubNetwork=eNODEb,MeContext=0370ML,ManagedElement=1,vsDataSwManagement=1,vsDataPiuType=KRC161282/2_*",0,,,20150212,RRUS 12 B3,KRC 161 282/2,R1K,D16M896700,RRU,WGS84,0,0,0,,
cm_exp_20180419_150750.xml,2018-04-19T15:13:56Z,Undefined,ONRM_RootMo_R,eNODEb,0370ML,1,1,RRU-2,,,1,"SubNetwork=ONRM_RootMo_R,SubNetwork=eNODEb,MeContext=0370ML,ManagedElement=1,vsDataSwManagement=1,vsDataPiuType=KRC161282/2_*",0,,,20150213,RRUS 12 B3,KRC 161 282/2,R1K,D16M913688,RRU,WGS84,0,0,0,,
cm_exp_20180419_150750.xml,2018-04-19T15:13:56Z,Undefined,ONRM_RootMo_R,eNODEb,0370ML,1,1,RRU-3,,,1,"SubNetwork=ONRM_RootMo_R,SubNetwork=eNODEb,MeContext=0370ML,ManagedElement=1,vsDataSwManagement=1,vsDataPiuType=KRC161282/2_*",0,,,20150213,RRUS 12 B3,KRC 161 282/2,R1K,D16M913672,RRU,WGS84,0,0,0,,
cm_exp_20180419_150814.xml,2018-04-19T15:13:56Z,Undefined,ONRM_RootMo_R,eNODEb,0378ML,1,1,RRU-1,,,1,"SubNetwork=ONRM_RootMo_R,SubNetwork=eNODEb,MeContext=0378ML,ManagedElement=1,vsDataSwManagement=1,vsDataPiuType=KRC161282/2_*",0,,,20151209,RRUS 12 B3,KRC 161 282/2,R1K,CR9F116640,RRU,WGS84,0,0,0,,
cm_exp_20180419_150814.xml,2018-04-19T15:13:56Z,Undefined,ONRM_RootMo_R,eNODEb,0378ML,1,1,RRU-2,,,1,"SubNetwork=ONRM_RootMo_R,SubNetwork=eNODEb,MeContext=0378ML,ManagedElement=1,vsDataSwManagement=1,vsDataPiuType=KRC161282/2_*",0,,,20151209,RRUS 12 B3,KRC 161 282/2,R1K,CR9F116654,RRU,WGS84,0,0,0,,
cm_exp_20180419_150814.xml,2018-04-19T15:13:56Z,Undefined,ONRM_RootMo_R,eNODEb,0378ML,1,1,RRU-3,,,1,"SubNetwork=ONRM_RootMo_R,SubNetwork=eNODEb,MeContext=0378ML,ManagedElement=1,vsDataSwManagement=1,vsDataPiuType=KRC161282/2_*",0,,,20151209,RRUS 12 B3,KRC 161 282/2,R1K,CR9F116642,RRU,WGS84,0,0,0,,
cm_exp_20180419_150846.xml,2018-04-19T15:13:56Z,Undefined,ONRM_RootMo_R,eNODEb,0380ML,1,1,RU-1,,,1,"SubNetwork=ONRM_RootMo_R,SubNetwork=eNODEb,MeContext=0380ML,ManagedElement=1,vsDataSwManagement=1,vsDataPiuType=KRC161280/1_*",0,,,20141004,RUS 02 B3,KRC 161 280/1,R1G,D16J406610,RU,WGS84,0,0,0,,
cm_exp_20180419_150846.xml,2018-04-19T15:13:56Z,Undefined,ONRM_RootMo_R,eNODEb,0380ML,1,1,RU-2,,,1,"SubNetwork=ONRM_RootMo_R,SubNetwork=eNODEb,MeContext=0380ML,ManagedElement=1,vsDataSwManagement=1,vsDataPiuType=KRC11865/1_*",0,,,20110802,RUS 01 B3,KRC 118 65/1,R2A,CC46155632,RU,WGS84,0,0,0,,
cm_exp_20180419_150846.xml,2018-04-19T15:13:56Z,Undefined,ONRM_RootMo_R,eNODEb,0380ML,1,1,RU-3,,,1,"SubNetwork=ONRM_RootMo_R,SubNetwork=eNODEb,MeContext=0380ML,ManagedElement=1,vsDataSwManagement=1,vsDataPiuType=KRC161280/1_*",0,,,20160118,RUS 02 B3,KRC 161 280/1,R1L,D16R920278,RU,WGS84,0,0,0,,
cm_exp_20180419_150846.xml,2018-04-19T15:13:56Z,Undefined,ONRM_RootMo_R,eNODEb,0380ML,1,1,RU-4,,,1,"SubNetwork=ONRM_RootMo_R,SubNetwork=eNODEb,MeContext=0380ML,ManagedElement=1,vsDataSwManagement=1,vsDataPiuType=KRC11865/2_*",0,,,20120612,RUS 01 B3,KRC 118 65/2,R1F,D160832458,RU,WGS84,0,0,0,,
cm_exp_20180419_150846.xml,2018-04-19T15:13:56Z,Undefined,ONRM_RootMo_R,eNODEb,0380ML,1,1,RU-5,,,1,"SubNetwork=ONRM_RootMo_R,SubNetwork=eNODEb,MeContext=0380ML,ManagedElement=1,vsDataSwManagement=1,vsDataPiuType=KRC161280/1_*",0,,,20160118,RUS 02 B3,KRC 161 280/1,R1L,D16R920214,RU,WGS84,0,0,0,,
cm_exp_20180419_150846.xml,2018-04-19T15:13:56Z,Undefined,ONRM_RootMo_R,eNODEb,0380ML,1,1,RU-6,,,1,"SubNetwork=ONRM_RootMo_R,SubNetwork=eNODEb,MeContext=0380ML,ManagedElement=1,vsDataSwManagement=1,vsDataPiuType=KRC11865/2_*",0,,,20120926,RUS 01 B3,KRC 118 65/2,R1F,D162879341,RU,WGS84,0,0,0,,
cm_exp_20180419_150917.xml,2018-04-19T15:13:56Z,Undefined,ONRM_RootMo_R,eNODEb,0430ML,1,1,RRU-1,,,1,"SubNetwork=ONRM_RootMo_R,SubNetwork=eNODEb,MeContext=0430ML,ManagedElement=1,vsDataSwManagement=1,vsDataPiuType=KRC161282/2_*",0,,,20151205,RRUS 12 B3,KRC 161 282/2,R1K,CR9F078262,RRU,WGS84,0,0,0,,
cm_exp_20180419_150917.xml,2018-04-19T15:13:56Z,Undefined,ONRM_RootMo_R,eNODEb,0430ML,1,1,RRU-2,,,1,"SubNetwork=ONRM_RootMo_R,SubNetwork=eNODEb,MeContext=0430ML,ManagedElement=1,vsDataSwManagement=1,vsDataPiuType=KRC161282/2_*",0,,,20150207,RRUS 12 B3,KRC 161 282/2,R1K,D16M778349,RRU,WGS84,0,0,0,,
cm_exp_20180419_150917.xml,2018-04-19T15:13:56Z,Undefined,ONRM_RootMo_R,eNODEb,0430ML,1,1,RRU-3,,,1,"SubNetwork=ONRM_RootMo_R,SubNetwork=eNODEb,MeContext=0430ML,ManagedElement=1,vsDataSwManagement=1,vsDataPiuType=KRC161282/2_*",0,,,20150207,RRUS 12 B3,KRC 161 282/2,R1K,D16M778353,RRU,WGS84,0,0,0,,
cm_exp_20180419_150943.xml,2018-04-19T15:13:56Z,Undefined,ONRM_RootMo_R,eNODEb,0445ML,1,1,RU-1,,,1,"SubNetwork=ONRM_RootMo_R,SubNetwork=eNODEb,MeContext=0445ML,ManagedElement=1,vsDataSwManagement=1,vsDataPiuType=KRC11865/2_*",0,,,20130404,RUS 01 B3,KRC 118 65/2,R2D,D166589507,RU,WGS84,0,0,0,,
cm_exp_20180419_150943.xml,2018-04-19T15:13:56Z,Undefined,ONRM_RootMo_R,eNODEb,0445ML,1,1,RU-2,,,1,"SubNetwork=ONRM_RootMo_R,SubNetwork=eNODEb,MeContext=0445ML,ManagedElement=1,vsDataSwManagement=1,vsDataPiuType=KRC11865/2_*",0,,,20120926,RUS 01 B3,KRC 118 65/2,R1F,D162879342,RU,WGS84,0,0,0,,
cm_exp_20180419_150943.xml,2018-04-19T15:13:56Z,Undefined,ONRM_RootMo_R,eNODEb,0445ML,1,1,RU-3,,,1,"SubNetwork=ONRM_RootMo_R,SubNetwork=eNODEb,MeContext=0445ML,ManagedElement=1,vsDataSwManagement=1,vsDataPiuType=KRC11865/1_*",0,,,20110805,RUS 01 B3,KRC 118 65/1,R2A,CC46194004,RU,WGS84,0,0,0,,
cm_exp_20180419_150943.xml,2018-04-19T15:13:56Z,Undefined,ONRM_RootMo_R,eNODEb,0445ML,1,1,RU-4,,,1,"SubNetwork=ONRM_RootMo_R,SubNetwork=eNODEb,MeContext=0445ML,ManagedElement=1,vsDataSwManagement=1,vsDataPiuType=KRC11865/2_*",0,,,20120926,RUS 01 B3,KRC 118 65/2,R1F,D162879375,RU,WGS84,0,0,0,,
cm_exp_20180419_150943.xml,2018-04-19T15:13:56Z,Undefined,ONRM_RootMo_R,eNODEb,0445ML,1,1,RU-5,,,1,"SubNetwork=ONRM_RootMo_R,SubNetwork=eNODEb,MeContext=0445ML,ManagedElement=1,vsDataSwManagement=1,vsDataPiuType=KRC11865/2_*",0,,,20120925,RUS 01 B3,KRC 118 65/2,R1F,D162851879,RU,WGS84,0,0,0,,
cm_exp_20180419_150943.xml,2018-04-19T15:13:56Z,Undefined,ONRM_RootMo_R,eNODEb,0445ML,1,1,RU-6,,,1,"SubNetwork=ONRM_RootMo_R,SubNetwork=eNODEb,MeContext=0445ML,ManagedElement=1,vsDataSwManagement=1,vsDataPiuType=KRC11865/2_*",0,,,20120926,RUS 01 B3,KRC 118 65/2,R1F,D162879345,RU,WGS84,0,0,0,,
cm_exp_20180419_151002.xml,2018-04-19T15:13:56Z,Undefined,ONRM_RootMo_R,eNODEb,0447ML,1,1,RRU-1,,,1,"SubNetwork=ONRM_RootMo_R,SubNetwork=eNODEb,MeContext=0447ML,ManagedElement=1,vsDataSwManagement=1,vsDataPiuType=KRC161282/2_*",0,,,20150212,RRUS 12 B3,KRC 161 282/2,R1K,D16M895845,RRU,WGS84,0,0,0,,
cm_exp_20180419_151002.xml,2018-04-19T15:13:56Z,Undefined,ONRM_RootMo_R,eNODEb,0447ML,1,1,RRU-2,,,1,"SubNetwork=ONRM_RootMo_R,SubNetwork=eNODEb,MeContext=0447ML,ManagedElement=1,vsDataSwManagement=1,vsDataPiuType=KRC161282/2_*",0,,,20150212,RRUS 12 B3,KRC 161 282/2,R1K,D16M895849,RRU,WGS84,0,0,0,,
cm_exp_20180419_151002.xml,2018-04-19T15:13:56Z,Undefined,ONRM_RootMo_R,eNODEb,0447ML,1,1,RRU-3,,,1,"SubNetwork=ONRM_RootMo_R,SubNetwork=eNODEb,MeContext=0447ML,ManagedElement=1,vsDataSwManagement=1,vsDataPiuType=KRC161282/2_*",0,,,20150212,RRUS 12 B3,KRC 161 282/2,R1K,D16M896669,RRU,WGS84,0,0,0,,
cm_exp_20180419_151042.xml,2018-04-19T15:13:56Z,Undefined,ONRM_RootMo_R,eNODEb,0468ML,1,1,RU-1,,,1,"SubNetwork=ONRM_RootMo_R,SubNetwork=eNODEb,MeContext=0468ML,ManagedElement=1,vsDataSwManagement=1,vsDataPiuType=KRC11865/2_*",0,,,,,,,,RU,WGS84,0,0,0,,
cm_exp_20180419_151042.xml,2018-04-19T15:13:56Z,Undefined,ONRM_RootMo_R,eNODEb,0468ML,1,1,RU-2,,,1,"SubNetwork=ONRM_RootMo_R,SubNetwork=eNODEb,MeContext=0468ML,ManagedElement=1,vsDataSwManagement=1,vsDataPiuType=KRC11865/2_*",0,,,20120911,RUS 01 B3,KRC 118 65/2,R1F,CB4N766111,RU,WGS84,0,0,0,,
cm_exp_20180419_151042.xml,2018-04-19T15:13:56Z,Undefined,ONRM_RootMo_R,eNODEb,0468ML,1,1,RU-3,,,1,"SubNetwork=ONRM_RootMo_R,SubNetwork=eNODEb,MeContext=0468ML,ManagedElement=1,vsDataSwManagement=1,vsDataPiuType=KRC11865/2_*",0,,,20120926,RUS 01 B3,KRC 118 65/2,R1F,D162874151,RU,WGS84,0,0,0,,
cm_exp_20180419_151042.xml,2018-04-19T15:13:56Z,Undefined,ONRM_RootMo_R,eNODEb,0468ML,1,1,RU-4,,,1,"SubNetwork=ONRM_RootMo_R,SubNetwork=eNODEb,MeContext=0468ML,ManagedElement=1,vsDataSwManagement=1,vsDataPiuType=KRC11865/2_*",0,,,20120912,RUS 01 B3,KRC 118 65/2,R1F,CB4N772787,RU,WGS84,0,0,0,,
cm_exp_20180419_151042.xml,2018-04-19T15:13:56Z,Undefined,ONRM_RootMo_R,eNODEb,0468ML,1,1,RU-5,,,1,"SubNetwork=ONRM_RootMo_R,SubNetwork=eNODEb,MeContext=0468ML,ManagedElement=1,vsDataSwManagement=1,vsDataPiuType=KRC11865/2_*",0,,,20120926,RUS 01 B3,KRC 118 65/2,R1F,D162874175,RU,WGS84,0,0,0,,
cm_exp_20180419_151042.xml,2018-04-19T15:13:56Z,Undefined,ONRM_RootMo_R,eNODEb,0468ML,1,1,RU-6,,,1,"SubNetwork=ONRM_RootMo_R,SubNetwork=eNODEb,MeContext=0468ML,ManagedElement=1,vsDataSwManagement=1,vsDataPiuType=KRC11865/2_*",0,,,20120911,RUS 01 B3,KRC 118 65/2,R1F,CB4N766118,RU,WGS84,0,0,0,,
cm_exp_20180419_151106.xml,2018-04-19T15:13:56Z,Undefined,ONRM_RootMo_R,eNODEb,0474ML,1,1,RU-1-1,1,1,1,"SubNetwork=ONRM_RootMo_R,SubNetwork=eNODEb,MeContext=0474ML,ManagedElement=1,vsDataSwManagement=1,vsDataPiuType=KRC161282/2_*",0,,,20130419,RRUS 12 B3,KRC 161 282/2,R1F,C826977392,RRU,WGS84,0,0,0,,
cm_exp_20180419_151106.xml,2018-04-19T15:13:56Z,Undefined,ONRM_RootMo_R,eNODEb,0474ML,1,1,RU-1-2,1,2,1,"SubNetwork=ONRM_RootMo_R,SubNetwork=eNODEb,MeContext=0474ML,ManagedElement=1,vsDataSwManagement=1,vsDataPiuType=KRC161282/2_*",0,,,20130503,RRUS 12 B3,KRC 161 282/2,R1F,C827003544,RRU,WGS84,0,0,0,,
cm_exp_20180419_151106.xml,2018-04-19T15:13:56Z,Undefined,ONRM_RootMo_R,eNODEb,0474ML,1,1,RU-1-3,1,3,1,"SubNetwork=ONRM_RootMo_R,SubNetwork=eNODEb,MeContext=0474ML,ManagedElement=1,vsDataSwManagement=1,vsDataPiuType=KRC161282/2_*",0,,,20130501,RRUS 12 B3,KRC 161 282/2,R1F,C826999962,RRU,WGS84,0,0,0,,
cm_exp_20180419_151217.xml,2018-04-19T15:13:56Z,Undefined,ONRM_RootMo_R,eNODEb,0573ML,1,1,RRU-1,,,1,"SubNetwork=ONRM_RootMo_R,SubNetwork=eNODEb,MeContext=0573ML,ManagedElement=1,vsDataSwManagement=1,vsDataPiuType=KRC11873/2_*",0,,,20121106,RRUS 01 B3,KRC 118 73/2,R1F,D163751319,RRU,WGS84,0,0,0,,
cm_exp_20180419_151217.xml,2018-04-19T15:13:56Z,Undefined,ONRM_RootMo_R,eNODEb,0573ML,1,1,RRU-2,,,1,"SubNetwork=ONRM_RootMo_R,SubNetwork=eNODEb,MeContext=0573ML,ManagedElement=1,vsDataSwManagement=1,vsDataPiuType=KRC11873/2_*",0,,,20121020,RRUS 01 B3,KRC 118 73/2,R1F,D163365515,RRU,WGS84,0,0,0,,
cm_exp_20180419_151217.xml,2018-04-19T15:13:56Z,Undefined,ONRM_RootMo_R,eNODEb,0573ML,1,1,RRU-3,,,1,"SubNetwork=ONRM_RootMo_R,SubNetwork=eNODEb,MeContext=0573ML,ManagedElement=1,vsDataSwManagement=1,vsDataPiuType=KRC11873/2_*",0,,,20121106,RRUS 01 B3,KRC 118 73/2,R1F,D163761651,RRU,WGS84,0,0,0,,
cm_exp_20180419_151217.xml,2018-04-19T15:13:56Z,Undefined,ONRM_RootMo_R,eNODEb,0573ML,1,1,RRU-4,,,1,"SubNetwork=ONRM_RootMo_R,SubNetwork=eNODEb,MeContext=0573ML,ManagedElement=1,vsDataSwManagement=1,vsDataPiuType=KRC11873/2_*",0,,,20121106,RRUS 01 B3,KRC 118 73/2,R1F,D163761539,RRU,WGS84,0,0,0,,
cm_exp_20180419_151217.xml,2018-04-19T15:13:56Z,Undefined,ONRM_RootMo_R,eNODEb,0573ML,1,1,RRU-5,,,1,"SubNetwork=ONRM_RootMo_R,SubNetwork=eNODEb,MeContext=0573ML,ManagedElement=1,vsDataSwManagement=1,vsDataPiuType=KRC11873/2_*",0,,,20121106,RRUS 01 B3,KRC 118 73/2,R1F,D163761632,RRU,WGS84,0,0,0,,
cm_exp_20180419_151217.xml,2018-04-19T15:13:56Z,Undefined,ONRM_RootMo_R,eNODEb,0573ML,1,1,RRU-6,,,1,"SubNetwork=ONRM_RootMo_R,SubNetwork=eNODEb,MeContext=0573ML,ManagedElement=1,vsDataSwManagement=1,vsDataPiuType=KRC11873/2_*",0,,,20121106,RRUS 01 B3,KRC 118 73/2,R1F,D163761547,RRU,WGS84,0,0,0,,
cm_exp_20180419_151236.xml,2018-04-19T15:13:56Z,Undefined,ONRM_RootMo_R,eNODEb,0620ML,1,1,RRU-1,,,1,"SubNetwork=ONRM_RootMo_R,SubNetwork=eNODEb,MeContext=0620ML,ManagedElement=1,vsDataSwManagement=1,vsDataPiuType=KRC11873/2_*",0,,,20121106,RRUS 01 B3,KRC 118 73/2,R1F,D163751381,RRU,WGS84,0,0,0,,
cm_exp_20180419_151236.xml,2018-04-19T15:13:56Z,Undefined,ONRM_RootMo_R,eNODEb,0620ML,1,1,RRU-2,,,1,"SubNetwork=ONRM_RootMo_R,SubNetwork=eNODEb,MeContext=0620ML,ManagedElement=1,vsDataSwManagement=1,vsDataPiuType=KRC11873/2_*",0,,,20111123,RRUS 01 B3,KRC 118 73/2,R1F,CB4L448252,RRU,WGS84,0,0,0,,
cm_exp_20180419_151236.xml,2018-04-19T15:13:56Z,Undefined,ONRM_RootMo_R,eNODEb,0620ML,1,1,RRU-3,,,1,"SubNetwork=ONRM_RootMo_R,SubNetwork=eNODEb,MeContext=0620ML,ManagedElement=1,vsDataSwManagement=1,vsDataPiuType=KRC11873/2_*",0,,,20121106,RRUS 01 B3,KRC 118 73/2,R1F,D163761588,RRU,WGS84,0,0,0,,
cm_exp_20180419_151236.xml,2018-04-19T15:13:56Z,Undefined,ONRM_RootMo_R,eNODEb,0620ML,1,1,RRU-4,,,1,"SubNetwork=ONRM_RootMo_R,SubNetwork=eNODEb,MeContext=0620ML,ManagedElement=1,vsDataSwManagement=1,vsDataPiuType=KRC11873/2_*",0,,,20111011,RRUS 01 B3,KRC 118 73/2,R1F,CB4K944065,RRU,WGS84,0,0,0,,
cm_exp_20180419_151236.xml,2018-04-19T15:13:56Z,Undefined,ONRM_RootMo_R,eNODEb,0620ML,1,1,RRU-5,,,1,"SubNetwork=ONRM_RootMo_R,SubNetwork=eNODEb,MeContext=0620ML,ManagedElement=1,vsDataSwManagement=1,vsDataPiuType=KRC11873/2_*",0,,,20121020,RRUS 01 B3,KRC 118 73/2,R1F,D163352536,RRU,WGS84,0,0,0,,
cm_exp_20180419_151236.xml,2018-04-19T15:13:56Z,Undefined,ONRM_RootMo_R,eNODEb,0620ML,1,1,RRU-6,,,1,"SubNetwork=ONRM_RootMo_R,SubNetwork=eNODEb,MeContext=0620ML,ManagedElement=1,vsDataSwManagement=1,vsDataPiuType=KRC11873/2_*",0,,,20111126,RRUS 01 B3,KRC 118 73/2,R1F,CB4L483895,RRU,WGS84,0,0,0,,
cm_exp_20180419_151301.xml,2018-04-19T15:13:56Z,Undefined,ONRM_RootMo_R,eNODEb,0876ML,1,1,RRU-1,,,1,"SubNetwork=ONRM_RootMo_R,SubNetwork=eNODEb,MeContext=0876ML,ManagedElement=1,vsDataSwManagement=1,vsDataPiuType=KRC11873/2_*",0,,,20121020,RRUS 01 B3,KRC 118 73/2,R1F,D163352518,RRU,WGS84,0,0,0,,
cm_exp_20180419_151301.xml,2018-04-19T15:13:56Z,Undefined,ONRM_RootMo_R,eNODEb,0876ML,1,1,RRU-2,,,1,"SubNetwork=ONRM_RootMo_R,SubNetwork=eNODEb,MeContext=0876ML,ManagedElement=1,vsDataSwManagement=1,vsDataPiuType=KRC11873/2_*",0,,,20121020,RRUS 01 B3,KRC 118 73/2,R1F,D163365550,RRU,WGS84,0,0,0,,
cm_exp_20180419_151301.xml,2018-04-19T15:13:56Z,Undefined,ONRM_RootMo_R,eNODEb,0876ML,1,1,RRU-3,,,1,"SubNetwork=ONRM_RootMo_R,SubNetwork=eNODEb,MeContext=0876ML,ManagedElement=1,vsDataSwManagement=1,vsDataPiuType=KRC11873/2_*",0,,,20121020,RRUS 01 B3,KRC 118 73/2,R1F,D163350812,RRU,WGS84,0,0,0,,
cm_exp_20180419_151301.xml,2018-04-19T15:13:56Z,Undefined,ONRM_RootMo_R,eNODEb,0876ML,1,1,RRU-4,,,1,"SubNetwork=ONRM_RootMo_R,SubNetwork=eNODEb,MeContext=0876ML,ManagedElement=1,vsDataSwManagement=1,vsDataPiuType=KRC11873/2_*",0,,,20121106,RRUS 01 B3,KRC 118 73/2,R1F,D163761571,RRU,WGS84,0,0,0,,
cm_exp_20180419_151301.xml,2018-04-19T15:13:56Z,Undefined,ONRM_RootMo_R,eNODEb,0876ML,1,1,RRU-5,,,1,"SubNetwork=ONRM_RootMo_R,SubNetwork=eNODEb,MeContext=0876ML,ManagedElement=1,vsDataSwManagement=1,vsDataPiuType=KRC11873/2_*",0,,,20121020,RRUS 01 B3,KRC 118 73/2,R1F,D163352537,RRU,WGS84,0,0,0,,
cm_exp_20180419_151301.xml,2018-04-19T15:13:56Z,Undefined,ONRM_RootMo_R,eNODEb,0876ML,1,1,RRU-6,,,1,"SubNetwork=ONRM_RootMo_R,SubNetwork=eNODEb,MeContext=0876ML,ManagedElement=1,vsDataSwManagement=1,vsDataPiuType=KRC11873/2_*",0,,,20121106,RRUS 01 B3,KRC 118 73/2,R1F,D163751376,RRU,WGS84,0,0,0,,
cm_exp_20180419_151348.xml,2018-04-19T15:13:56Z,Undefined,ONRM_RootMo_R,eNODEb,0983ML,1,1,RRU-1,,,1,"SubNetwork=ONRM_RootMo_R,SubNetwork=eNODEb,MeContext=0983ML,ManagedElement=1,vsDataSwManagement=1,vsDataPiuType=KRC161282/2_*",0,,,20161121,RRUS 12 B3,KRC 161 282/2,R2J,D16V172186,RRU,WGS84,0,0,0,,
cm_exp_20180419_151348.xml,2018-04-19T15:13:56Z,Undefined,ONRM_RootMo_R,eNODEb,0983ML,1,1,RRU-2,,,1,"SubNetwork=ONRM_RootMo_R,SubNetwork=eNODEb,MeContext=0983ML,ManagedElement=1,vsDataSwManagement=1,vsDataPiuType=KRC161282/2_*",0,,,20161121,RRUS 12 B3,KRC 161 282/2,R2J,D16V172185,RRU,WGS84,0,0,0,,
cm_exp_20180419_151348.xml,2018-04-19T15:13:56Z,Undefined,ONRM_RootMo_R,eNODEb,0983ML,1,1,RRU-3,,,1,"SubNetwork=ONRM_RootMo_R,SubNetwork=eNODEb,MeContext=0983ML,ManagedElement=1,vsDataSwManagement=1,vsDataPiuType=KRC161282/2_*",0,,,20161121,RRUS 12 B3,KRC 161 282/2,R2J,D16V172180,RRU,WGS84,0,0,0,,
